Num_Civico;strada;cap;sobborgo
3;660;38122;Trento
3;660;38122;Trento
2;770;38123;Trento
6;980;38122;Trento
7;980;38122;Trento
3;1040;38122;Trento
5;1040;38122;Trento
7;1040;38122;Trento
4;1710;38122;Trento
5;1710;38122;Trento
6;1710;38122;Trento
7;1710;38122;Trento
8;1710;38122;Trento
21;1890;38122;Trento
26;2120;38122;Trento
7;2140;38122;Trento
9;2140;38122;Trento
25;2640;38122;Trento
5;5790;38121;Gardolo
8;7080;38123;Trento
36;7350;38123;Povo
6;7355;38123;Povo
6;7355;38123;Povo
7;7355;38123;Povo
3;7385;38123;Povo
24;7390;38123;Povo
6;7425;38123;Povo
1;7480;38123;Povo
59;8018;38123;Sopramonte
1;8055;38123;Sopramonte
52;8066;38123;Sopramonte
33;8122;38123;Cadine
12;8136;38123;Cadine
55;8414;38121;Meano
5;8467;38121;Meano
1;8512;38121;Meano
77;8750;38123;Ravina
13;8770;38123;Ravina
17-feb;8780;38123;Ravina
46;8940;38123;Romagnano
2;10;38122;Trento
02-gen;10;38122;Trento
4;10;38122;Trento
04-gen;10;38122;Trento
04-feb;10;38122;Trento
04-mar;10;38122;Trento
6;10;38122;Trento
7;10;38122;Trento
8;10;38122;Trento
8;10;38122;Trento
8;10;38122;Trento
10;10;38122;Trento
10;10;38122;Trento
10;10;38122;Trento
10;10;38122;Trento
11;10;38122;Trento
11;10;38122;Trento
11;10;38122;Trento
12;10;38122;Trento
12;10;38122;Trento
13;10;38122;Trento
13;10;38122;Trento
14;10;38122;Trento
14;10;38122;Trento
1;20;38121;Trento
2;20;38121;Trento
2;20;38121;Trento
3;20;38121;Trento
5;20;38121;Trento
7;20;38121;Trento
9;20;38121;Trento
9;20;38121;Trento
13;20;38121;Trento
13;20;38121;Trento
13-gen;20;38121;Trento
15;20;38121;Trento
15;20;38121;Trento
17;20;38121;Trento
19;20;38121;Trento
21;20;38121;Trento
23;20;38121;Trento
25;20;38121;Trento
25;20;38121;Trento
27;20;38121;Trento
29;20;38121;Trento
31;20;38121;Trento
33;20;38121;Trento
33;20;38121;Trento
35;20;38121;Trento
35/A;20;38121;Trento
35/B;20;38121;Trento
37;20;38121;Trento
37/A;20;38121;Trento
39;20;38121;Trento
39;20;38121;Trento
41;20;38121;Trento
43;20;38121;Trento
45;20;38121;Trento
47;20;38121;Trento
49;20;38121;Trento
1;30;38122;Trento
2;30;38122;Trento
3;30;38122;Trento
5;30;38122;Trento
6;30;38122;Trento
7;30;38122;Trento
9;30;38122;Trento
11;30;38122;Trento
13;30;38122;Trento
15;30;38122;Trento
17;30;38122;Trento
19;30;38122;Trento
21;30;38122;Trento
23;30;38122;Trento
25;30;38122;Trento
1;40;38122;Trento
1;40;38122;Trento
1;40;38122;Trento
1/A;40;38122;Trento
1/A;40;38122;Trento
1/B;40;38122;Trento
1/B;40;38122;Trento
1/B;40;38122;Trento
2;40;38122;Trento
3;40;38122;Trento
3;40;38122;Trento
4;40;38122;Trento
4;40;38122;Trento
4;40;38122;Trento
5;40;38122;Trento
5;40;38122;Trento
6;40;38122;Trento
6;40;38122;Trento
7;40;38122;Trento
7;40;38122;Trento
7/A;40;38122;Trento
7/A;40;38122;Trento
8;40;38122;Trento
8;40;38122;Trento
9;40;38122;Trento
9;40;38122;Trento
10;40;38122;Trento
10;40;38122;Trento
11;40;38122;Trento
11;40;38122;Trento
11;40;38122;Trento
12;40;38122;Trento
12;40;38122;Trento
13;40;38122;Trento
13;40;38122;Trento
15;40;38122;Trento
15;40;38122;Trento
15;40;38122;Trento
17;40;38122;Trento
17;40;38122;Trento
17/A;40;38122;Trento
18;40;38122;Trento
20;40;38122;Trento
22;40;38122;Trento
24;40;38122;Trento
24;40;38122;Trento
28;40;38122;Trento
28;40;38122;Trento
28;40;38122;Trento
30;40;38122;Trento
30;40;38122;Trento
30;40;38122;Trento
32;40;38122;Trento
34;40;38122;Trento
34;40;38122;Trento
36;40;38122;Trento
38;40;38122;Trento
38;40;38122;Trento
40;40;38122;Trento
42;40;38122;Trento
42;40;38122;Trento
44;40;38122;Trento
46;40;38122;Trento
48;40;38122;Trento
1;50;38122;Trento
2;50;38122;Trento
3;50;38122;Trento
4;50;38122;Trento
5;50;38122;Trento
6;50;38122;Trento
6;50;38122;Trento
06-gen;50;38122;Trento
7;50;38122;Trento
7;50;38122;Trento
8;50;38122;Trento
9;50;38122;Trento
10;50;38122;Trento
11;50;38122;Trento
12;50;38122;Trento
13;50;38122;Trento
14;50;38122;Trento
1;60;38122;Trento
2;60;38122;Trento
3;60;38122;Trento
4;60;38122;Trento
5;60;38122;Trento
6;60;38122;Trento
6;60;38122;Trento
7;60;38122;Trento
8;60;38122;Trento
9;60;38122;Trento
10;60;38122;Trento
11;60;38122;Trento
12;60;38122;Trento
13;60;38122;Trento
14;60;38122;Trento
15;60;38122;Trento
16;60;38122;Trento
16;60;38122;Trento
16;60;38122;Trento
17;60;38122;Trento
18;60;38122;Trento
19;60;38122;Trento
21;60;38122;Trento
23;60;38122;Trento
25;60;38122;Trento
25;60;38122;Trento
27;60;38122;Trento
29;60;38122;Trento
31;60;38122;Trento
31;60;38122;Trento
31;60;38122;Trento
31;60;38122;Trento
3;70;38122;Trento
4;70;38122;Trento
5;70;38122;Trento
1;80;38122;Trento
4;80;38122;Trento
5;80;38122;Trento
6;90;38122;Trento
9;90;38122;Trento
11;90;38122;Trento
13;90;38122;Trento
1;100;38121;Trento
2;100;38121;Trento
3;100;38121;Trento
4;100;38121;Trento
5;100;38121;Trento
6;100;38121;Trento
7;100;38121;Trento
8;100;38121;Trento
9;100;38121;Trento
11-gen;100;38121;Trento
11-feb;100;38121;Trento
11-apr;100;38121;Trento
11-mag;100;38121;Trento
11-giu;100;38121;Trento
11-lug;100;38121;Trento
13;100;38121;Trento
14;100;38121;Trento
15/A;100;38121;Trento
15/A;100;38121;Trento
15/B;100;38121;Trento
15/C;100;38121;Trento
15/D;100;38121;Trento
15/E;100;38121;Trento
15/F;100;38121;Trento
15/G;100;38121;Trento
15/H;100;38121;Trento
15/I;100;38121;Trento
15/L;100;38121;Trento
15/M;100;38121;Trento
15/N;100;38121;Trento
16;100;38121;Trento
4;160;38122;Trento
16-gen;100;38121;Trento
16-feb;100;38121;Trento
16-mar;100;38121;Trento
18;100;38121;Trento
18-gen;100;38121;Trento
19;100;38121;Trento
20;100;38121;Trento
21;100;38121;Trento
22;100;38121;Trento
23;100;38121;Trento
24;100;38121;Trento
25;100;38121;Trento
26;100;38121;Trento
26;100;38121;Trento
26;100;38121;Trento
26;100;38121;Trento
26;100;38121;Trento
27;100;38121;Trento
28;100;38121;Trento
29;100;38121;Trento
31;100;38121;Trento
1;110;38122;Trento
1;110;38122;Trento
2;110;38122;Trento
2;110;38122;Trento
3;110;38122;Trento
3;110;38122;Trento
4;110;38122;Trento
4;110;38122;Trento
6;110;38122;Trento
6;110;38122;Trento
6;110;38122;Trento
10;110;38122;Trento
1;120;38122;Trento
2;120;38122;Trento
3;120;38122;Trento
3;120;38122;Trento
4;120;38122;Trento
5;120;38122;Trento
6;120;38122;Trento
7;120;38122;Trento
7;120;38122;Trento
8;120;38122;Trento
10;120;38122;Trento
12;120;38122;Trento
14;120;38122;Trento
16;120;38122;Trento
18;120;38122;Trento
20;120;38122;Trento
6;130;38122;Trento
7;130;38122;Trento
8;130;38122;Trento
9;130;38122;Trento
10;130;38122;Trento
11;130;38122;Trento
12;130;38122;Trento
13;130;38122;Trento
14;130;38122;Trento
15;130;38122;Trento
16;130;38122;Trento
17;130;38122;Trento
18;130;38122;Trento
19;130;38122;Trento
1;140;38122;Trento
2;140;38122;Trento
02-gen;140;38122;Trento
02-feb;140;38122;Trento
3;140;38122;Trento
4;140;38122;Trento
5;140;38122;Trento
6;140;38122;Trento
7;140;38122;Trento
07-gen;140;38122;Trento
07-gen;140;38122;Trento
8;140;38122;Trento
08-gen;140;38122;Trento
08-feb;140;38122;Trento
08-mar;140;38122;Trento
08-apr;140;38122;Trento
9;140;38122;Trento
10;140;38122;Trento
10-gen;140;38122;Trento
10-feb;140;38122;Trento
10-mar;140;38122;Trento
10-apr;140;38122;Trento
11;140;38122;Trento
12;140;38122;Trento
12-gen;140;38122;Trento
12-feb;140;38122;Trento
13;140;38122;Trento
13;140;38122;Trento
14;140;38122;Trento
15;140;38122;Trento
15;140;38122;Trento
15;140;38122;Trento
16;140;38122;Trento
17;140;38122;Trento
17;140;38122;Trento
18;140;38122;Trento
19;140;38122;Trento
20;140;38122;Trento
21;140;38122;Trento
22;140;38122;Trento
23;140;38122;Trento
23;140;38122;Trento
24;140;38122;Trento
24;140;38122;Trento
25;140;38122;Trento
1;150;38122;Trento
1;150;38122;Trento
2;150;38122;Trento
2;150;38122;Trento
3;150;38122;Trento
3;150;38122;Trento
4;150;38122;Trento
4;150;38122;Trento
04-gen;150;38122;Trento
04-feb;150;38122;Trento
5;150;38122;Trento
5;150;38122;Trento
6;150;38122;Trento
6;150;38122;Trento
10;150;38122;Trento
10;150;38122;Trento
10;150;38122;Trento
12;150;38122;Trento
12;150;38122;Trento
14;150;38122;Trento
14;150;38122;Trento
14;150;38122;Trento
16;150;38122;Trento
16;150;38122;Trento
16;150;38122;Trento
20;150;38122;Trento
20;150;38122;Trento
22;150;38122;Trento
22;150;38122;Trento
24;150;38122;Trento
26;150;38122;Trento
26;150;38122;Trento
28;150;38122;Trento
28;150;38122;Trento
28;150;38122;Trento
30;150;38122;Trento
32;150;38122;Trento
1;160;38122;Trento
3;160;38122;Trento
03-gen;160;38122;Trento
03-feb;160;38122;Trento
5;160;38122;Trento
5;160;38122;Trento
6;160;38122;Trento
7;160;38122;Trento
7;160;38122;Trento
7;160;38122;Trento
7;160;38122;Trento
7;160;38122;Trento
8;160;38122;Trento
9;160;38122;Trento
9;160;38122;Trento
10;160;38122;Trento
11;160;38122;Trento
12;160;38122;Trento
13;160;38122;Trento
13;160;38122;Trento
14;160;38122;Trento
15;160;38122;Trento
15;160;38122;Trento
15;160;38122;Trento
15;160;38122;Trento
15;160;38122;Trento
16;160;38122;Trento
17;160;38122;Trento
17;160;38122;Trento
18;160;38122;Trento
20;160;38122;Trento
22;160;38122;Trento
24;160;38122;Trento
24;160;38122;Trento
26;160;38122;Trento
28;160;38122;Trento
30;160;38122;Trento
30;160;38122;Trento
30;160;38122;Trento
1;170;38122;Trento
1;170;38122;Trento
3;170;38122;Trento
3;170;38122;Trento
3;170;38122;Trento
5;170;38122;Trento
5;170;38122;Trento
7;170;38122;Trento
7;170;38122;Trento
9;170;38122;Trento
11;170;38122;Trento
11;170;38122;Trento
11;170;38122;Trento
11;170;38122;Trento
13;170;38122;Trento
13;170;38122;Trento
17;170;38122;Trento
19;170;38122;Trento
21;170;38122;Trento
23;170;38122;Trento
25;170;38122;Trento
27;170;38122;Trento
1;190;38122;Trento
2;190;38122;Trento
2;190;38122;Trento
3;190;38122;Trento
4;190;38122;Trento
5;190;38122;Trento
6;190;38122;Trento
6;190;38122;Trento
7;190;38122;Trento
8;190;38122;Trento
8;190;38122;Trento
9;190;38122;Trento
9;190;38122;Trento
9;190;38122;Trento
9;190;38122;Trento
10;190;38122;Trento
10;190;38122;Trento
10;190;38122;Trento
11;190;38122;Trento
11;190;38122;Trento
1;980;38122;Trento
12;190;38122;Trento
12;190;38122;Trento
13;190;38122;Trento
13;190;38122;Trento
14;190;38122;Trento
14;190;38122;Trento
15;190;38122;Trento
15;190;38122;Trento
15;190;38122;Trento
15;190;38122;Trento
15;190;38122;Trento
15;190;38122;Trento
15;190;38122;Trento
16;190;38122;Trento
18;190;38122;Trento
20;190;38122;Trento
1;200;38121;Trento
1;200;38121;Trento
2;200;38121;Trento
3;200;38121;Trento
3;200;38121;Trento
4;200;38121;Trento
4;200;38121;Trento
5;200;38121;Trento
5;200;38121;Trento
6;200;38121;Trento
7;200;38121;Trento
7;200;38121;Trento
8;200;38121;Trento
10;200;38121;Trento
12;200;38121;Trento
14;200;38121;Trento
16;200;38121;Trento
18;200;38121;Trento
18;200;38121;Trento
20;200;38121;Trento
20;200;38121;Trento
2;980;38122;Trento
22;200;38121;Trento
22;200;38121;Trento
24;200;38121;Trento
26;200;38121;Trento
1;210;38122;Trento
1;210;38122;Trento
2;210;38122;Trento
3;210;38122;Trento
3/A;210;38122;Trento
4;210;38122;Trento
5;210;38122;Trento
6;210;38122;Trento
7;210;38122;Trento
7;210;38122;Trento
7;210;38122;Trento
7;210;38122;Trento
9;210;38122;Trento
10;210;38122;Trento
10;210;38122;Trento
12;210;38122;Trento
14;210;38122;Trento
16;210;38122;Trento
18;210;38122;Trento
20;210;38122;Trento
22;210;38122;Trento
24;210;38122;Trento
24-gen;210;38122;Trento
26;210;38122;Trento
28;210;38122;Trento
30;210;38122;Trento
32;210;38122;Trento
34;210;38122;Trento
36;210;38122;Trento
38;210;38122;Trento
40;210;38122;Trento
40/1;210;38122;Trento
40/2;210;38122;Trento
40/2;210;38122;Trento
42;210;38122;Trento
2;220;38122;Trento
4;220;38122;Trento
6;220;38122;Trento
8;220;38122;Trento
14;220;38122;Trento
14;220;38122;Trento
14;220;38122;Trento
1;230;38122;Trento
4;230;38122;Trento
5;230;38122;Trento
6;230;38122;Trento
7;230;38122;Trento
8;230;38122;Trento
9;230;38122;Trento
10;230;38122;Trento
11;230;38122;Trento
12;230;38122;Trento
13;230;38122;Trento
14;230;38122;Trento
15;230;38122;Trento
16;230;38122;Trento
17;230;38122;Trento
18;230;38122;Trento
19;230;38122;Trento
20;230;38122;Trento
21;230;38122;Trento
22;230;38122;Trento
23;230;38122;Trento
24;230;38122;Trento
25;230;38122;Trento
26;230;38122;Trento
27;230;38122;Trento
28;230;38122;Trento
31;230;38122;Trento
1;240;38122;Trento
2;240;38122;Trento
3;980;38122;Trento
3;240;38122;Trento
4;240;38122;Trento
5;240;38122;Trento
6;240;38122;Trento
7;240;38122;Trento
8;240;38122;Trento
9;240;38122;Trento
10;240;38122;Trento
11;240;38122;Trento
12;240;38122;Trento
13;240;38122;Trento
14;240;38122;Trento
15;240;38122;Trento
16;240;38122;Trento
17;240;38122;Trento
18;240;38122;Trento
19;240;38122;Trento
20;240;38122;Trento
21;240;38122;Trento
23;240;38122;Trento
23/A;240;38122;Trento
24;240;38122;Trento
25;240;38122;Trento
26;240;38122;Trento
27;240;38122;Trento
28;240;38122;Trento
28;240;38122;Trento
28;240;38122;Trento
28;240;38122;Trento
28;240;38122;Trento
28;240;38122;Trento
29;240;38122;Trento
30;240;38122;Trento
31;240;38122;Trento
32;240;38122;Trento
33;240;38122;Trento
33/1;240;38122;Trento
34;240;38122;Trento
35;240;38122;Trento
37;240;38122;Trento
39;240;38122;Trento
40;240;38122;Trento
41;240;38122;Trento
42;240;38122;Trento
42;240;38122;Trento
42;240;38122;Trento
43;240;38122;Trento
44;240;38122;Trento
45;240;38122;Trento
46;240;38122;Trento
46;240;38122;Trento
47;240;38122;Trento
48;240;38122;Trento
49;240;38122;Trento
50;240;38122;Trento
51;240;38122;Trento
52;240;38122;Trento
53;240;38122;Trento
54;240;38122;Trento
56;240;38122;Trento
58;240;38122;Trento
60;240;38122;Trento
62;240;38122;Trento
64;240;38122;Trento
66;240;38122;Trento
68;240;38122;Trento
70;240;38122;Trento
72;240;38122;Trento
74;240;38122;Trento
76;240;38122;Trento
78;240;38122;Trento
1;260;38122;Trento
2;260;38122;Trento
4;260;38122;Trento
5;260;38122;Trento
6;260;38122;Trento
7;260;38122;Trento
9;260;38122;Trento
11;260;38122;Trento
1;270;38122;Trento
2;270;38122;Trento
3;270;38122;Trento
4;270;38122;Trento
6;270;38122;Trento
7;270;38122;Trento
8;270;38122;Trento
9;270;38122;Trento
11;270;38122;Trento
11/A;270;38122;Trento
13;270;38122;Trento
15;270;38122;Trento
1;280;38122;Trento
1;280;38122;Trento
2;280;38122;Trento
3;280;38122;Trento
3;280;38122;Trento
4;280;38122;Trento
5;280;38122;Trento
5;280;38122;Trento
6;280;38122;Trento
6;280;38122;Trento
6;280;38122;Trento
8;280;38122;Trento
9;280;38122;Trento
9;280;38122;Trento
10;280;38122;Trento
10;280;38122;Trento
11;280;38122;Trento
11;280;38122;Trento
12;280;38122;Trento
14;280;38122;Trento
14;280;38122;Trento
14;280;38122;Trento
16;280;38122;Trento
18;280;38122;Trento
20;280;38122;Trento
22;280;38122;Trento
22;280;38122;Trento
10;281;38121;Trento
10;281;38121;Trento
10;281;38121;Trento
11;281;38121;Trento
11;281;38121;Trento
11;281;38121;Trento
11;281;38121;Trento
1;290;38123;Trento
3;290;38123;Trento
6;290;38123;Trento
7;290;38123;Trento
7;290;38123;Trento
7/A;290;38123;Trento
8;290;38123;Trento
9;290;38123;Trento
10;290;38123;Trento
11;290;38123;Trento
12;290;38123;Trento
13;290;38123;Trento
13;290;38123;Trento
13;290;38123;Trento
13;290;38123;Trento
14;290;38123;Trento
16;290;38123;Trento
18;290;38123;Trento
20;290;38123;Trento
22;290;38123;Trento
24;290;38123;Trento
1;300;38122;Trento
1;300;38122;Trento
1/A;300;38122;Trento
2;300;38122;Trento
3;300;38122;Trento
4;300;38122;Trento
5;300;38122;Trento
6;300;38122;Trento
6;300;38122;Trento
7;300;38122;Trento
8;300;38122;Trento
8;300;38122;Trento
8;300;38122;Trento
9;300;38122;Trento
10;300;38122;Trento
10;300;38122;Trento
11;300;38122;Trento
11;300;38122;Trento
12;300;38122;Trento
13;300;38122;Trento
15;300;38122;Trento
22;300;38122;Trento
24;300;38122;Trento
1;310;38122;Trento
2;310;38122;Trento
2/A;310;38122;Trento
3;310;38122;Trento
4;310;38122;Trento
5;310;38122;Trento
6;310;38122;Trento
7;310;38122;Trento
8;310;38122;Trento
10;310;38122;Trento
2;320;38122;Trento
3;320;38122;Trento
5;320;38122;Trento
7;320;38122;Trento
9;320;38122;Trento
11;320;38122;Trento
2;330;38122;Trento
2;330;38122;Trento
2;330;38122;Trento
2;330;38122;Trento
3;330;38122;Trento
3;330;38122;Trento
4;330;38122;Trento
4;330;38122;Trento
5;330;38122;Trento
6;330;38122;Trento
6;330;38122;Trento
7;330;38122;Trento
8;330;38122;Trento
8;330;38122;Trento
9;330;38122;Trento
10;330;38122;Trento
11;330;38122;Trento
12;330;38122;Trento
12;330;38122;Trento
12;330;38122;Trento
13;330;38122;Trento
13;330;38122;Trento
14;330;38122;Trento
14;330;38122;Trento
15;330;38122;Trento
15;330;38122;Trento
16;330;38122;Trento
17;330;38122;Trento
17;330;38122;Trento
18;330;38122;Trento
19;330;38122;Trento
20;330;38122;Trento
20;330;38122;Trento
21;330;38122;Trento
21;330;38122;Trento
21;330;38122;Trento
22;330;38122;Trento
22;330;38122;Trento
23;330;38122;Trento
23;330;38122;Trento
23;330;38122;Trento
25;330;38122;Trento
25;330;38122;Trento
27;330;38122;Trento
29;330;38122;Trento
30;330;38122;Trento
30;330;38122;Trento
31;330;38122;Trento
32;330;38122;Trento
32;330;38122;Trento
33;330;38122;Trento
34;330;38122;Trento
35;330;38122;Trento
36;330;38122;Trento
37;330;38122;Trento
37;330;38122;Trento
37;330;38122;Trento
37;330;38122;Trento
37;330;38122;Trento
38;330;38122;Trento
38/A;330;38122;Trento
39;330;38122;Trento
39;330;38122;Trento
43;330;38122;Trento
43;330;38122;Trento
44;330;38122;Trento
44;330;38122;Trento
45;330;38122;Trento
45;330;38122;Trento
46;330;38122;Trento
46;330;38122;Trento
47;330;38122;Trento
47;330;38122;Trento
48;330;38122;Trento
48;330;38122;Trento
49;330;38122;Trento
51;330;38122;Trento
51;330;38122;Trento
51;330;38122;Trento
53;330;38122;Trento
53;330;38122;Trento
54;330;38122;Trento
54;330;38122;Trento
55;330;38122;Trento
55;330;38122;Trento
57;330;38122;Trento
57;330;38122;Trento
59;330;38122;Trento
61;330;38122;Trento
63;330;38122;Trento
65;330;38122;Trento
67;330;38122;Trento
2;340;38122;Trento
2;340;38122;Trento
4;340;38122;Trento
6;340;38122;Trento
6;340;38122;Trento
8;340;38122;Trento
10;340;38122;Trento
12;340;38122;Trento
12;340;38122;Trento
14;340;38122;Trento
14;340;38122;Trento
18;340;38122;Trento
18/A;340;38122;Trento
18/A;340;38122;Trento
18/B;340;38122;Trento
18/B;340;38122;Trento
20;340;38122;Trento
20;340;38122;Trento
22;340;38122;Trento
22;340;38122;Trento
24;340;38122;Trento
24;340;38122;Trento
26;340;38122;Trento
26;340;38122;Trento
28;340;38122;Trento
28;340;38122;Trento
30;340;38122;Trento
30;340;38122;Trento
32;340;38122;Trento
32;340;38122;Trento
34;340;38122;Trento
36;340;38122;Trento
38;340;38122;Trento
38;340;38122;Trento
40;340;38122;Trento
40;340;38122;Trento
40;340;38122;Trento
42;340;38122;Trento
42;340;38122;Trento
42;340;38122;Trento
42;340;38122;Trento
44;340;38122;Trento
44;340;38122;Trento
46;340;38122;Trento
46;340;38122;Trento
46;340;38122;Trento
48;340;38122;Trento
48;340;38122;Trento
48;340;38122;Trento
50;340;38122;Trento
50;340;38122;Trento
52;340;38122;Trento
52;340;38122;Trento
52;340;38122;Trento
54;340;38122;Trento
54;340;38122;Trento
58;340;38122;Trento
60;340;38122;Trento
60;340;38122;Trento
60;340;38122;Trento
62;340;38122;Trento
62;340;38122;Trento
62;340;38122;Trento
64;340;38122;Trento
64;340;38122;Trento
64;340;38122;Trento
66;340;38122;Trento
66/A;340;38122;Trento
66/B;340;38122;Trento
70;340;38122;Trento
70;340;38122;Trento
72;340;38122;Trento
72;340;38122;Trento
72;340;38122;Trento
74;340;38122;Trento
74;340;38122;Trento
76;340;38122;Trento
76;340;38122;Trento
76;340;38122;Trento
78;340;38122;Trento
78;340;38122;Trento
78;340;38122;Trento
78;340;38122;Trento
80;340;38122;Trento
80;340;38122;Trento
82;340;38122;Trento
82;340;38122;Trento
82;340;38122;Trento
84;340;38122;Trento
84;340;38122;Trento
84;340;38122;Trento
84;340;38122;Trento
88;340;38122;Trento
88;340;38122;Trento
90;340;38122;Trento
90;340;38122;Trento
94;340;38122;Trento
94;340;38122;Trento
94;340;38122;Trento
94;340;38122;Trento
96;340;38122;Trento
98;340;38122;Trento
98;340;38122;Trento
98;340;38122;Trento
98;340;38122;Trento
98;340;38122;Trento
1;350;38122;Trento
1;350;38122;Trento
2;350;38122;Trento
3;350;38122;Trento
3;350;38122;Trento
4;350;38122;Trento
4;350;38122;Trento
5;350;38122;Trento
5;350;38122;Trento
6;350;38122;Trento
6;350;38122;Trento
6;350;38122;Trento
7;350;38122;Trento
7;350;38122;Trento
8;350;38122;Trento
9;350;38122;Trento
9;350;38122;Trento
10;350;38122;Trento
11;350;38122;Trento
11;350;38122;Trento
12;350;38122;Trento
13;350;38122;Trento
14;350;38122;Trento
15;350;38122;Trento
15;350;38122;Trento
16;350;38122;Trento
17;350;38122;Trento
18;350;38122;Trento
19;350;38122;Trento
20;350;38122;Trento
22;350;38122;Trento
23;350;38122;Trento
23;350;38122;Trento
23;350;38122;Trento
24;350;38122;Trento
24;350;38122;Trento
26;350;38122;Trento
27;350;38122;Trento
27;350;38122;Trento
27;350;38122;Trento
29;350;38122;Trento
1;360;38122;Trento
2;360;38122;Trento
2;360;38122;Trento
2;360;38122;Trento
6;360;38122;Trento
6;360;38122;Trento
7;360;38122;Trento
7;360;38122;Trento
7;360;38122;Trento
8;360;38122;Trento
8;360;38122;Trento
9;360;38122;Trento
11;360;38122;Trento
13;360;38122;Trento
13;360;38122;Trento
1;370;38122;Trento
2;370;38122;Trento
3;370;38122;Trento
4;370;38122;Trento
5;370;38122;Trento
6;370;38122;Trento
7;370;38122;Trento
8;370;38122;Trento
9;370;38122;Trento
10;370;38122;Trento
12;370;38122;Trento
13;370;38122;Trento
14;370;38122;Trento
15;370;38122;Trento
16;370;38122;Trento
18;370;38122;Trento
20;370;38122;Trento
22;370;38122;Trento
24;370;38122;Trento
1;380;38122;Trento
2;380;38122;Trento
3;380;38122;Trento
4;380;38122;Trento
5;380;38122;Trento
6;380;38122;Trento
7;380;38122;Trento
8;380;38122;Trento
9;380;38122;Trento
10;380;38122;Trento
11;380;38122;Trento
12;380;38122;Trento
13;380;38122;Trento
14;380;38122;Trento
15;380;38122;Trento
16;380;38122;Trento
17;380;38122;Trento
18;380;38122;Trento
19;380;38122;Trento
20;380;38122;Trento
22;380;38122;Trento
24;380;38122;Trento
26;380;38122;Trento
1;390;38122;Trento
2;390;38122;Trento
3;390;38122;Trento
3;390;38122;Trento
4;390;38122;Trento
5;390;38122;Trento
6;390;38122;Trento
6;390;38122;Trento
7;390;38122;Trento
8;390;38122;Trento
8;390;38122;Trento
9;390;38122;Trento
11;390;38122;Trento
13;390;38122;Trento
15;390;38122;Trento
1;395;38121;Trento
1;395;38121;Trento
3;395;38121;Trento
4;395;38121;Trento
4;395;38121;Trento
6;395;38121;Trento
8;395;38121;Trento
10;395;38121;Trento
12;395;38121;Trento
14;395;38121;Trento
16;395;38121;Trento
18;395;38121;Trento
20;395;38121;Trento
22;395;38121;Trento
24;395;38121;Trento
26;395;38121;Trento
30;395;38121;Trento
30;395;38121;Trento
1;400;38122;Trento
2;400;38122;Trento
3;400;38122;Trento
3/B;400;38122;Trento
4;400;38122;Trento
5;400;38122;Trento
05-gen;400;38122;Trento
6;400;38122;Trento
7;400;38122;Trento
8;400;38122;Trento
9;400;38122;Trento
10;400;38122;Trento
11;400;38122;Trento
12;400;38122;Trento
13;400;38122;Trento
14;400;38122;Trento
15;400;38122;Trento
16;400;38122;Trento
17;400;38122;Trento
18;400;38122;Trento
19;400;38122;Trento
20;400;38122;Trento
21;400;38122;Trento
22;400;38122;Trento
23;400;38122;Trento
24;400;38122;Trento
25;400;38122;Trento
25;400;38122;Trento
26;400;38122;Trento
28;400;38122;Trento
28;400;38122;Trento
30;400;38122;Trento
31;400;38122;Trento
32;400;38122;Trento
32;400;38122;Trento
33;400;38122;Trento
34;400;38122;Trento
35;400;38122;Trento
35;400;38122;Trento
36;400;38122;Trento
37;400;38122;Trento
38;400;38122;Trento
39;400;38122;Trento
40;400;38122;Trento
41;400;38122;Trento
42;400;38122;Trento
42;400;38122;Trento
43;400;38122;Trento
43;400;38122;Trento
43;400;38122;Trento
44;400;38122;Trento
45;400;38122;Trento
46;400;38122;Trento
47;400;38122;Trento
48;400;38122;Trento
49;400;38122;Trento
50;400;38122;Trento
51;400;38122;Trento
52;400;38122;Trento
53;400;38122;Trento
54;400;38122;Trento
55;400;38122;Trento
56;400;38122;Trento
57;400;38122;Trento
58;400;38122;Trento
59;400;38122;Trento
60;400;38122;Trento
61;400;38122;Trento
61/1;400;38122;Trento
62;400;38122;Trento
63;400;38122;Trento
63;400;38122;Trento
64;400;38122;Trento
65;400;38122;Trento
66;400;38122;Trento
67;400;38122;Trento
68;400;38122;Trento
69;400;38122;Trento
70;400;38122;Trento
70/1;400;38122;Trento
72;400;38122;Trento
74;400;38122;Trento
76;400;38122;Trento
78;400;38122;Trento
79;400;38121;Trento
79;400;38121;Trento
79;400;38121;Trento
80;400;38122;Trento
81;400;38121;Trento
81;400;38121;Trento
81;400;38121;Trento
81;400;38121;Trento
81/1;400;38121;Trento
82;400;38122;Trento
83;400;38121;Trento
84;400;38122;Trento
93;400;38121;Trento
95;400;38121;Trento
97;400;38121;Trento
99;400;38121;Trento
101;400;38121;Trento
104;400;38121;Trento
105;400;38121;Trento
106;400;38121;Trento
108;400;38121;Trento
110;400;38121;Trento
111;400;38121;Trento
112;400;38121;Trento
113;400;38121;Trento
114;400;38121;Trento
115;400;38121;Trento
115;400;38121;Trento
116;400;38121;Trento
117;400;38121;Trento
117;400;38121;Trento
117;400;38121;Trento
117;400;38121;Trento
117;400;38121;Trento
117;400;38121;Trento
117/A;400;38121;Trento
118;400;38121;Trento
119;400;38121;Trento
119;400;38121;Trento
120;400;38121;Trento
122;400;38121;Trento
124;400;38121;Trento
126;400;38121;Trento
128;400;38121;Trento
130;400;38121;Trento
132;400;38121;Trento
133;400;38121;Trento
134;400;38121;Trento
135;400;38121;Trento
136;400;38121;Trento
137;400;38121;Trento
138;400;38121;Trento
138/A;400;38121;Trento
139;400;38121;Trento
140;400;38121;Trento
141;400;38121;Trento
142;400;38121;Trento
142;400;38121;Trento
143;400;38121;Trento
144;400;38121;Trento
145;400;38121;Trento
146;400;38121;Trento
146;400;38121;Trento
147;400;38121;Trento
148;400;38121;Trento
150;400;38121;Trento
150;400;38121;Trento
152;400;38121;Trento
154;400;38121;Trento
157;400;38121;Trento
157/1;400;38121;Trento
159;400;38121;Trento
159/A;400;38121;Trento
161;400;38121;Trento
162;400;38121;Trento
164;400;38121;Trento
165;400;38121;Trento
165/A;400;38121;Trento
166;400;38121;Trento
167;400;38121;Trento
168;400;38121;Trento
169;400;38121;Trento
173;400;38121;Trento
173;400;38121;Trento
173;400;38121;Trento
175;400;38121;Trento
177;400;38121;Trento
177;400;38121;Trento
177;400;38121;Trento
177;400;38121;Trento
179;400;38121;Trento
180;400;38121;Trento
180;400;38121;Trento
180;400;38121;Trento
180;400;38121;Trento
180;400;38121;Trento
181;400;38121;Trento
181;400;38121;Trento
182;400;38121;Trento
183;400;38121;Trento
184;400;38121;Trento
184;400;38121;Trento
184;400;38121;Trento
184;400;38121;Trento
185;400;38121;Trento
185;400;38121;Trento
185;400;38121;Trento
185;400;38121;Trento
188;400;38121;Trento
188/A;400;38121;Trento
190;400;38121;Trento
190/A;400;38121;Trento
192;400;38121;Trento
194;400;38121;Trento
194;400;38121;Trento
194;400;38121;Trento
196;400;38121;Trento
196;400;38121;Trento
204;400;38121;Trento
204;400;38121;Trento
204;400;38121;Trento
206;400;38121;Trento
206;400;38121;Trento
206;400;38121;Trento
206;400;38121;Trento
206;400;38121;Trento
208;400;38121;Trento
210;400;38121;Trento
210;400;38121;Trento
212;400;38121;Trento
212;400;38121;Trento
212;400;38121;Trento
214;400;38121;Trento
222;400;38121;Trento
222;400;38121;Trento
222;400;38121;Trento
224;400;38121;Trento
224;400;38121;Trento
224;400;38121;Trento
224;400;38121;Trento
230;400;38121;Trento
232;400;38121;Trento
238;400;38121;Trento
240;400;38121;Trento
242;400;38121;Trento
246;400;38121;Trento
248;400;38121;Trento
250;400;38121;Trento
256/A;400;38121;Trento
256/B;400;38121;Trento
256/C;400;38121;Trento
256/E;400;38121;Trento
256/F;400;38121;Trento
256/G;400;38121;Trento
258;400;38121;Trento
258/A;400;38121;Trento
258/B;400;38121;Trento
258/C;400;38121;Trento
260;400;38121;Trento
260/A;400;38121;Trento
260/B;400;38121;Trento
260/C;400;38121;Trento
260/D;400;38121;Trento
260/F;400;38121;Trento
260/G;400;38121;Trento
260/H;400;38121;Trento
260/L;400;38121;Trento
260/M;400;38121;Trento
262/B;400;38121;Trento
262/D;400;38121;Trento
262/E;400;38121;Trento
262/F;400;38121;Trento
262/H;400;38121;Trento
262/L;400;38121;Trento
270;400;38121;Trento
272;400;38121;Trento
276;400;38121;Trento
278;400;38121;Trento
288;400;38121;Trento
290;400;38121;Trento
300;400;38121;Trento
300;400;38121;Trento
302;400;38121;Trento
302;400;38121;Trento
302;400;38121;Trento
302;400;38121;Trento
302;400;38121;Trento
302/A;400;38121;Trento
302/B;400;38121;Trento
304;400;38121;Trento
306;400;38121;Trento
308;400;38121;Trento
308;400;38121;Trento
308;400;38121;Trento
312;400;38121;Trento
316;400;38121;Trento
316;400;38121;Trento
320;400;38121;Trento
320;400;38121;Trento
320;400;38121;Trento
322;400;38121;Trento
322;400;38121;Trento
330;400;38121;Trento
332;400;38121;Trento
332;400;38121;Trento
334;400;38121;Trento
334;400;38121;Trento
336;400;38121;Trento
336;400;38121;Trento
338;400;38121;Trento
338;400;38121;Trento
340;400;38121;Trento
340;400;38121;Trento
1;410;38122;Trento
1;410;38122;Trento
2;410;38122;Trento
2;410;38122;Trento
2;410;38122;Trento
3;410;38122;Trento
3;410;38122;Trento
03-gen;410;38122;Trento
4;410;38122;Trento
4;410;38122;Trento
4;410;38122;Trento
5;410;38122;Trento
5;410;38122;Trento
05-gen;410;38122;Trento
6;410;38122;Trento
6;410;38122;Trento
6;410;38122;Trento
1;420;38121;Trento
2;420;38121;Trento
3;420;38121;Trento
4;420;38121;Trento
5;420;38121;Trento
6;420;38121;Trento
6;420;38121;Trento
6;420;38121;Trento
7;420;38121;Trento
8;420;38121;Trento
10;420;38121;Trento
2;430;38122;Trento
3;430;38122;Trento
3;430;38122;Trento
3;430;38122;Trento
4;430;38122;Trento
5;430;38122;Trento
6;430;38122;Trento
7;430;38122;Trento
8;430;38122;Trento
9;430;38122;Trento
10;430;38122;Trento
11;430;38122;Trento
12;430;38122;Trento
13;430;38122;Trento
13;430;38122;Trento
13;430;38122;Trento
13;430;38122;Trento
13;430;38122;Trento
14;430;38122;Trento
15;430;38122;Trento
15/A;430;38122;Trento
16;430;38122;Trento
17;430;38122;Trento
18;430;38122;Trento
19;430;38122;Trento
19;430;38122;Trento
19/A;430;38122;Trento
19/B;430;38122;Trento
19/C;430;38122;Trento
21;430;38122;Trento
23;430;38122;Trento
25;430;38122;Trento
25-gen;430;38122;Trento
25/B;430;38122;Trento
26;430;38122;Trento
27;430;38122;Trento
28;430;38122;Trento
29;430;38122;Trento
30;430;38122;Trento
31;430;38122;Trento
32;430;38122;Trento
33;430;38122;Trento
34;430;38122;Trento
35;430;38122;Trento
35;430;38122;Trento
36;430;38122;Trento
37;430;38122;Trento
37;430;38122;Trento
38;430;38122;Trento
39;430;38122;Trento
39;430;38122;Trento
40;430;38122;Trento
41;430;38122;Trento
42;430;38122;Trento
45;430;38122;Trento
45;430;38122;Trento
45;430;38122;Trento
45/2;430;38122;Trento
45/2;430;38122;Trento
45/2;430;38122;Trento
46;430;38122;Trento
47;430;38122;Sardagna
47;430;38122;Sardagna
47;430;38122;Sardagna
47;430;38122;Sardagna
47;430;38122;Sardagna
47;430;38122;Sardagna
47;430;38122;Sardagna
47;430;38122;Sardagna
47;430;38122;Sardagna
47;430;38122;Sardagna
47;430;38122;Sardagna
47;430;38122;Sardagna
47;430;38122;Sardagna
47;430;38122;Sardagna
47;430;38122;Sardagna
47;430;38122;Sardagna
48;430;38122;Trento
49;430;38122;Trento
49;430;38122;Trento
56;430;38122;Trento
56;430;38122;Trento
58;430;38122;Trento
60;430;38122;Trento
60;430;38122;Trento
60;430;38122;Trento
62;430;38122;Trento
62;430;38122;Trento
62;430;38122;Trento
66;430;38122;Trento
66;430;38122;Trento
66;430;38122;Trento
66;430;38122;Trento
70/A;430;38122;Trento
70/B;430;38122;Trento
70/B;430;38122;Trento
72;430;38122;Trento
72;430;38122;Trento
72/1;430;38122;Trento
74;430;38122;Trento
74;430;38122;Trento
76/1;430;38122;Trento
76/1;430;38122;Trento
76/1;430;38122;Trento
76/1;430;38122;Trento
133;430;38122;Trento
133;430;38122;Trento
133;430;38122;Trento
139;430;38122;Trento
139;430;38122;Trento
1;440;38122;Trento
2;440;38122;Trento
2;440;38122;Trento
4;440;38122;Trento
4;440;38122;Trento
4;440;38122;Trento
6;440;38122;Trento
6/A;440;38122;Trento
8;440;38122;Trento
12;440;38122;Trento
14;440;38122;Trento
16;440;38122;Trento
18;440;38122;Trento
20;440;38122;Trento
22;440;38122;Trento
24;440;38122;Trento
26;440;38122;Trento
28;440;38122;Trento
30;440;38122;Trento
32;440;38122;Trento
32/A;440;38122;Trento
34;440;38122;Trento
34;440;38122;Trento
34;440;38122;Trento
36;440;38122;Trento
38;440;38122;Trento
42;440;38122;Trento
42;440;38122;Trento
44;440;38122;Trento
44/A;440;38122;Trento
46;440;38122;Trento
48;440;38122;Trento
1;450;38122;Trento
2;450;38122;Trento
3;450;38122;Trento
03-gen;450;38122;Trento
4;450;38122;Trento
04-gen;450;38122;Trento
04-feb;450;38122;Trento
5;450;38122;Trento
05-gen;450;38122;Trento
6;450;38122;Trento
7;450;38122;Trento
8;450;38122;Trento
9;450;38122;Trento
10;450;38122;Trento
11;450;38122;Trento
13;450;38122;Trento
15;450;38122;Trento
15;450;38122;Trento
16;450;38122;Trento
16;450;38122;Trento
17;450;38122;Trento
18;450;38122;Trento
18;450;38122;Trento
19;450;38122;Trento
19;450;38122;Trento
20;450;38122;Trento
21;450;38122;Trento
22;450;38122;Trento
23;450;38122;Trento
1;460;38122;Trento
1;460;38122;Trento
1;460;38122;Trento
2;460;38122;Trento
4;460;38122;Trento
6;460;38122;Trento
8;460;38122;Trento
10;460;38122;Trento
12;460;38122;Trento
14;460;38122;Trento
16;460;38122;Trento
17;460;38122;Trento
17;460;38122;Trento
18;460;38122;Trento
19;460;38122;Trento
20;460;38122;Trento
21;460;38122;Trento
22;460;38122;Trento
22-gen;460;38122;Trento
22-feb;460;38122;Trento
23;460;38122;Trento
25;460;38122;Trento
25;460;38122;Trento
29;460;38122;Trento
29;460;38122;Trento
31;460;38122;Trento
1;470;38122;Trento
2;470;38122;Trento
3;470;38122;Trento
3;470;38122;Trento
4;470;38122;Trento
5;470;38122;Trento
5;470;38122;Trento
6;470;38122;Trento
7;470;38122;Trento
8;470;38122;Trento
08-gen;470;38122;Trento
9;470;38122;Trento
9;470;38122;Trento
10;470;38122;Trento
10;470;38122;Trento
11;470;38122;Trento
11;470;38122;Trento
12;470;38122;Trento
12;470;38122;Trento
12/A;470;38122;Trento
12/A;470;38122;Trento
13;470;38122;Trento
13;470;38122;Trento
14;470;38122;Trento
14;470;38122;Trento
16;470;38122;Trento
18;470;38122;Trento
20;470;38122;Trento
22;470;38122;Trento
28;470;38122;Trento
28;470;38122;Trento
30;470;38122;Trento
30;470;38122;Trento
30;470;38122;Trento
32;470;38122;Trento
32;470;38122;Trento
1;480;38122;Trento
2;480;38122;Trento
3;480;38122;Trento
4;480;38122;Trento
5;480;38122;Trento
6;480;38122;Trento
6;480;38122;Trento
7;480;38122;Trento
8;480;38122;Trento
9;480;38122;Trento
10;480;38122;Trento
10-gen;480;38122;Trento
10-gen;480;38122;Trento
10-feb;480;38122;Trento
10/A;480;38122;Trento
11;480;38122;Trento
11-gen;480;38122;Trento
12;480;38122;Trento
12;480;38122;Trento
12-gen;480;38122;Trento
12-feb;480;38122;Trento
13;480;38122;Trento
13;480;38122;Trento
13;480;38122;Trento
14;480;38122;Trento
14/A;480;38122;Trento
16;480;38122;Trento
16/A;480;38122;Trento
16/B;480;38122;Trento
16/B;480;38122;Trento
16/B;480;38122;Trento
17;480;38122;Trento
17;480;38122;Trento
18;480;38122;Trento
18;480;38122;Trento
19;480;38122;Trento
20;480;38122;Trento
20;480;38122;Trento
21;480;38122;Trento
22;480;38122;Trento
22-gen;480;38122;Trento
23;480;38122;Trento
24;480;38122;Trento
24;480;38122;Trento
25;480;38122;Trento
26;480;38122;Trento
26-gen;480;38122;Trento
27;480;38122;Trento
28;480;38122;Trento
28;480;38122;Trento
29;480;38122;Trento
30;480;38122;Trento
30;480;38122;Trento
31;480;38122;Trento
32;480;38122;Trento
32;480;38122;Trento
33;480;38122;Trento
35;480;38122;Trento
36;480;38122;Trento
37;480;38122;Trento
39;480;38122;Trento
40;480;38122;Trento
41;480;38122;Trento
42;480;38122;Trento
43;480;38122;Trento
43/1;480;38122;Trento
43/2;480;38122;Trento
44;480;38122;Trento
45;480;38122;Trento
45/1;480;38122;Trento
46;480;38122;Trento
46;480;38122;Trento
47;480;38122;Trento
48;480;38122;Trento
49;480;38122;Trento
49;480;38122;Trento
50;480;38122;Trento
51;480;38122;Trento
52;480;38122;Trento
53;480;38122;Trento
54;480;38122;Trento
54/A;480;38122;Trento
55;480;38122;Trento
55/1;480;38122;Trento
56;480;38122;Trento
56/A;480;38122;Trento
58;480;38122;Trento
58/1;480;38122;Trento
58/1;480;38122;Trento
60;480;38122;Trento
60;480;38122;Trento
60;480;38122;Trento
63;480;38122;Trento
65;480;38122;Trento
66;480;38122;Trento
68;480;38122;Trento
69;480;38122;Trento
69;480;38122;Trento
69;480;38122;Trento
70;480;38122;Trento
71;480;38122;Trento
71;480;38122;Trento
71;480;38122;Trento
72;480;38122;Trento
74;480;38122;Trento
76;480;38122;Trento
77;480;38122;Trento
78;480;38122;Trento
79;480;38122;Trento
79;480;38122;Trento
80;480;38122;Trento
81;480;38122;Trento
81/1;480;38122;Trento
83;480;38122;Trento
83;480;38122;Trento
85;480;38122;Trento
85/1;480;38122;Trento
87;480;38122;Trento
89;480;38122;Trento
89/1;480;38122;Trento
89/1;480;38122;Trento
91;480;38122;Trento
93;480;38122;Trento
95;480;38122;Trento
95;480;38122;Trento
99;480;38122;Trento
101;480;38122;Trento
103;480;38122;Trento
107;480;38122;Trento
107;480;38122;Trento
109;480;38122;Trento
1;490;38122;Trento
1;490;38122;Trento
1;490;38122;Trento
2;490;38122;Trento
3;490;38122;Trento
5;490;38122;Trento
6;490;38122;Trento
9;490;38122;Trento
9;490;38122;Trento
10;490;38122;Trento
10;490;38122;Trento
14;490;38122;Trento
14;490;38122;Trento
18;490;38122;Trento
36;490;38122;Trento
1;500;38122;Trento
2;500;38122;Trento
2;500;38122;Trento
4;500;38122;Trento
4;500;38122;Trento
1;510;38122;Trento
2;510;38122;Trento
1;520;38122;Trento
1;520;38122;Trento
1;520;38122;Trento
1/A;520;38122;Trento
1/B;520;38122;Trento
1/B;520;38122;Trento
1/C;520;38122;Trento
1/D;520;38122;Trento
1/E;520;38122;Trento
1/F;520;38122;Trento
2;520;38122;Trento
3;520;38122;Trento
4;520;38122;Trento
5;520;38122;Trento
5;520;38122;Trento
5;520;38122;Trento
6;520;38122;Trento
6;520;38122;Trento
1;530;38122;Trento
2;530;38122;Trento
3;530;38122;Trento
4;530;38122;Trento
5;530;38122;Trento
6;530;38122;Trento
7;530;38122;Trento
8;530;38122;Trento
9;530;38122;Trento
10;530;38122;Trento
11;530;38122;Trento
12;530;38122;Trento
13;530;38122;Trento
14;530;38122;Trento
15;530;38122;Trento
16;530;38122;Trento
17;530;38122;Trento
18;530;38122;Trento
19;530;38122;Trento
20;530;38122;Trento
21;530;38122;Trento
22;530;38122;Trento
23;530;38122;Trento
24;530;38122;Trento
25;530;38122;Trento
26;530;38122;Trento
27;530;38122;Trento
28;530;38122;Trento
29;530;38122;Trento
30;530;38122;Trento
31;530;38122;Trento
32;530;38122;Trento
33;530;38122;Trento
34;530;38122;Trento
35;530;38122;Trento
36;530;38122;Trento
37;530;38122;Trento
38;530;38122;Trento
39;530;38122;Trento
40;530;38122;Trento
41;530;38122;Trento
42;530;38122;Trento
43;530;38122;Trento
44;530;38122;Trento
45;530;38122;Trento
45;530;38122;Trento
46;530;38122;Trento
47;530;38122;Trento
48;530;38122;Trento
49;530;38122;Trento
50;530;38122;Trento
51;530;38122;Trento
52;530;38122;Trento
53;530;38122;Trento
53;530;38122;Trento
53;530;38122;Trento
55;530;38122;Trento
57;530;38122;Trento
59;530;38122;Trento
61;530;38122;Trento
61;530;38122;Trento
63;530;38122;Trento
65;530;38122;Trento
67;530;38122;Trento
69;530;38122;Trento
71;530;38122;Trento
73;530;38122;Trento
75;530;38122;Trento
77;530;38122;Trento
79;530;38122;Trento
81;530;38122;Trento
1;540;38121;Trento
1;540;38121;Trento
2;540;38121;Trento
3;540;38121;Trento
3;540;38121;Trento
4;540;38121;Trento
5;540;38121;Trento
5;540;38121;Trento
6;540;38121;Trento
7;540;38121;Trento
7;540;38121;Trento
7/A;540;38121;Trento
7/A;540;38121;Trento
7/B;540;38121;Trento
7/B;540;38121;Trento
8;540;38121;Trento
9;540;38121;Trento
9;540;38121;Trento
9;540;38121;Trento
11;540;38121;Trento
11;540;38121;Trento
12;540;38121;Trento
12;540;38121;Trento
13;540;38121;Trento
14;540;38121;Trento
14;540;38121;Trento
15;540;38121;Trento
15;540;38121;Trento
16;540;38121;Trento
17;540;38121;Trento
17;540;38121;Trento
18;540;38121;Trento
18;540;38121;Trento
20;540;38121;Trento
22;540;38121;Trento
22;540;38121;Trento
22/A;540;38121;Trento
24;540;38121;Trento
24;540;38121;Trento
26;540;38121;Trento
26;540;38121;Trento
28;540;38121;Trento
28;540;38121;Trento
30;540;38121;Trento
30;540;38121;Trento
30;540;38121;Trento
2;560;38122;Trento
2;560;38122;Trento
4;560;38122;Trento
4;560;38122;Trento
4;560;38122;Trento
5;560;38122;Trento
5;560;38122;Trento
7;560;38122;Trento
7;560;38122;Trento
7;560;38122;Trento
9;560;38122;Trento
11;560;38122;Trento
13;560;38122;Trento
15;560;38122;Trento
21;560;38122;Trento
21;560;38122;Trento
21;560;38122;Trento
21;560;38122;Trento
23;560;38122;Trento
25;560;38122;Trento
1;570;38121;Trento
2;570;38121;Trento
3;570;38121;Trento
4;570;38121;Trento
5;570;38121;Trento
6;570;38121;Trento
7;570;38121;Trento
8;570;38121;Trento
9;570;38121;Trento
10;570;38121;Trento
11;570;38121;Trento
12;570;38121;Trento
13;570;38121;Trento
14;570;38121;Trento
15;570;38121;Trento
16;570;38121;Trento
19;570;38121;Trento
19;570;38121;Trento
19;570;38121;Trento
19;570;38121;Trento
20;570;38121;Trento
21;570;38121;Trento
21/A;570;38121;Trento
22;570;38121;Trento
22-gen;570;38121;Trento
22-feb;570;38121;Trento
22-feb;570;38121;Trento
22-feb;570;38121;Trento
23;570;38121;Trento
24;570;38121;Trento
25;570;38121;Trento
26;570;38121;Trento
27;570;38121;Trento
28;570;38121;Trento
29;570;38121;Trento
30;570;38121;Trento
31;570;38121;Trento
31;570;38121;Trento
32;570;38121;Trento
33;570;38121;Trento
34;570;38121;Trento
1;580;38122;Trento
2;580;38122;Trento
2;580;38122;Trento
3;580;38122;Trento
5;580;38122;Trento
1;590;38121;Trento
2;590;38121;Trento
3;590;38121;Trento
1;600;38121;Trento
2;600;38121;Trento
2;600;38121;Trento
02-gen;600;38121;Trento
02-feb;600;38121;Trento
02-mar;600;38121;Trento
02-apr;600;38121;Trento
02-apr;600;38121;Trento
02-apr;600;38121;Trento
02-mag;600;38121;Trento
02-mag;600;38121;Trento
3;600;38121;Trento
3;600;38121;Trento
3;600;38121;Trento
3;600;38121;Trento
3;600;38121;Trento
4;600;38121;Trento
4;600;38121;Trento
5;600;38121;Trento
5;600;38121;Trento
6;600;38121;Trento
7;600;38121;Trento
7;600;38121;Trento
8;600;38121;Trento
8;600;38121;Trento
9;600;38121;Trento
12;600;38121;Trento
13;600;38121;Trento
13;600;38121;Trento
14;600;38121;Trento
15;600;38121;Trento
15;600;38121;Trento
17;600;38121;Trento
17;600;38121;Trento
17;600;38121;Trento
19;600;38121;Trento
19;600;38121;Trento
21;600;38121;Trento
25;600;38121;Trento
25;600;38121;Trento
25;600;38121;Trento
25;600;38121;Trento
27;600;38121;Trento
27;600;38121;Trento
27;600;38121;Trento
29;600;38121;Trento
29;600;38121;Trento
29;600;38121;Trento
31;600;38121;Trento
31;600;38121;Trento
33;600;38121;Trento
35;600;38121;Trento
35;600;38121;Trento
37;600;38121;Trento
37/A;600;38121;Trento
37/B;600;38121;Trento
37/C;600;38121;Trento
37/D;600;38121;Trento
37/E;600;38121;Trento
37/F;600;38121;Trento
39;600;38121;Trento
39;600;38121;Trento
43;600;38121;Trento
43;600;38121;Trento
45;600;38121;Trento
45;600;38121;Trento
45;600;38121;Trento
45;600;38121;Trento
45;600;38121;Trento
45;600;38121;Trento
47;600;38121;Trento
47;600;38121;Trento
49;600;38121;Trento
49;600;38121;Trento
51;600;38121;Trento
51;600;38121;Trento
51/A;600;38121;Trento
53;600;38121;Trento
55;600;38121;Trento
55;600;38121;Trento
57;600;38121;Trento
59;600;38121;Trento
59;600;38121;Trento
61;600;38121;Trento
61;600;38121;Trento
61;600;38121;Trento
61;600;38121;Trento
65;600;38121;Trento
67;600;38121;Trento
69;600;38121;Trento
71;600;38121;Trento
75;600;38121;Trento
75;600;38121;Trento
75;600;38121;Trento
75;600;38121;Trento
75;600;38121;Trento
1;610;38122;Trento
2;610;38122;Trento
3;610;38122;Trento
4;610;38122;Trento
5;610;38122;Trento
6;610;38122;Trento
7;610;38122;Trento
8;610;38122;Trento
9;610;38122;Trento
10;610;38122;Trento
11;610;38122;Trento
12;610;38122;Trento
13;610;38122;Trento
14;610;38122;Trento
16;610;38122;Trento
18;610;38122;Trento
20;610;38122;Trento
21;610;38122;Trento
22;610;38122;Trento
23;610;38122;Trento
24;610;38122;Trento
24;610;38122;Trento
24;610;38122;Trento
25;610;38122;Trento
26;610;38122;Trento
26/A;610;38122;Trento
27;610;38122;Trento
28;610;38122;Trento
29;610;38122;Trento
30;610;38122;Trento
31;610;38122;Trento
32;610;38122;Trento
33;610;38122;Trento
34;610;38122;Trento
35;610;38122;Trento
36;610;38122;Trento
37;610;38122;Trento
38;610;38122;Trento
39;610;38122;Trento
40;610;38122;Trento
41;610;38122;Trento
42;610;38122;Trento
43;610;38122;Trento
44;610;38122;Trento
45;610;38122;Trento
46;610;38122;Trento
47;610;38122;Trento
48;610;38122;Trento
49;610;38122;Trento
51;610;38122;Trento
53;610;38122;Trento
55;610;38122;Trento
57;610;38122;Trento
1;620;38122;Trento
1;620;38122;Trento
1;620;38122;Trento
2;620;38122;Trento
2;620;38122;Trento
3;620;38122;Trento
3;620;38122;Trento
3;620;38122;Trento
4;620;38122;Trento
4;620;38122;Trento
4;620;38122;Trento
5;620;38122;Trento
5;620;38122;Trento
5;620;38122;Trento
5;620;38122;Trento
6;620;38122;Trento
6;620;38122;Trento
7;620;38122;Trento
7;620;38122;Trento
7;620;38122;Trento
9;620;38122;Trento
9;620;38122;Trento
1;630;38122;Trento
1;630;38122;Trento
2;630;38122;Trento
2;630;38122;Trento
3;630;38122;Trento
3;630;38122;Trento
4;630;38122;Trento
5;630;38122;Trento
5;630;38122;Trento
7;630;38122;Trento
7;630;38122;Trento
7/A;630;38122;Trento
7/A;630;38122;Trento
7/A;630;38122;Trento
8;630;38122;Trento
8;630;38122;Trento
8;630;38122;Trento
8;630;38122;Trento
9;630;38122;Trento
11;630;38122;Trento
11;630;38122;Trento
12;630;38122;Trento
12;630;38122;Trento
12;630;38122;Trento
12;630;38122;Trento
12;630;38122;Trento
12;630;38122;Trento
14;630;38122;Trento
14;630;38122;Trento
16;630;38122;Trento
16;630;38122;Trento
18;630;38122;Trento
18;630;38122;Trento
22;630;38122;Trento
22;630;38122;Trento
8;650;38123;Trento
8;650;38123;Trento
10;650;38123;Trento
11;650;38123;Trento
11;650;38123;Trento
11;650;38123;Trento
11;650;38123;Trento
11;650;38123;Trento
11;650;38123;Trento
11;650;38123;Trento
11;650;38123;Trento
11;650;38123;Trento
11;650;38123;Trento
11;650;38123;Trento
11;650;38123;Trento
11;650;38123;Trento
11;650;38123;Trento
11;650;38123;Trento
11;650;38123;Trento
11;650;38123;Trento
11;650;38123;Trento
11;650;38123;Trento
11;650;38123;Trento
11;650;38123;Trento
11;650;38123;Trento
11;650;38123;Trento
11;650;38123;Trento
11;650;38123;Trento
12;650;38123;Trento
12;650;38123;Trento
12;650;38123;Trento
14;650;38123;Trento
14;650;38123;Trento
16;650;38123;Trento
16;650;38123;Trento
17;650;38123;Trento
18;650;38123;Trento
18;650;38123;Trento
19;650;38123;Trento
20;650;38123;Trento
21;650;38123;Trento
22;650;38123;Trento
24;650;38123;Trento
24;650;38123;Trento
25;650;38123;Trento
25;650;38123;Trento
26;650;38123;Trento
28;650;38123;Trento
30;650;38123;Trento
31;650;38123;Trento
31;650;38123;Trento
32;650;38123;Trento
32/A;650;38123;Trento
33;650;38123;Trento
33;650;38123;Trento
34;650;38123;Trento
34;650;38123;Trento
35;650;38123;Trento
35;650;38123;Trento
36;650;38123;Trento
36;650;38123;Trento
37;650;38123;Trento
37;650;38123;Trento
39;650;38123;Trento
39;650;38123;Trento
40;650;38123;Trento
40;650;38123;Trento
40;650;38123;Trento
40;650;38123;Trento
40;650;38123;Trento
40;650;38123;Trento
40;650;38123;Trento
40;650;38123;Trento
40;650;38123;Trento
41;650;38123;Trento
41;650;38123;Trento
42;650;38123;Trento
42;650;38123;Trento
47;650;38123;Trento
47;650;38123;Trento
1;660;38122;Trento
1;660;38122;Trento
1;660;38122;Trento
3;660;38122;Trento
7;660;38122;Trento
9;660;38122;Trento
11;660;38122;Trento
11;660;38122;Trento
11;660;38122;Trento
1;670;38122;Trento
1;670;38122;Trento
2;670;38122;Trento
3;670;38122;Trento
3;670;38122;Trento
4;670;38122;Trento
5;670;38122;Trento
05-gen;670;38122;Trento
05-gen;670;38122;Trento
6;670;38122;Trento
6;670;38122;Trento
7;670;38122;Trento
7;670;38122;Trento
8;670;38122;Trento
11;670;38122;Trento
13;670;38122;Trento
14;670;38122;Trento
16;670;38122;Trento
16;670;38122;Trento
17;670;38122;Trento
17;670;38122;Trento
19;670;38122;Trento
19;670;38122;Trento
20;670;38122;Trento
20;670;38122;Trento
20;670;38122;Trento
20;670;38122;Trento
24;670;38122;Trento
25;670;38122;Trento
25;670;38122;Trento
27;670;38122;Trento
27;670;38122;Trento
28;670;38122;Trento
30;670;38122;Trento
36;670;38122;Trento
37;670;38122;Trento
37;670;38122;Trento
37;670;38122;Trento
37;670;38122;Trento
39;670;38122;Trento
40;670;38122;Trento
41;670;38122;Trento
42;670;38122;Trento
45;670;38122;Trento
49;670;38122;Trento
51;670;38122;Trento
52;670;38122;Trento
54;670;38122;Trento
55;670;38122;Trento
57;670;38122;Trento
58;670;38122;Trento
58;670;38122;Trento
59;670;38122;Trento
60;670;38122;Trento
60;670;38122;Trento
61;670;38122;Trento
65;670;38122;Trento
69;670;38122;Trento
73;670;38122;Trento
74;670;38122;Trento
75;670;38122;Trento
75;670;38122;Trento
76;670;38122;Trento
77;670;38122;Trento
78;670;38122;Trento
78;670;38122;Trento
79;670;38122;Trento
79;670;38122;Trento
81;670;38122;Trento
82;670;38122;Trento
82;670;38122;Trento
86;670;38122;Trento
88;670;38122;Trento
89;670;38122;Trento
89;670;38122;Trento
90;670;38122;Trento
91;670;38122;Trento
91;670;38122;Trento
92;670;38122;Trento
93;670;38122;Trento
95;670;38122;Trento
96;670;38122;Trento
98;670;38122;Trento
100;670;38122;Trento
100;670;38122;Trento
101;670;38122;Trento
105;670;38122;Trento
107;670;38122;Trento
109;670;38122;Trento
111;670;38122;Trento
111;670;38122;Trento
113;670;38122;Trento
115;670;38122;Trento
115;670;38122;Trento
1;680;38122;Trento
2;680;38122;Trento
3;680;38122;Trento
5;680;38122;Trento
6;680;38122;Trento
7;680;38122;Trento
7;680;38122;Trento
10;680;38122;Trento
11;680;38122;Trento
12;680;38122;Trento
13;680;38122;Trento
14;680;38122;Trento
15;680;38122;Trento
17;680;38122;Trento
18;680;38122;Trento
18-gen;680;38122;Trento
19;680;38122;Trento
20;680;38122;Trento
21;680;38122;Trento
22;680;38122;Trento
23;680;38122;Trento
24;680;38122;Trento
25;680;38122;Trento
26;680;38122;Trento
27;680;38122;Trento
28;680;38122;Trento
29;680;38122;Trento
30;680;38122;Trento
31;680;38122;Trento
31;680;38122;Trento
31;680;38122;Trento
31;680;38122;Trento
31;680;38122;Trento
32;680;38122;Trento
33;680;38122;Trento
34;680;38122;Trento
35;680;38122;Trento
36;680;38122;Trento
37;680;38122;Trento
38;680;38122;Trento
39;680;38122;Trento
40;680;38122;Trento
41;680;38122;Trento
42;680;38122;Trento
43;680;38122;Trento
44;680;38122;Trento
45;680;38122;Trento
47;680;38122;Trento
49;680;38122;Trento
1;690;38121;Trento
1;690;38121;Trento
1;690;38121;Trento
1;690;38121;Trento
01-gen;690;38121;Trento
01-gen;690;38121;Trento
01-gen;690;38121;Trento
2;690;38121;Trento
2;690;38121;Trento
3;690;38121;Trento
03-gen;690;38121;Trento
3/A;690;38121;Trento
3/A;690;38121;Trento
3/B;690;38121;Trento
3/B;690;38121;Trento
3/C;690;38121;Trento
3/C;690;38121;Trento
4;690;38121;Trento
4;690;38121;Trento
5;690;38121;Trento
5;690;38121;Trento
5;690;38121;Trento
5;690;38121;Trento
5;690;38121;Trento
5;690;38121;Trento
5;690;38121;Trento
05-gen;690;38121;Trento
05-gen;690;38121;Trento
8;690;38121;Trento
2;700;38122;Trento
3;700;38122;Trento
7;700;38122;Trento
7;700;38122;Trento
7;700;38122;Trento
8;700;38122;Trento
9;700;38122;Trento
10;700;38122;Trento
11;700;38122;Trento
11;700;38122;Trento
12;700;38122;Trento
13;700;38122;Trento
13-gen;700;38122;Trento
13-feb;700;38122;Trento
13-mar;700;38122;Trento
13-apr;700;38122;Trento
13-mag;700;38122;Trento
14;700;38122;Trento
15;700;38122;Trento
1;730;38121;Trento
1;730;38121;Trento
3;730;38121;Trento
4;730;38121;Trento
4;730;38121;Trento
5;730;38121;Trento
8;730;38121;Trento
9;730;38121;Trento
10;730;38121;Trento
10;730;38121;Trento
11;730;38121;Trento
11;730;38121;Trento
11/A;730;38121;Trento
1;740;38121;Trento
5;740;38121;Trento
7;740;38121;Trento
8;740;38121;Trento
10;740;38121;Trento
11;740;38121;Trento
11;740;38121;Trento
12;740;38121;Trento
12;740;38121;Trento
12;740;38121;Trento
12;740;38121;Trento
13;740;38121;Trento
15;740;38121;Trento
17;740;38121;Trento
19;740;38121;Trento
20;740;38121;Trento
22;740;38121;Trento
24;740;38121;Trento
24;740;38121;Trento
25;740;38121;Trento
27;740;38121;Trento
28;740;38121;Trento
29;740;38121;Trento
30;740;38121;Trento
30;740;38121;Trento
31;740;38121;Trento
32;740;38121;Trento
33;740;38121;Trento
33;740;38121;Trento
33;740;38121;Trento
33;740;38121;Trento
37;740;38121;Trento
38;740;38121;Trento
38;740;38121;Trento
38;740;38121;Trento
39;740;38121;Trento
39;740;38121;Trento
40;740;38121;Trento
40;740;38121;Trento
41;740;38121;Trento
43;740;38121;Trento
43;740;38121;Trento
44;740;38121;Trento
44;740;38121;Trento
45;740;38121;Trento
45;740;38121;Trento
46;740;38121;Trento
46;740;38121;Trento
47;740;38121;Trento
48;740;38121;Trento
49;740;38121;Trento
52;740;38121;Trento
53;740;38121;Trento
54;740;38121;Trento
54;740;38121;Trento
55;740;38121;Trento
57;740;38121;Trento
60;740;38121;Trento
60;740;38121;Trento
60;740;38121;Trento
60;740;38121;Trento
60;740;38121;Trento
61;740;38121;Trento
63;740;38121;Trento
64;740;38121;Trento
64;740;38121;Trento
64;740;38121;Trento
64;740;38121;Trento
65;740;38121;Trento
66;740;38121;Trento
66;740;38121;Trento
66;740;38121;Trento
67;740;38121;Trento
69;740;38121;Trento
69/A;740;38121;Trento
70;740;38121;Trento
71;740;38121;Trento
71;740;38121;Trento
71;740;38121;Trento
73;740;38121;Trento
73;740;38121;Trento
74;740;38121;Trento
74;740;38121;Trento
74;740;38121;Trento
77;740;38121;Trento
77;740;38121;Trento
77;740;38121;Trento
77;740;38121;Trento
80;740;38121;Trento
81;740;38121;Trento
83;740;38121;Trento
84;740;38121;Trento
85;740;38121;Trento
86;740;38121;Trento
86;740;38121;Trento
87;740;38121;Trento
88;740;38121;Trento
88;740;38121;Trento
89;740;38121;Trento
90;740;38121;Trento
90;740;38121;Trento
91;740;38121;Trento
91;740;38121;Trento
93;740;38121;Trento
93;740;38121;Trento
96;740;38121;Trento
102;740;38121;Trento
104;740;38121;Trento
106;740;38121;Trento
106;740;38121;Trento
108;740;38121;Trento
108;740;38121;Trento
110;740;38121;Trento
112;740;38121;Trento
114;740;38121;Trento
1;760;38122;Trento
2;760;38122;Trento
3;760;38122;Trento
4;760;38122;Trento
5;760;38122;Trento
6;760;38122;Trento
1;770;38123;Trento
1;770;38123;Trento
1;770;38123;Trento
02-gen;770;38123;Trento
02-gen;770;38123;Trento
02-ott;770;38123;Trento
02-ott;770;38123;Trento
02-feb;770;38123;Trento
02-feb;770;38123;Trento
02-mar;770;38123;Trento
02-mar;770;38123;Trento
02-mar;770;38123;Trento
02-mar;770;38123;Trento
02-mar;770;38123;Trento
02-mar;770;38123;Trento
02-apr;770;38123;Trento
02-apr;770;38123;Trento
02-apr;770;38123;Trento
02-mag;770;38123;Trento
02-giu;770;38123;Trento
02-giu;770;38123;Trento
02-giu;770;38123;Trento
02-giu;770;38123;Trento
02-giu;770;38123;Trento
02-lug;770;38123;Trento
02-lug;770;38123;Trento
02-lug;770;38123;Trento
02-lug;770;38123;Trento
02-lug;770;38123;Trento
02-ago;770;38123;Trento
2/A;770;38123;Trento
2/A;770;38123;Trento
2/B;770;38123;Trento
2/B;770;38123;Trento
4;770;38123;Trento
4;770;38123;Trento
4;770;38123;Trento
04-gen;770;38123;Trento
04-gen;770;38123;Trento
5;770;38123;Trento
5;770;38123;Trento
6;770;38123;Trento
9;770;38123;Trento
9;770;38123;Trento
09-gen;770;38123;Trento
09-feb;770;38123;Trento
09-mar;770;38123;Trento
11;770;38123;Trento
13;770;38123;Trento
15;770;38123;Trento
15;770;38123;Trento
15;770;38123;Trento
17;770;38123;Trento
17;770;38123;Trento
21;770;38123;Trento
23;770;38123;Trento
23/A;770;38123;Trento
23/A;770;38123;Trento
29;770;38123;Trento
29;770;38123;Trento
29;770;38123;Trento
31;770;38123;Trento
31;770;38123;Trento
33;770;38123;Trento
33;770;38123;Trento
33;770;38123;Trento
35;770;38123;Trento
37;770;38123;Trento
39;770;38123;Trento
39;770;38123;Trento
39/1;770;38123;Trento
41;770;38123;Trento
41;770;38123;Trento
43;770;38123;Trento
45;770;38123;Trento
47;770;38123;Trento
47;770;38123;Trento
47;770;38123;Trento
47;770;38123;Trento
49;770;38123;Trento
51;770;38123;Trento
53;770;38123;Trento
53;770;38123;Trento
53;770;38123;Trento
53;770;38123;Trento
53;770;38123;Trento
57;770;38123;Trento
59;770;38123;Trento
59/A;770;38123;Trento
59/A;770;38123;Trento
61;770;38123;Trento
61/A;770;38123;Trento
61/A;770;38123;Trento
63;770;38123;Trento
63/1;770;38123;Trento
63/2;770;38123;Trento
65;770;38123;Trento
67;770;38123;Trento
69;770;38123;Trento
71;770;38123;Trento
73;770;38123;Trento
83;770;38123;Trento
83;770;38123;Trento
83;770;38123;Trento
83;770;38123;Trento
83;770;38123;Trento
83;770;38123;Trento
89;770;38123;Trento
89;770;38123;Trento
93;770;38123;Trento
93;770;38123;Trento
95;770;38123;Trento
97;770;38123;Trento
99;770;38123;Trento
99/1;770;38123;Trento
99/1;770;38123;Trento
99/2;770;38123;Trento
101;770;38123;Trento
101/1;770;38123;Trento
101/2;770;38123;Trento
101/3;770;38123;Trento
101/A;770;38123;Trento
101/A;770;38123;Trento
101/B;770;38123;Trento
101/B;770;38123;Trento
103;770;38123;Trento
103;770;38123;Trento
105;770;38123;Trento
105;770;38123;Trento
113;770;38123;Trento
113;770;38123;Trento
115;770;38123;Trento
1;775;38121;Trento
3;775;38121;Trento
4;775;38121;Trento
5;775;38121;Trento
6;775;38121;Trento
7;775;38121;Trento
9;775;38121;Trento
10;775;38121;Trento
12;775;38121;Trento
13;775;38121;Trento
14;775;38121;Trento
15;775;38121;Trento
16;775;38121;Trento
17;775;38121;Trento
18;775;38121;Trento
20;775;38121;Trento
20;775;38121;Trento
20;775;38121;Trento
22;775;38121;Trento
24;775;38121;Trento
26;775;38121;Trento
30;775;38121;Trento
32;775;38121;Trento
34;775;38121;Trento
36;775;38121;Trento
38;775;38121;Trento
40;775;38121;Trento
42;775;38121;Trento
44;775;38121;Trento
46;775;38121;Trento
48;775;38121;Trento
50;775;38121;Trento
1;780;38123;Trento
1;780;38123;Trento
01-gen;780;38123;Trento
2;780;38123;Trento
2;780;38123;Trento
2;780;38123;Trento
02-gen;780;38123;Trento
02-gen;780;38123;Trento
02-gen;780;38123;Trento
3;780;38123;Trento
4;780;38123;Trento
4;780;38123;Trento
4;780;38123;Trento
6;780;38123;Trento
6;780;38123;Trento
8;780;38123;Trento
10;780;38123;Trento
10;780;38123;Trento
10;780;38123;Trento
10;780;38123;Trento
10;780;38123;Trento
10;780;38123;Trento
11;780;38123;Trento
12;780;38123;Trento
13;780;38123;Trento
13;780;38123;Trento
14;780;38123;Trento
15;780;38123;Trento
15;780;38123;Trento
16;780;38123;Trento
16;780;38123;Trento
16;780;38123;Trento
17;780;38123;Trento
18;780;38123;Trento
18;780;38123;Trento
20;780;38123;Trento
20;780;38123;Trento
20;780;38123;Trento
22;780;38123;Trento
24;780;38123;Trento
26;780;38123;Trento
28;780;38123;Trento
28;780;38123;Trento
28;780;38123;Trento
30;780;38123;Trento
30/A;780;38123;Trento
30/A;780;38123;Trento
30/B;780;38123;Trento
30/B;780;38123;Trento
32;780;38123;Trento
32;780;38123;Trento
34;780;38123;Trento
34;780;38123;Trento
34;780;38123;Trento
34;780;38123;Trento
36;780;38123;Trento
36/A;780;38123;Trento
36/A;780;38123;Trento
36/B;780;38123;Trento
36/B;780;38123;Trento
36/C;780;38123;Trento
36/C;780;38123;Trento
40;780;38123;Trento
40;780;38123;Trento
40;780;38123;Trento
40;780;38123;Trento
1;785;38121;Trento
1;785;38121;Trento
2;785;38121;Trento
2;785;38121;Trento
3;785;38121;Trento
3;785;38121;Trento
4;785;38121;Trento
4;785;38121;Trento
5;785;38121;Trento
5;785;38121;Trento
7;785;38121;Trento
7;785;38121;Trento
8;785;38121;Trento
8;785;38121;Trento
10;785;38121;Trento
10;785;38121;Trento
12;785;38121;Trento
12;785;38121;Trento
1;800;38122;Trento
2;800;38122;Trento
2;800;38122;Trento
3;800;38122;Trento
4;800;38122;Trento
4;800;38122;Trento
4/A;800;38122;Trento
5;800;38122;Trento
6;800;38122;Trento
6;800;38122;Trento
7;800;38122;Trento
8;800;38122;Trento
10;800;38122;Trento
12;800;38122;Trento
14;800;38122;Trento
1;810;38122;Trento
1;810;38122;Trento
1;810;38122;Trento
2;810;38122;Trento
2;810;38122;Trento
02-gen;810;38122;Trento
02-gen;810;38122;Trento
02-feb;810;38122;Trento
02-feb;810;38122;Trento
02-feb;810;38122;Trento
3;810;38122;Trento
3;810;38122;Trento
4;810;38122;Trento
4;810;38122;Trento
4/A;810;38122;Trento
4/A;810;38122;Trento
6;810;38122;Trento
6;810;38122;Trento
7;810;38122;Trento
7;810;38122;Trento
8;810;38122;Trento
8;810;38122;Trento
8;810;38122;Trento
10;810;38122;Trento
10;810;38122;Trento
10;810;38122;Trento
12;810;38122;Trento
12;810;38122;Trento
12;810;38122;Trento
14;810;38122;Trento
14;810;38122;Trento
16;810;38122;Trento
16;810;38122;Trento
18;810;38122;Trento
18;810;38122;Trento
18;810;38122;Trento
20;810;38122;Trento
20;810;38122;Trento
1;820;38122;Trento
2;820;38122;Trento
4;820;38122;Trento
6;820;38122;Trento
8;820;38122;Trento
10;820;38122;Trento
12;820;38122;Trento
1;830;38121;Trento
1;830;38121;Trento
01-gen;830;38121;Trento
01-gen;830;38121;Trento
01-gen;830;38121;Trento
01-gen;830;38121;Trento
01-feb;830;38121;Trento
01-feb;830;38121;Trento
01-feb;830;38121;Trento
01-mar;830;38121;Trento
01-mar;830;38121;Trento
01-mar;830;38121;Trento
01-apr;830;38121;Trento
01-apr;830;38121;Trento
01-mag;830;38121;Trento
01-giu;830;38121;Trento
01-lug;830;38121;Trento
01-ago;830;38121;Trento
2;830;38121;Trento
2;830;38121;Trento
3;830;38121;Trento
3;830;38121;Trento
03-gen;830;38121;Trento
4;830;38121;Trento
4;830;38121;Trento
5;830;38121;Trento
11;830;38121;Trento
11;830;38121;Trento
12;830;38121;Trento
12;830;38121;Trento
14;830;38121;Trento
14;830;38121;Trento
14;830;38121;Trento
15;830;38121;Trento
15;830;38121;Trento
16;830;38121;Trento
16/A;830;38121;Trento
18;830;38121;Trento
18;830;38121;Trento
18;830;38121;Trento
21;830;38121;Trento
21;830;38121;Trento
25;830;38121;Trento
29;830;38121;Trento
29;830;38121;Trento
31;830;38121;Trento
31;830;38121;Trento
31-gen;830;38121;Trento
31-gen;830;38121;Trento
31/2;830;38121;Trento
33;830;38121;Trento
33;830;38121;Trento
35;830;38121;Trento
35;830;38121;Trento
35;830;38121;Trento
37;830;38121;Trento
37;830;38121;Trento
37;830;38121;Trento
37/1;830;38121;Trento
39;830;38121;Trento
1;840;38121;Trento
1;840;38121;Trento
1;840;38121;Trento
1;840;38121;Trento
1;840;38121;Trento
2/A;840;38121;Trento
2/B;840;38121;Trento
2/C;840;38121;Trento
2/D;840;38121;Trento
2/E;840;38121;Trento
2/F;840;38121;Trento
2/I;840;38121;Trento
2/L;840;38121;Trento
2/M;840;38121;Trento
2/N;840;38121;Trento
2/O;840;38121;Trento
2/P;840;38121;Trento
2/Q;840;38121;Trento
2/R;840;38121;Trento
2/S;840;38121;Trento
2/T;840;38121;Trento
2/U;840;38121;Trento
2/V;840;38121;Trento
3;840;38121;Trento
3/A;840;38121;Trento
3/B;840;38121;Trento
3/C;840;38121;Trento
3/D;840;38121;Trento
3/E;840;38121;Trento
4;840;38121;Trento
4;840;38121;Trento
4;840;38121;Trento
5;840;38121;Trento
5/A;840;38121;Trento
5/B;840;38121;Trento
5/C;840;38121;Trento
5/D;840;38121;Trento
5/E;840;38121;Trento
5/F;840;38121;Trento
6;840;38121;Trento
6;840;38121;Trento
7;840;38121;Trento
7/A;840;38121;Trento
7/B;840;38121;Trento
7/C;840;38121;Trento
7/D;840;38121;Trento
7/E;840;38121;Trento
7/F;840;38121;Trento
8;840;38121;Trento
8/A;840;38121;Trento
8/B;840;38121;Trento
10;840;38121;Trento
11;840;38121;Trento
11-gen;840;38121;Trento
12;840;38121;Trento
13;840;38121;Trento
14;840;38121;Trento
15;840;38121;Trento
16;840;38121;Trento
16/A;840;38121;Trento
17;840;38121;Trento
18;840;38121;Trento
18/A;840;38121;Trento
19;840;38121;Trento
19;840;38121;Trento
20;840;38121;Trento
20/A;840;38121;Trento
20/B;840;38121;Trento
20/C;840;38121;Trento
20/D;840;38121;Trento
20/D;840;38121;Trento
21;840;38121;Trento
22;840;38121;Trento
22;840;38121;Trento
22;840;38121;Trento
23;840;38121;Trento
23;840;38121;Trento
23;840;38121;Trento
24;840;38121;Trento
25;840;38121;Trento
25;840;38121;Trento
26;840;38121;Trento
27;840;38121;Trento
28;840;38121;Trento
28;840;38121;Trento
29;840;38121;Trento
30;840;38121;Trento
30;840;38121;Trento
30/A;840;38121;Trento
30/B;840;38121;Trento
30/C;840;38121;Trento
30/D;840;38121;Trento
31;840;38121;Trento
33;840;38121;Trento
34/A;840;38121;Trento
34/B;840;38121;Trento
34/C;840;38121;Trento
34/D;840;38121;Trento
34/E;840;38121;Trento
34/H;840;38121;Trento
34/I;840;38121;Trento
34/L;840;38121;Trento
34/M;840;38121;Trento
35;840;38121;Trento
35;840;38121;Trento
36/A;840;38121;Trento
36/B;840;38121;Trento
36/C;840;38121;Trento
36/D;840;38121;Trento
36/E;840;38121;Trento
36/F;840;38121;Trento
36/G;840;38121;Trento
36/H;840;38121;Trento
36/I;840;38121;Trento
36/L;840;38121;Trento
36/M;840;38121;Trento
36/N;840;38121;Trento
36/O;840;38121;Trento
36/P;840;38121;Trento
36/Q;840;38121;Trento
36/R;840;38121;Trento
36/S;840;38121;Trento
36/T;840;38121;Trento
37;840;38121;Trento
39;840;38121;Trento
40;840;38121;Trento
41;840;38121;Trento
42;840;38121;Trento
43;840;38121;Trento
43/1;840;38121;Trento
44;840;38121;Trento
45;840;38121;Trento
45/1;840;38121;Trento
45/1;840;38121;Trento
45/1;840;38121;Trento
46;840;38121;Trento
48;840;38121;Trento
50;840;38121;Trento
52;840;38121;Trento
54;840;38121;Trento
55;840;38121;Trento
55;840;38121;Trento
56;840;38121;Trento
57;840;38121;Trento
57;840;38121;Trento
58;840;38121;Trento
59;840;38121;Trento
60;840;38121;Trento
61;840;38121;Trento
61;840;38121;Trento
61/1;840;38121;Trento
61/2;840;38121;Trento
61/3;840;38121;Trento
62;840;38121;Trento
63;840;38121;Trento
64;840;38121;Trento
65;840;38121;Trento
66;840;38121;Trento
67;840;38121;Trento
68;840;38121;Trento
69;840;38121;Trento
70;840;38121;Trento
71;840;38121;Trento
71;840;38121;Trento
72;840;38121;Trento
74;840;38121;Trento
76;840;38121;Trento
78;840;38121;Trento
80;840;38121;Trento
82;840;38121;Trento
1/A;845;38123;Villazzano
1/A;845;38123;Villazzano
2;845;38123;Trento
2/A;845;38123;Trento
2/A;845;38123;Trento
4;845;38123;Trento
4/A;845;38123;Trento
6;845;38123;Trento
8;845;38123;Trento
10;845;38123;Trento
12;845;38123;Trento
14;845;38123;Trento
14;845;38123;Trento
16;845;38123;Trento
16;845;38123;Trento
18;845;38123;Trento
18;845;38123;Trento
20;845;38123;Trento
20;845;38123;Trento
22;845;38123;Trento
22;845;38123;Trento
24;845;38123;Trento
24;845;38123;Trento
26;845;38123;Trento
26;845;38123;Trento
28;845;38123;Trento
28;845;38123;Trento
30;845;38123;Trento
30;845;38123;Trento
31;845;38123;Trento
31/A;845;38123;Trento
31/B;845;38123;Trento
32;845;38123;Trento
32;845;38123;Trento
33;845;38123;Trento
33/A;845;38123;Trento
34;845;38123;Trento
34;845;38123;Trento
35;845;38123;Trento
36;845;38123;Trento
36;845;38123;Trento
37;845;38123;Trento
38;845;38123;Trento
38;845;38123;Trento
39;845;38123;Trento
40;845;38123;Trento
40;845;38123;Trento
41;845;38123;Trento
42;845;38123;Trento
42;845;38123;Trento
43;845;38123;Trento
44;845;38123;Trento
44;845;38123;Trento
45;845;38123;Trento
46;845;38123;Trento
46;845;38123;Trento
47;845;38123;Trento
48;845;38123;Trento
48;845;38123;Trento
49;845;38123;Trento
50;845;38123;Trento
50;845;38123;Trento
51;845;38123;Trento
52;845;38123;Trento
52;845;38123;Trento
53;845;38123;Trento
54;845;38123;Trento
54;845;38123;Trento
56;845;38123;Trento
56;845;38123;Trento
58;845;38123;Trento
58;845;38123;Trento
60;845;38123;Trento
60;845;38123;Trento
62;845;38123;Trento
64;845;38123;Trento
66;845;38123;Trento
68;845;38123;Trento
70;845;38123;Trento
72;845;38123;Trento
74;845;38123;Trento
74;845;38123;Trento
74;845;38123;Trento
74;845;38123;Trento
76;845;38123;Trento
78;845;38123;Trento
80;845;38123;Trento
82;845;38123;Trento
84;845;38123;Trento
86;845;38123;Trento
86/A;845;38123;Trento
86/B;845;38123;Trento
86/B;845;38123;Trento
86/C;845;38123;Trento
86/D;845;38123;Trento
86/E;845;38123;Trento
86/E;845;38123;Trento
88;845;38123;Trento
90;845;38123;Trento
1;860;38122;Trento
1;860;38122;Trento
1/A;860;38122;Trento
2;860;38122;Trento
2;860;38122;Trento
4;860;38122;Trento
4;860;38122;Trento
6;860;38122;Trento
8;860;38122;Trento
9;860;38122;Trento
9;860;38122;Trento
11;860;38122;Trento
11;860;38122;Trento
12;860;38122;Trento
13;860;38122;Trento
15;860;38122;Trento
15;860;38122;Trento
17;860;38122;Trento
17;860;38122;Trento
18;860;38122;Trento
18;860;38122;Trento
18;860;38122;Trento
18;860;38122;Trento
19;860;38122;Trento
19;860;38122;Trento
19;860;38122;Trento
20;860;38122;Trento
20;860;38122;Trento
20;860;38122;Trento
20;860;38122;Trento
21;860;38122;Trento
21;860;38122;Trento
22;860;38122;Trento
22;860;38122;Trento
22;860;38122;Trento
24;860;38122;Trento
24;860;38122;Trento
2;865;38122;Trento
3;865;38122;Trento
3;865;38122;Trento
4;865;38122;Trento
6;865;38122;Trento
6;865;38122;Trento
7;865;38122;Trento
1;870;38122;Trento
2;870;38122;Trento
3;870;38122;Trento
4;870;38122;Trento
5;870;38122;Trento
6;870;38122;Trento
7;870;38122;Trento
8;870;38122;Trento
9;870;38122;Trento
10;870;38122;Trento
11;870;38122;Trento
12;870;38122;Trento
1;875;38121;Trento
1;875;38121;Trento
3;875;38121;Trento
3;875;38121;Trento
5;875;38121;Trento
5;875;38121;Trento
6;875;38121;Trento
7;875;38121;Trento
7;875;38121;Trento
8;875;38121;Trento
9;875;38121;Trento
9;875;38121;Trento
11;875;38121;Trento
11;875;38121;Trento
15;875;38121;Trento
15;875;38121;Trento
15;875;38121;Trento
1;876;38122;Trento
2;876;38122;Trento
3;876;38122;Trento
4;876;38122;Trento
5;876;38122;Trento
6;876;38122;Trento
7;876;38122;Trento
8;876;38122;Trento
9;876;38122;Trento
10;876;38122;Trento
11;876;38122;Trento
11;876;38122;Trento
11;876;38122;Trento
11;876;38122;Trento
13;876;38122;Trento
14;876;38122;Trento
15;876;38122;Trento
2;880;38122;Trento
3;880;38122;Trento
4;880;38122;Trento
5;880;38122;Trento
6;880;38122;Trento
6/A;880;38122;Trento
7;880;38122;Trento
7;880;38122;Trento
9;880;38122;Trento
10;880;38122;Trento
12;880;38122;Trento
13;880;38122;Trento
15;880;38122;Trento
16;880;38122;Trento
18;880;38122;Trento
18;880;38122;Trento
19;880;38122;Trento
20;880;38122;Trento
22;880;38122;Trento
23;880;38122;Trento
24;880;38122;Trento
26;880;38122;Trento
27;880;38122;Trento
28;880;38122;Trento
29;880;38122;Trento
30;880;38122;Trento
31;880;38122;Trento
32;880;38122;Trento
1;890;38122;Trento
1;890;38122;Trento
2;890;38122;Trento
3;890;38122;Trento
5;890;38122;Trento
7;890;38122;Trento
7;890;38122;Trento
9;890;38122;Trento
9;890;38122;Trento
9/A;890;38122;Trento
9/B;890;38122;Trento
11;890;38122;Trento
13;890;38122;Trento
13-gen;890;38122;Trento
15;890;38122;Trento
17;890;38122;Trento
21;890;38122;Trento
9;900;38123;Trento
12;900;38123;Trento
12;900;38123;Trento
14;900;38123;Trento
14-gen;900;38123;Trento
15;900;38123;Trento
16;900;38123;Trento
16-gen;900;38123;Trento
16-feb;900;38123;Trento
16-mar;900;38123;Trento
17;900;38123;Trento
17;900;38123;Trento
17;900;38123;Trento
17;900;38123;Trento
18;900;38123;Trento
19;900;38123;Trento
20;900;38123;Trento
21;900;38123;Trento
21;900;38123;Trento
22;900;38123;Trento
23;900;38123;Trento
24;900;38123;Trento
25;900;38123;Trento
26;900;38123;Trento
27;900;38123;Trento
27;900;38123;Trento
27;900;38123;Trento
27;900;38123;Trento
28;900;38123;Trento
29;900;38123;Trento
29-gen;900;38123;Trento
30;900;38123;Trento
31;900;38123;Trento
31-gen;900;38123;Trento
32;900;38123;Trento
32/1;900;38123;Trento
33;900;38123;Trento
34;900;38123;Trento
34;900;38123;Trento
34/1;900;38123;Trento
34/2;900;38123;Trento
34/3;900;38123;Trento
34/4;900;38123;Trento
35;900;38123;Trento
35;900;38123;Trento
35;900;38123;Trento
35;900;38123;Trento
36;900;38123;Trento
36;900;38123;Trento
36;900;38123;Trento
36/1;900;38123;Trento
36/1;900;38123;Trento
36/1;900;38123;Trento
37;900;38123;Trento
37;900;38123;Trento
45;900;38123;Trento
47;900;38123;Trento
51;900;38123;Trento
53;900;38123;Trento
55;900;38123;Trento
55;900;38123;Trento
57;900;38123;Trento
59;900;38123;Trento
59;900;38123;Trento
61;900;38123;Trento
61;900;38123;Trento
61;900;38123;Trento
65;900;38123;Trento
65/1;900;38123;Trento
67;900;38123;Trento
67;900;38123;Trento
69;900;38123;Trento
69;900;38123;Trento
69;900;38123;Trento
69;900;38123;Trento
71;900;38123;Trento
71;900;38123;Trento
73;900;38123;Trento
73;900;38123;Trento
73/A;900;38123;Trento
77;900;38123;Trento
77;900;38123;Trento
77;900;38123;Trento
77;900;38123;Trento
77;900;38123;Trento
79;900;38123;Trento
79;900;38123;Trento
88/1;900;38123;Trento
88/2;900;38123;Trento
90/1;900;38123;Trento
92;900;38123;Trento
92/1;900;38123;Trento
94;900;38123;Trento
94;900;38123;Trento
94/A;900;38123;Trento
94/A;900;38123;Trento
94/B;900;38123;Trento
94/B;900;38123;Trento
94/B;900;38123;Trento
96;900;38123;Trento
98;900;38123;Trento
100;900;38123;Trento
100;900;38123;Trento
102;900;38123;Trento
104;900;38123;Trento
106;900;38123;Trento
108;900;38123;Trento
108/1;900;38123;Trento
108/2;900;38123;Trento
110;900;38123;Trento
110/1;900;38123;Trento
112;900;38123;Trento
112/1;900;38123;Trento
112/2;900;38123;Trento
114;900;38123;Trento
114/A;900;38123;Trento
114/A;900;38123;Trento
114/A;900;38123;Trento
116;900;38123;Trento
116;900;38123;Trento
124;900;38123;Trento
124;900;38123;Trento
124;900;38123;Trento
124;900;38123;Trento
124;900;38123;Trento
124;900;38123;Trento
124;900;38123;Trento
124;900;38123;Trento
124;900;38123;Trento
126;900;38123;Trento
126;900;38123;Trento
126/1;900;38123;Trento
126/1;900;38123;Trento
126/2;900;38123;Trento
126/2;900;38123;Trento
128;900;38123;Trento
128;900;38123;Trento
128;900;38123;Trento
128;900;38123;Trento
128;900;38123;Trento
130;900;38123;Trento
130;900;38123;Trento
130;900;38123;Trento
130;900;38123;Trento
130;900;38123;Trento
130;900;38123;Trento
130;900;38123;Trento
130;900;38123;Trento
130;900;38123;Trento
130;900;38123;Trento
130;900;38123;Trento
130;900;38123;Trento
150;900;38123;Trento
150;900;38123;Trento
150;900;38123;Trento
150;900;38123;Trento
150;900;38123;Trento
150;900;38123;Trento
150;900;38123;Trento
150;900;38123;Trento
150;900;38123;Trento
152;900;38123;Trento
152;900;38123;Trento
152;900;38123;Trento
152;900;38123;Trento
1;920;38122;Trento
2;920;38122;Trento
2;920;38122;Trento
4;920;38122;Trento
4;920;38122;Trento
4;920;38122;Trento
4;920;38122;Trento
04-gen;920;38122;Trento
04-gen;920;38122;Trento
6;920;38122;Trento
6;920;38122;Trento
6/A;920;38122;Trento
6/A;920;38122;Trento
6/A;920;38122;Trento
8;920;38122;Trento
10;920;38122;Trento
12;920;38122;Trento
12;920;38122;Trento
14;920;38122;Trento
1;930;38122;Trento
2;930;38122;Trento
3;930;38122;Trento
4;930;38122;Trento
5;930;38122;Trento
6;930;38122;Trento
7;930;38122;Trento
8;930;38122;Trento
9;930;38122;Trento
10;930;38122;Trento
11;930;38122;Trento
12;930;38122;Trento
13;930;38122;Trento
14;930;38122;Trento
15;930;38122;Trento
16;930;38122;Trento
18;930;38122;Trento
20;930;38122;Trento
22;930;38122;Trento
24;930;38122;Trento
26;930;38122;Trento
1;940;38122;Trento
3;940;38122;Trento
5;940;38122;Trento
7;940;38122;Trento
9;940;38122;Trento
11;940;38122;Trento
13;940;38122;Trento
15;940;38122;Trento
17;940;38122;Trento
19;940;38122;Trento
21;940;38122;Trento
23;940;38122;Trento
25;940;38122;Trento
25;940;38122;Trento
25;940;38122;Trento
27;940;38122;Trento
29;940;38122;Trento
31;940;38122;Trento
33;940;38122;Trento
33;940;38122;Trento
35;940;38122;Trento
35;940;38122;Trento
35;940;38122;Trento
2;950;38122;Trento
4;950;38122;Trento
04-gen;950;38122;Trento
4/B;950;38122;Trento
4/B;950;38122;Trento
4/B;950;38122;Trento
4/C;950;38122;Trento
5;950;38122;Trento
6;950;38122;Trento
7;950;38122;Trento
8;950;38122;Trento
9;950;38122;Trento
10;950;38122;Trento
11;950;38122;Trento
11;950;38122;Trento
12;950;38122;Trento
12-gen;950;38122;Trento
13;950;38122;Trento
14;950;38122;Trento
14;950;38122;Trento
14;950;38122;Trento
14;950;38122;Trento
14;950;38122;Trento
14;950;38122;Trento
15;950;38122;Trento
16;950;38122;Trento
18;950;38122;Trento
18/A;950;38122;Trento
20;950;38122;Trento
22;950;38122;Trento
24;950;38122;Trento
1;960;38122;Trento
3;960;38122;Trento
3;960;38122;Trento
3;960;38122;Trento
5;960;38122;Trento
1;970;38122;Trento
2;970;38122;Trento
2;970;38122;Trento
2;970;38122;Trento
2;970;38122;Trento
2;970;38122;Trento
3;970;38122;Trento
4;970;38122;Trento
5;970;38122;Trento
6;970;38122;Trento
6;970;38122;Trento
6;970;38122;Trento
6;970;38122;Trento
7;970;38122;Trento
8;970;38122;Trento
8;970;38122;Trento
9;970;38122;Trento
14;970;38122;Trento
14;970;38122;Trento
16;970;38122;Trento
18;970;38122;Trento
3/A;980;38122;Trento
4;980;38122;Trento
5;980;38122;Trento
5;980;38122;Trento
5;980;38122;Trento
8;980;38122;Trento
8/A;980;38122;Trento
8/B;980;38122;Trento
8/C;980;38122;Trento
8/D;980;38122;Trento
8/E;980;38122;Trento
8/F;980;38122;Trento
9;980;38122;Trento
10;980;38122;Trento
11;980;38122;Trento
12;980;38122;Trento
13;980;38122;Trento
14;980;38122;Trento
15;980;38122;Trento
15;980;38122;Trento
15;980;38122;Trento
16;980;38122;Trento
17;980;38122;Trento
18;980;38122;Trento
19;980;38122;Trento
20;980;38122;Trento
21;980;38122;Trento
22;980;38122;Trento
23;980;38122;Trento
24;980;38122;Trento
25;980;38122;Trento
26;980;38122;Trento
28;980;38122;Trento
30;980;38122;Trento
32;980;38122;Trento
34;980;38122;Trento
36;980;38122;Trento
38;980;38122;Trento
1;990;38122;Trento
2;990;38122;Trento
3;990;38122;Trento
4;990;38122;Trento
1;1010;38122;Trento
1/A;1010;38122;Trento
1/B;1010;38122;Trento
2;1010;38122;Trento
4;1010;38122;Trento
4;1010;38122;Trento
6;1010;38122;Trento
6;1010;38122;Trento
8;1010;38122;Trento
8;1010;38122;Trento
10;1010;38122;Trento
10;1010;38122;Trento
11;1010;38122;Trento
11;1010;38122;Trento
11;1010;38122;Trento
12;1010;38122;Trento
13;1010;38122;Trento
13;1010;38122;Trento
15;1010;38122;Trento
16;1010;38122;Trento
16;1010;38122;Trento
16;1010;38122;Trento
16;1010;38122;Trento
17;1010;38122;Trento
17;1010;38122;Trento
19;1010;38122;Trento
19;1010;38122;Trento
21;1010;38122;Trento
21;1010;38122;Trento
23;1010;38122;Trento
23/B;1010;38122;Trento
23/C;1010;38122;Trento
24;1010;38122;Trento
24;1010;38122;Trento
24;1010;38122;Trento
24;1010;38122;Trento
25;1010;38122;Trento
28;1010;38122;Trento
28;1010;38122;Trento
29;1010;38122;Trento
29/B;1010;38122;Trento
29/B;1010;38122;Trento
29/E;1010;38122;Trento
30;1010;38122;Trento
31;1010;38122;Trento
31-gen;1010;38122;Trento
32;1010;38122;Trento
33;1010;38122;Trento
34;1010;38122;Trento
35;1010;38122;Trento
36;1010;38122;Trento
37;1010;38122;Trento
38;1010;38122;Trento
39;1010;38122;Trento
40;1010;38122;Trento
40;1010;38122;Trento
40;1010;38122;Trento
40/A;1010;38122;Trento
41;1010;38122;Trento
41;1010;38122;Trento
42;1010;38122;Trento
42;1010;38122;Trento
42;1010;38122;Trento
43/A;1010;38122;Trento
43/B;1010;38122;Trento
43/B;1010;38122;Trento
43/B;1010;38122;Trento
44;1010;38122;Trento
44;1010;38122;Trento
44;1010;38122;Trento
45;1010;38122;Trento
45/1;1010;38122;Trento
45/1;1010;38122;Trento
46;1010;38122;Trento
46;1010;38122;Trento
47;1010;38122;Trento
47;1010;38122;Trento
48;1010;38122;Trento
49;1010;38122;Trento
49;1010;38122;Trento
50;1010;38122;Trento
51;1010;38122;Trento
51;1010;38122;Trento
52;1010;38122;Trento
52;1010;38122;Trento
52;1010;38122;Trento
53;1010;38122;Trento
54;1010;38122;Trento
54;1010;38122;Trento
55;1010;38122;Trento
55;1010;38122;Trento
56;1010;38122;Trento
56;1010;38122;Trento
57;1010;38122;Trento
59;1010;38122;Trento
60;1010;38122;Trento
60;1010;38122;Trento
60;1010;38122;Trento
62;1010;38122;Trento
62;1010;38122;Trento
64;1010;38122;Trento
64;1010;38122;Trento
66;1010;38122;Trento
66;1010;38122;Trento
67;1010;38122;Trento
68;1010;38122;Trento
68;1010;38122;Trento
69;1010;38122;Trento
69/1;1010;38122;Trento
70;1010;38122;Trento
70;1010;38122;Trento
71;1010;38122;Trento
71;1010;38122;Trento
72;1010;38122;Trento
72;1010;38122;Trento
73;1010;38122;Trento
73;1010;38122;Trento
73;1010;38122;Trento
74;1010;38122;Trento
74;1010;38122;Trento
74;1010;38122;Trento
76;1010;38122;Trento
76;1010;38122;Trento
78;1010;38122;Trento
82;1010;38122;Trento
82;1010;38122;Trento
82;1010;38122;Trento
84;1010;38122;Trento
84;1010;38122;Trento
86;1010;38122;Trento
86;1010;38122;Trento
86;1010;38122;Trento
86;1010;38122;Trento
89;1010;38122;Trento
1;1020;38122;Trento
01-gen;1020;38122;Trento
01-feb;1020;38122;Trento
01-mar;1020;38122;Trento
01-mag;1020;38122;Trento
2;1020;38122;Trento
3;1020;38122;Trento
3;1020;38122;Trento
3;1020;38122;Trento
4;1020;38122;Trento
04-gen;1020;38122;Trento
5;1020;38122;Trento
5;1020;38122;Trento
5;1020;38122;Trento
5;1020;38122;Trento
5;1020;38122;Trento
5;1020;38122;Trento
5;1020;38122;Trento
5;1020;38122;Trento
5;1020;38122;Trento
5;1020;38122;Trento
5;1020;38122;Trento
6;1020;38122;Trento
7;1020;38122;Trento
7;1020;38122;Trento
7;1020;38122;Trento
7;1020;38122;Trento
7;1020;38122;Trento
7/A;1020;38122;Trento
8;1020;38122;Trento
9;1020;38122;Trento
10;1020;38122;Trento
10/A;1020;38122;Trento
11;1020;38122;Trento
11;1020;38122;Trento
12;1020;38122;Trento
13;1020;38122;Trento
13;1020;38122;Trento
14;1020;38122;Trento
15;1020;38122;Trento
15;1020;38122;Trento
16;1020;38122;Trento
17;1020;38122;Trento
19;1020;38122;Trento
19-gen;1020;38122;Trento
21;1020;38122;Trento
23;1020;38122;Trento
23;1020;38122;Trento
25;1020;38122;Trento
1;1030;38122;Trento
1;1030;38122;Trento
2;1030;38122;Trento
3;1030;38122;Trento
4;1030;38122;Trento
5;1030;38122;Trento
6;1030;38122;Trento
1;1040;38122;Trento
9;1040;38122;Trento
10;1040;38122;Trento
11;1040;38122;Trento
12;1040;38122;Trento
18;1040;38122;Trento
18;1040;38122;Trento
18;1040;38122;Trento
18;1040;38122;Trento
18;1040;38122;Trento
21;1040;38122;Trento
22;1040;38122;Trento
23;1040;38122;Trento
24;1040;38122;Trento
25;1040;38122;Trento
26;1040;38122;Trento
27;1040;38122;Trento
29;1040;38122;Trento
29;1040;38122;Trento
30;1040;38122;Trento
30;1040;38122;Trento
31;1040;38122;Trento
33;1040;38122;Trento
33;1040;38122;Trento
33;1040;38122;Trento
33;1040;38122;Trento
33;1040;38122;Trento
33;1040;38122;Trento
34;1040;38122;Trento
35;1040;38122;Trento
36;1040;38122;Trento
37;1040;38122;Trento
38;1040;38122;Trento
39;1040;38122;Trento
40;1040;38122;Trento
41;1040;38122;Trento
42;1040;38122;Trento
43;1040;38122;Trento
44;1040;38122;Trento
45;1040;38122;Trento
46;1040;38122;Trento
2;1050;38123;Trento
02-gen;1050;38123;Trento
3;1050;38123;Trento
4;1050;38123;Trento
4;1050;38123;Trento
5;1050;38123;Trento
6;1050;38123;Trento
6;1050;38123;Trento
6;1050;38123;Trento
7;1050;38123;Trento
8;1050;38123;Trento
8;1050;38123;Trento
10;1050;38123;Trento
10;1050;38123;Trento
11;1050;38123;Trento
11;1050;38123;Trento
13;1050;38123;Trento
13;1050;38123;Trento
13;1050;38123;Trento
13;1050;38123;Trento
13;1050;38123;Trento
13;1050;38123;Trento
13;1050;38123;Trento
16;1050;38123;Trento
18;1050;38123;Trento
18;1050;38123;Trento
18;1050;38123;Trento
19;1050;38123;Trento
19;1050;38123;Trento
21;1050;38123;Trento
21;1050;38123;Trento
21/A;1050;38123;Trento
21/A;1050;38123;Trento
22;1050;38123;Trento
22;1050;38123;Trento
22/A;1050;38123;Trento
23;1050;38123;Trento
24;1050;38123;Trento
24;1050;38123;Trento
25;1050;38123;Trento
26;1050;38123;Trento
26;1050;38123;Trento
28;1050;38123;Trento
28;1050;38123;Trento
38;1050;38123;Trento
40;1050;38123;Trento
40;1050;38123;Trento
40;1050;38123;Trento
40;1050;38123;Trento
42;1050;38123;Trento
42;1050;38123;Trento
42;1050;38123;Trento
44;1050;38123;Trento
46;1050;38123;Trento
46;1050;38123;Trento
46;1050;38123;Trento
46;1050;38123;Trento
46/A;1050;38123;Trento
46/A;1050;38123;Trento
48;1050;38123;Trento
48;1050;38123;Trento
50;1050;38123;Trento
52;1050;38123;Trento
54;1050;38123;Trento
54;1050;38123;Trento
56;1050;38123;Trento
58;1050;38123;Trento
58;1050;38123;Trento
60;1050;38123;Trento
66;1050;38123;Trento
66;1050;38123;Trento
1;1060;38122;Trento
2;1060;38122;Trento
3;1060;38122;Trento
4;1060;38122;Trento
5;1060;38122;Trento
7;1060;38122;Trento
9;1060;38122;Trento
10;1060;38122;Trento
11;1060;38122;Trento
12;1060;38122;Trento
12;1060;38122;Trento
12/A;1060;38122;Trento
13;1060;38122;Trento
14;1060;38122;Trento
14;1060;38122;Trento
14/A;1060;38122;Trento
15;1060;38122;Trento
16;1060;38122;Trento
16;1060;38122;Trento
16;1060;38122;Trento
17;1060;38122;Trento
18;1060;38122;Trento
18;1060;38122;Trento
19;1060;38122;Trento
20;1060;38122;Trento
21;1060;38122;Trento
21;1060;38122;Trento
22;1060;38122;Trento
23;1060;38122;Trento
23;1060;38122;Trento
23;1060;38122;Trento
24;1060;38122;Trento
25;1060;38122;Trento
25;1060;38122;Trento
26;1060;38122;Trento
26-gen;1060;38122;Trento
26-feb;1060;38122;Trento
27;1060;38122;Trento
27;1060;38122;Trento
27;1060;38122;Trento
27;1060;38122;Trento
27;1060;38122;Trento
28;1060;38122;Trento
28;1060;38122;Trento
30;1060;38122;Trento
30;1060;38122;Trento
32;1060;38122;Trento
1;1070;38122;Trento
2;1070;38122;Trento
3;1070;38122;Trento
4;1070;38122;Trento
5;1070;38122;Trento
6;1070;38122;Trento
7;1070;38122;Trento
1;1080;38122;Trento
2;1080;38122;Trento
3;1080;38122;Trento
03-gen;1080;38122;Trento
03-gen;1080;38122;Trento
03-feb;1080;38122;Trento
4;1080;38122;Trento
4;1080;38122;Trento
5;1080;38122;Trento
05-gen;1080;38122;Trento
05-feb;1080;38122;Trento
05-mar;1080;38122;Trento
05-apr;1080;38122;Trento
6;1080;38122;Trento
7;1080;38122;Trento
07-gen;1080;38122;Trento
07-feb;1080;38122;Trento
8;1080;38122;Trento
9;1080;38122;Trento
10;1080;38122;Trento
11;1080;38122;Trento
12;1080;38122;Trento
13;1080;38122;Trento
14;1080;38122;Trento
15;1080;38122;Trento
15;1080;38122;Trento
16;1080;38122;Trento
17;1080;38122;Trento
18;1080;38122;Trento
20;1080;38122;Trento
22;1080;38122;Trento
24;1080;38122;Trento
24;1080;38122;Trento
24;1080;38122;Trento
24;1080;38122;Trento
24;1080;38122;Trento
26;1080;38122;Trento
26;1080;38122;Trento
28;1080;38122;Trento
28;1080;38122;Trento
28;1080;38122;Trento
28;1080;38122;Trento
30;1080;38122;Trento
30;1080;38122;Trento
34;1080;38122;Trento
36;1080;38122;Trento
38;1080;38122;Trento
40;1080;38122;Trento
40;1080;38122;Trento
44;1080;38122;Trento
46;1080;38122;Trento
48;1080;38122;Trento
48;1080;38122;Trento
50;1080;38122;Trento
54;1080;38122;Trento
56;1080;38122;Trento
3;1090;38123;Trento
3;1090;38123;Trento
4;1090;38123;Trento
4;1090;38123;Trento
4;1090;38123;Trento
5;1090;38123;Trento
5;1090;38123;Trento
5/A;1090;38123;Trento
5/A;1090;38123;Trento
6;1090;38123;Trento
6;1090;38123;Trento
6;1090;38123;Trento
7;1090;38123;Trento
07-gen;1090;38123;Trento
8;1090;38123;Trento
9;1090;38123;Trento
09-gen;1090;38123;Trento
10;1090;38123;Trento
10;1090;38123;Trento
11;1090;38123;Trento
11-gen;1090;38123;Trento
12;1090;38123;Trento
12;1090;38123;Trento
12;1090;38123;Trento
12;1090;38123;Trento
13;1090;38123;Trento
13-gen;1090;38123;Trento
13-feb;1090;38123;Trento
14;1090;38123;Trento
14-gen;1090;38123;Trento
14-gen;1090;38123;Trento
15;1090;38123;Trento
15/A;1090;38123;Trento
16;1090;38123;Trento
16;1090;38123;Trento
16;1090;38123;Trento
16;1090;38123;Trento
17;1090;38123;Trento
17/B;1090;38123;Trento
18;1090;38123;Trento
18;1090;38123;Trento
18;1090;38123;Trento
19;1090;38123;Trento
20;1090;38123;Trento
20;1090;38123;Trento
22;1090;38123;Trento
22;1090;38123;Trento
22;1090;38123;Trento
23;1090;38123;Trento
23/A;1090;38123;Trento
23/A;1090;38123;Trento
23/B;1090;38123;Trento
23/B;1090;38123;Trento
23/C;1090;38123;Trento
23/C;1090;38123;Trento
23/C;1090;38123;Trento
23/C;1090;38123;Trento
23/C;1090;38123;Trento
23/C;1090;38123;Trento
23/C;1090;38123;Trento
23/D;1090;38123;Trento
25;1090;38123;Trento
25;1090;38123;Trento
26;1090;38123;Trento
26;1090;38123;Trento
26;1090;38123;Trento
26;1090;38123;Trento
26;1090;38123;Trento
26;1090;38123;Trento
26;1090;38123;Trento
26;1090;38123;Trento
26;1090;38123;Trento
26;1090;38123;Trento
27;1090;38123;Trento
27;1090;38123;Trento
29;1090;38123;Trento
29;1090;38123;Trento
33;1090;38123;Trento
33;1090;38123;Trento
35;1090;38123;Trento
35;1090;38123;Trento
35;1090;38123;Trento
50;1090;38123;Trento
50;1090;38123;Trento
52;1090;38123;Trento
52;1090;38123;Trento
52;1090;38123;Trento
62;1090;38123;Trento
64;1090;38123;Trento
64;1090;38123;Trento
64;1090;38123;Trento
64;1090;38123;Trento
68;1090;38123;Trento
68;1090;38123;Trento
68;1090;38123;Trento
70;1090;38123;Trento
70;1090;38123;Trento
70;1090;38123;Trento
70;1090;38123;Trento
70;1090;38123;Trento
70;1090;38123;Trento
70;1090;38123;Trento
70;1090;38123;Trento
70;1090;38123;Trento
70;1090;38123;Trento
3;1100;38122;Trento
4;1100;38122;Trento
4;1100;38122;Trento
5;1100;38122;Trento
6;1100;38122;Trento
7;1100;38122;Trento
8;1100;38122;Trento
9;1100;38122;Trento
10;1100;38122;Trento
11;1100;38122;Trento
12;1100;38122;Trento
13;1100;38122;Trento
14;1100;38122;Trento
15;1100;38122;Trento
16;1100;38122;Trento
17;1100;38122;Trento
18;1100;38122;Trento
18;1100;38122;Trento
19;1100;38122;Trento
21;1100;38122;Trento
22;1100;38122;Trento
24;1100;38122;Trento
25;1100;38122;Trento
26;1100;38122;Trento
27;1100;38122;Trento
27-gen;1100;38122;Trento
28;1100;38122;Trento
29;1100;38122;Trento
30;1100;38122;Trento
31;1100;38122;Trento
32;1100;38122;Trento
33;1100;38122;Trento
34;1100;38122;Trento
34;1100;38122;Trento
35;1100;38122;Trento
36;1100;38122;Trento
37;1100;38122;Trento
39;1100;38122;Trento
41;1100;38122;Trento
41/1;1100;38122;Trento
43;1100;38122;Trento
43/1;1100;38122;Trento
45;1100;38122;Trento
47;1100;38122;Trento
49;1100;38122;Trento
51;1100;38122;Trento
53;1100;38122;Trento
1;1110;38122;Trento
2;1110;38122;Trento
2;1110;38122;Trento
02-gen;1110;38122;Trento
02-feb;1110;38122;Trento
3;1110;38122;Trento
3;1110;38122;Trento
4;1110;38122;Trento
04-gen;1110;38122;Trento
5;1110;38122;Trento
6;1110;38122;Trento
7;1110;38122;Trento
7;1110;38122;Trento
7;1110;38122;Trento
8;1110;38122;Trento
9;1110;38122;Trento
10;1110;38122;Trento
11;1110;38122;Trento
13;1110;38122;Trento
15;1110;38122;Trento
17;1110;38122;Trento
19;1110;38122;Trento
2;1120;38123;Trento
2;1120;38123;Trento
2;1120;38123;Trento
2;1120;38123;Trento
4;1120;38123;Trento
4;1120;38123;Trento
4;1120;38123;Trento
4;1120;38123;Trento
4;1120;38123;Trento
4;1120;38123;Trento
04-gen;1120;38123;Trento
04-gen;1120;38123;Trento
04-gen;1120;38123;Trento
04-gen;1120;38123;Trento
6;1120;38123;Trento
6;1120;38123;Trento
6;1120;38123;Trento
6;1120;38123;Trento
06-gen;1120;38123;Trento
06-feb;1120;38123;Trento
06-feb;1120;38123;Trento
06-mar;1120;38123;Trento
06-mar;1120;38123;Trento
06-apr;1120;38123;Trento
06-apr;1120;38123;Trento
06-apr;1120;38123;Trento
8;1120;38123;Trento
10;1120;38123;Trento
11;1120;38123;Trento
12;1120;38123;Trento
12;1120;38123;Trento
12;1120;38123;Trento
12/A;1120;38123;Trento
12/A;1120;38123;Trento
12/A;1120;38123;Trento
12/A;1120;38123;Trento
12/A;1120;38123;Trento
12/A;1120;38123;Trento
12/A;1120;38123;Trento
14;1120;38123;Trento
14;1120;38123;Trento
14;1120;38123;Trento
15;1120;38123;Trento
16;1120;38123;Trento
16;1120;38123;Trento
16;1120;38123;Trento
17;1120;38123;Trento
18;1120;38123;Trento
18;1120;38123;Trento
18/A;1120;38123;Trento
18/A;1120;38123;Trento
19;1120;38123;Trento
20;1120;38123;Trento
20;1120;38123;Trento
20;1120;38123;Trento
20;1120;38123;Trento
21;1120;38123;Trento
21;1120;38123;Trento
21;1120;38123;Trento
23;1120;38123;Trento
23;1120;38123;Trento
25;1120;38123;Trento
25;1120;38123;Trento
25;1120;38123;Trento
25;1120;38123;Trento
25;1120;38123;Trento
25;1120;38123;Trento
25;1120;38123;Trento
26;1120;38123;Trento
26;1120;38123;Trento
26;1120;38123;Trento
26/A;1120;38123;Trento
26/A;1120;38123;Trento
26/A;1120;38123;Trento
28;1120;38123;Trento
28;1120;38123;Trento
28;1120;38123;Trento
28;1120;38123;Trento
30;1120;38123;Trento
30/A;1120;38123;Trento
32;1120;38123;Trento
34;1120;38123;Trento
34;1120;38123;Trento
34/A;1120;38123;Trento
36;1120;38123;Trento
38;1120;38123;Trento
38;1120;38123;Trento
40;1120;38123;Trento
40/A;1120;38123;Trento
42;1120;38123;Trento
42;1120;38123;Trento
42/A;1120;38123;Trento
42/A;1120;38123;Trento
44;1120;38123;Trento
44/A;1120;38123;Trento
44/B;1120;38123;Trento
46;1120;38123;Trento
46/A;1120;38123;Trento
48;1120;38123;Trento
48;1120;38123;Trento
48/1;1120;38123;Trento
48/1;1120;38123;Trento
52;1120;38123;Trento
54;1120;38123;Trento
54;1120;38123;Trento
54;1120;38123;Trento
56;1120;38123;Trento
58;1120;38123;Trento
60;1120;38123;Trento
60;1120;38123;Trento
60;1120;38123;Trento
60;1120;38123;Trento
60;1120;38123;Trento
60;1120;38123;Trento
60;1120;38123;Trento
62;1120;38123;Trento
64;1120;38123;Trento
64;1120;38123;Trento
64;1120;38123;Trento
66;1120;38123;Trento
68;1120;38123;Trento
72;1120;38123;Trento
76;1120;38123;Trento
76;1120;38123;Trento
76;1120;38123;Trento
76/A;1120;38123;Trento
76/A;1120;38123;Trento
78;1120;38123;Trento
1;1125;38123;Trento
6;1125;38123;Trento
7;1125;38123;Trento
7;1125;38123;Trento
7;1125;38123;Trento
7;1125;38123;Trento
8;1125;38123;Trento
10;1125;38123;Trento
11;1125;38123;Trento
11;1125;38123;Trento
12;1125;38123;Trento
15;1125;38123;Trento
17;1125;38123;Trento
21;1125;38123;Trento
23;1125;38123;Trento
23;1125;38123;Trento
23;1125;38123;Trento
23;1125;38123;Trento
23;1125;38123;Trento
23;1125;38123;Trento
23;1125;38123;Trento
23;1125;38123;Trento
1;1130;38122;Trento
1/A;1130;38122;Trento
1/B;1130;38122;Trento
2;1130;38122;Trento
3;1130;38122;Trento
4;1130;38122;Trento
4;1130;38122;Trento
4;1130;38122;Trento
4;1130;38122;Trento
4;1130;38122;Trento
4;1130;38122;Trento
4;1130;38122;Trento
4;1130;38122;Trento
4;1130;38122;Trento
4;1130;38122;Trento
5;1130;38122;Trento
6;1130;38122;Trento
7;1130;38122;Trento
8;1130;38122;Trento
9;1130;38122;Trento
10;1130;38122;Trento
11;1130;38122;Trento
12;1130;38122;Trento
13;1130;38122;Trento
17;1130;38122;Trento
18;1130;38122;Trento
19;1130;38122;Trento
20;1130;38122;Trento
21;1130;38122;Trento
22;1130;38122;Trento
23;1130;38122;Trento
24;1130;38122;Trento
1;1140;38122;Trento
2;1140;38122;Trento
3;1140;38122;Trento
4;1140;38122;Trento
5;1140;38122;Trento
6;1140;38122;Trento
7;1140;38122;Trento
8;1140;38122;Trento
10;1140;38122;Trento
12;1140;38122;Trento
14;1140;38122;Trento
16;1140;38122;Trento
18;1140;38122;Trento
1;1150;38122;Trento
2;1150;38122;Trento
3;1150;38122;Trento
4;1150;38122;Trento
5;1150;38122;Trento
6;1150;38122;Trento
7;1150;38122;Trento
7;1150;38122;Trento
7;1150;38122;Trento
8;1150;38122;Trento
9;1150;38122;Trento
9;1150;38122;Trento
10;1150;38122;Trento
12;1150;38122;Trento
14;1150;38122;Trento
16;1150;38122;Trento
16;1150;38122;Trento
18;1150;38122;Trento
20;1150;38122;Trento
22;1150;38122;Trento
22;1150;38122;Trento
26;1150;38122;Trento
26;1150;38122;Trento
28;1150;38122;Trento
28;1150;38122;Trento
28;1150;38122;Trento
30;1150;38122;Trento
32;1150;38122;Trento
34;1150;38122;Trento
34;1150;38122;Trento
36;1150;38122;Trento
38;1150;38122;Trento
2;1160;38122;Trento
2;1160;38122;Trento
2;1160;38122;Trento
2;1160;38122;Trento
3;1160;38122;Trento
3;1160;38122;Trento
3;1160;38122;Trento
3;1160;38122;Trento
3;1160;38122;Trento
4;1160;38122;Trento
4;1160;38122;Trento
5;1160;38122;Trento
7;1160;38122;Trento
9;1160;38122;Trento
11;1160;38122;Trento
13;1160;38122;Trento
15;1160;38122;Trento
17;1160;38122;Trento
19;1160;38122;Trento
21;1160;38122;Trento
23;1160;38122;Trento
25;1160;38122;Trento
27;1160;38122;Trento
29;1160;38122;Trento
31;1160;38122;Trento
33;1160;38122;Trento
35;1160;38122;Trento
35;1160;38122;Trento
37;1160;38122;Trento
1;1170;38122;Trento
01-gen;1170;38122;Trento
2;1170;38122;Trento
02-gen;1170;38122;Trento
3;1170;38122;Trento
4;1170;38122;Trento
4;1170;38122;Trento
5;1170;38122;Trento
05-gen;1170;38122;Trento
6;1170;38122;Trento
7;1170;38122;Trento
8;1170;38122;Trento
9;1170;38122;Trento
10;1170;38122;Trento
11;1170;38122;Trento
11;1170;38122;Trento
12;1170;38122;Trento
12/A;1170;38122;Trento
13;1170;38121;Trento
14;1170;38122;Trento
14-gen;1170;38122;Trento
15;1170;38122;Trento
16;1170;38122;Trento
17;1170;38122;Trento
18;1170;38122;Trento
19;1170;38122;Trento
20;1170;38122;Trento
20-gen;1170;38122;Trento
21;1170;38122;Trento
22;1170;38122;Trento
23;1170;38122;Trento
24;1170;38122;Trento
25;1170;38122;Trento
26;1170;38122;Trento
27;1170;38122;Trento
28;1170;38122;Trento
29;1170;38122;Trento
30;1170;38122;Trento
30-gen;1170;38122;Trento
30/2;1170;38122;Trento
30-mar;1170;38122;Trento
30-apr;1170;38122;Trento
31;1170;38122;Trento
32;1170;38122;Trento
32/A;1170;38122;Trento
32/A;1170;38122;Trento
33;1170;38122;Trento
34;1170;38122;Trento
34;1170;38122;Trento
34;1170;38122;Trento
34/1;1170;38122;Trento
35;1170;38122;Trento
36;1170;38122;Trento
37;1170;38122;Trento
39;1170;38122;Trento
40;1170;38122;Trento
41;1170;38122;Trento
43;1170;38122;Trento
44;1170;38122;Trento
45;1170;38122;Trento
47;1170;38122;Trento
49;1170;38122;Trento
50;1170;38122;Trento
51;1170;38122;Trento
52;1170;38122;Trento
52;1170;38122;Trento
53;1170;38122;Trento
55;1170;38122;Trento
57;1170;38122;Trento
58;1170;38122;Trento
59;1170;38122;Trento
60;1170;38122;Trento
61;1170;38122;Trento
63;1170;38122;Trento
65;1170;38122;Trento
1;1180;38123;Trento
1;1180;38123;Trento
1;1180;38123;Trento
1;1180;38123;Trento
01-gen;1180;38123;Trento
01-gen;1180;38123;Trento
01-gen;1180;38123;Trento
2;1180;38123;Trento
2;1180;38123;Trento
3;1180;38123;Trento
3;1180;38123;Trento
3/A;1180;38123;Trento
3/A;1180;38123;Trento
5;1180;38123;Trento
7;1180;38123;Trento
9;1180;38123;Trento
9;1180;38123;Trento
11;1180;38123;Trento
11;1180;38123;Trento
2;1190;38122;Trento
3;1190;38122;Trento
4;1190;38122;Trento
5;1190;38122;Trento
7;1190;38122;Trento
9;1190;38122;Trento
11;1190;38122;Trento
13;1190;38122;Trento
15;1190;38122;Trento
17;1190;38122;Trento
17;1190;38122;Trento
19;1190;38122;Trento
21;1190;38122;Trento
1;1200;38122;Trento
1/A;1200;38122;Trento
1/A;1200;38122;Trento
1/A;1200;38122;Trento
2;1200;38122;Trento
3;1200;38122;Trento
4;1200;38122;Trento
5;1200;38122;Trento
6;1200;38122;Trento
7;1200;38122;Trento
8;1200;38122;Trento
9;1200;38122;Trento
10;1200;38122;Trento
10-gen;1200;38122;Trento
11;1200;38122;Trento
12;1200;38122;Trento
13;1200;38122;Trento
14;1200;38122;Trento
15;1200;38122;Trento
16;1200;38122;Trento
17;1200;38122;Trento
18;1200;38122;Trento
19;1200;38122;Trento
20;1200;38122;Trento
21;1200;38122;Trento
22;1200;38122;Trento
23;1200;38122;Trento
24;1200;38122;Trento
25;1200;38122;Trento
26;1200;38122;Trento
27;1200;38122;Trento
28;1200;38122;Trento
29;1200;38122;Trento
30;1200;38122;Trento
31;1200;38122;Trento
32;1200;38122;Trento
32;1200;38122;Trento
34;1200;38122;Trento
1;1210;38123;Trento
1/A;1210;38123;Trento
2;1210;38123;Trento
3;1210;38123;Trento
3/A;1210;38123;Trento
4;1210;38123;Trento
5;1210;38123;Trento
6;1210;38123;Trento
7;1210;38123;Trento
8;1210;38123;Trento
9;1210;38123;Trento
9;1210;38123;Trento
9;1210;38123;Trento
10;1210;38123;Trento
12;1210;38123;Trento
14;1210;38123;Trento
16;1210;38123;Trento
18;1210;38123;Trento
20;1210;38123;Trento
1;1220;38122;Trento
3;1220;38122;Trento
3;1220;38122;Trento
3;1220;38122;Trento
4;1220;38122;Trento
5;1220;38122;Trento
6;1220;38122;Trento
8;1220;38122;Trento
8/A;1220;38122;Trento
8/B;1220;38122;Trento
9;1220;38122;Trento
9;1220;38122;Trento
10;1220;38122;Trento
10/A;1220;38122;Trento
10/B;1220;38122;Trento
11;1220;38122;Trento
12;1220;38122;Trento
13;1220;38122;Trento
14;1220;38122;Trento
15;1220;38122;Trento
16;1220;38122;Trento
16-feb;1220;38122;Trento
16/A;1220;38122;Trento
16/B;1220;38122;Trento
17;1220;38122;Trento
18;1220;38122;Trento
19;1220;38122;Trento
20;1220;38122;Trento
23;1220;38122;Trento
25;1220;38122;Trento
27;1220;38122;Trento
27;1220;38122;Trento
27-gen;1220;38122;Trento
27-feb;1220;38122;Trento
29;1220;38122;Trento
29/A;1220;38122;Trento
31;1220;38122;Trento
33;1220;38122;Trento
35;1220;38122;Trento
37;1220;38122;Trento
39;1220;38122;Trento
39;1220;38122;Trento
1;1230;38122;Trento
2;1230;38122;Trento
3;1230;38122;Trento
4;1230;38122;Trento
5;1230;38122;Trento
7;1230;38122;Trento
8;1230;38122;Trento
9;1230;38122;Trento
10;1230;38122;Trento
11;1230;38122;Trento
13;1230;38122;Trento
15;1230;38122;Trento
17;1230;38122;Trento
19;1230;38122;Trento
21;1230;38122;Trento
21/A;1230;38122;Trento
23;1230;38122;Trento
25;1230;38122;Trento
27;1230;38122;Trento
29;1230;38122;Trento
31;1230;38122;Trento
33;1230;38122;Trento
1;1250;38121;Trento
2;1250;38121;Trento
2;1250;38121;Trento
2;1250;38121;Trento
4;1250;38121;Trento
6;1250;38121;Trento
8;1250;38121;Trento
10;1250;38121;Trento
12;1250;38121;Trento
14;1250;38121;Trento
16;1250;38121;Trento
1;1260;38122;Trento
2;1260;38122;Trento
3;1260;38122;Trento
4;1260;38122;Trento
5;1260;38122;Trento
6;1260;38122;Trento
7;1260;38122;Trento
8;1260;38122;Trento
9;1260;38122;Trento
10;1260;38122;Trento
11;1260;38122;Trento
12;1260;38122;Trento
12;1260;38122;Trento
12;1260;38122;Trento
13;1260;38122;Trento
14;1260;38122;Trento
14;1260;38122;Trento
15;1260;38122;Trento
16;1260;38122;Trento
17;1260;38122;Trento
18;1260;38122;Trento
19;1260;38122;Trento
20;1260;38122;Trento
21;1260;38122;Trento
21;1260;38122;Trento
22;1260;38122;Trento
22;1260;38122;Trento
23;1260;38122;Trento
24;1260;38122;Trento
25;1260;38122;Trento
26;1260;38122;Trento
27;1260;38122;Trento
28;1260;38122;Trento
28;1260;38122;Trento
28;1260;38122;Trento
28;1260;38122;Trento
29;1260;38122;Trento
1;1270;38122;Trento
2;1270;38122;Trento
3;1270;38122;Trento
4;1270;38122;Trento
5;1270;38122;Trento
6;1270;38122;Trento
8;1270;38122;Trento
10;1270;38122;Trento
10-gen;1270;38122;Trento
12;1270;38122;Trento
1;1280;38122;Trento
2;1280;38122;Trento
3;1280;38122;Trento
5;1280;38122;Trento
7;1280;38122;Trento
11;1280;38122;Trento
13;1280;38122;Trento
15;1280;38122;Trento
25;1280;38122;Trento
25;1280;38122;Trento
33;1280;38122;Trento
35;1280;38122;Trento
37;1280;38122;Trento
39;1280;38122;Trento
41;1280;38122;Trento
43;1280;38122;Trento
43;1280;38122;Trento
45;1280;38122;Trento
45;1280;38122;Trento
45;1280;38122;Trento
47;1280;38122;Trento
51;1280;38122;Trento
6;1290;38122;Trento
6;1290;38122;Trento
6;1290;38122;Trento
6;1290;38122;Trento
8;1290;38122;Trento
10;1290;38122;Trento
12;1290;38122;Trento
1;1300;38122;Trento
3;1300;38122;Trento
4;1300;38122;Trento
4;1300;38122;Trento
5;1300;38122;Trento
6;1300;38122;Trento
6;1300;38122;Trento
6;1300;38122;Trento
6;1300;38122;Trento
7;1300;38122;Trento
8;1300;38122;Trento
9;1300;38122;Trento
11;1300;38122;Trento
13;1300;38122;Trento
15;1300;38122;Trento
17;1300;38122;Trento
19;1300;38122;Trento
21;1300;38122;Trento
23;1300;38122;Trento
25;1300;38122;Trento
27;1300;38122;Trento
2;1310;38122;Trento
2;1310;38122;Trento
2/A;1310;38122;Trento
2/A;1310;38122;Trento
3;1310;38122;Trento
4;1310;38122;Trento
4;1310;38122;Trento
6;1310;38122;Trento
6;1310;38122;Trento
6;1310;38122;Trento
6;1310;38122;Trento
7;1310;38122;Trento
8;1310;38122;Trento
08-gen;1310;38122;Trento
9;1310;38122;Trento
10;1310;38122;Trento
10;1310;38122;Trento
11;1310;38122;Trento
12;1310;38122;Trento
12;1310;38122;Trento
12;1310;38122;Trento
14;1310;38122;Trento
15;1310;38122;Trento
16;1310;38122;Trento
16-gen;1310;38122;Trento
16-feb;1310;38122;Trento
16-mar;1310;38122;Trento
17;1310;38122;Trento
18;1310;38122;Trento
18/A;1310;38122;Trento
18/B;1310;38122;Trento
18/C;1310;38122;Trento
18/D;1310;38122;Trento
18/E;1310;38122;Trento
18/F;1310;38122;Trento
19;1310;38122;Trento
19;1310;38122;Trento
20;1310;38122;Trento
20-gen;1310;38122;Trento
22;1310;38122;Trento
22-gen;1310;38122;Trento
22-feb;1310;38122;Trento
22-mar;1310;38122;Trento
23;1310;38122;Trento
23;1310;38122;Trento
24;1310;38122;Trento
25;1310;38122;Trento
26;1310;38122;Trento
26-gen;1310;38122;Trento
26-gen;1310;38122;Trento
27;1310;38122;Trento
27;1310;38122;Trento
28;1310;38122;Trento
28;1310;38122;Trento
30;1310;38122;Trento
30;1310;38122;Trento
31;1310;38122;Trento
31;1310;38122;Trento
31;1310;38122;Trento
31;1310;38122;Trento
31;1310;38122;Trento
31;1310;38122;Trento
31;1310;38122;Trento
32;1310;38122;Trento
32;1310;38122;Trento
33;1310;38122;Trento
33;1310;38122;Trento
34;1310;38122;Trento
35;1310;38122;Trento
36;1310;38122;Trento
36;1310;38122;Trento
36;1310;38122;Trento
37;1310;38122;Trento
37;1310;38122;Trento
38;1310;38122;Trento
39;1310;38122;Trento
39;1310;38122;Trento
40;1310;38122;Trento
40;1310;38122;Trento
40;1310;38122;Trento
40;1310;38122;Trento
41;1310;38122;Trento
41;1310;38122;Trento
41;1310;38122;Trento
42;1310;38122;Trento
42;1310;38122;Trento
43;1310;38122;Trento
43;1310;38122;Trento
45;1310;38122;Trento
45;1310;38122;Trento
47;1310;38122;Trento
47;1310;38122;Trento
49;1310;38122;Trento
49;1310;38122;Trento
50;1310;38122;Trento
50;1310;38122;Trento
50;1310;38122;Trento
50;1310;38122;Trento
51;1310;38122;Trento
53;1310;38122;Trento
53;1310;38122;Trento
53;1310;38122;Trento
53;1310;38122;Trento
55;1310;38122;Trento
55;1310;38122;Trento
55;1310;38122;Trento
57;1310;38122;Trento
57;1310;38122;Trento
59;1310;38122;Trento
59;1310;38122;Trento
61;1310;38122;Trento
63;1310;38122;Trento
63;1310;38122;Trento
67;1310;38122;Trento
67;1310;38122;Trento
67;1310;38122;Trento
67;1310;38122;Trento
1;1320;38122;Trento
1;1320;38122;Trento
2;1320;38122;Trento
02-gen;1320;38122;Trento
02-feb;1320;38122;Trento
02-mar;1320;38122;Trento
02-apr;1320;38122;Trento
3;1320;38122;Trento
3;1320;38122;Trento
4;1320;38122;Trento
6;1320;38122;Trento
8;1320;38122;Trento
10;1320;38122;Trento
1;1335;38121;Trento
2;1335;38121;Trento
2;1335;38121;Trento
3;1335;38121;Trento
3;1335;38121;Trento
4;1335;38121;Trento
4;1335;38121;Trento
4;1335;38121;Trento
5;1335;38121;Trento
1;1340;38122;Trento
2;1340;38122;Trento
02-gen;1340;38122;Trento
3;1340;38122;Trento
4;1340;38122;Trento
4;1340;38122;Trento
4;1340;38122;Trento
5;1340;38122;Trento
6;1340;38122;Trento
6;1340;38122;Trento
7;1340;38122;Trento
9;1340;38122;Trento
11;1340;38122;Trento
13;1340;38122;Trento
15;1340;38122;Trento
17;1340;38122;Trento
19;1340;38122;Trento
21;1340;38122;Trento
23;1340;38122;Trento
25;1340;38122;Trento
31;1340;38122;Trento
33;1340;38122;Trento
35;1340;38122;Trento
37;1340;38122;Trento
1;1350;38122;Trento
01-gen;1350;38122;Trento
01-gen;1350;38122;Trento
01-feb;1350;38122;Trento
01-mar;1350;38122;Trento
2;1350;38122;Trento
3;1350;38122;Trento
4;1350;38122;Trento
4;1350;38122;Trento
5;1350;38122;Trento
6;1350;38122;Trento
6;1350;38122;Trento
7;1350;38122;Trento
8;1350;38122;Trento
8;1350;38122;Trento
8;1350;38122;Trento
9;1350;38122;Trento
9;1350;38122;Trento
9;1350;38122;Trento
9;1350;38122;Trento
10;1350;38122;Trento
10;1350;38122;Trento
10;1350;38122;Trento
11;1350;38122;Trento
12;1350;38122;Trento
12;1350;38122;Trento
13;1350;38122;Trento
13;1350;38122;Trento
14;1350;38122;Trento
15;1350;38122;Trento
16;1350;38122;Trento
16;1350;38122;Trento
17;1350;38122;Trento
17;1350;38122;Trento
18;1350;38122;Trento
19;1350;38122;Trento
20;1350;38122;Trento
21;1350;38122;Trento
22;1350;38122;Trento
23;1350;38122;Trento
24;1350;38122;Trento
25;1350;38122;Trento
26;1350;38122;Trento
27;1350;38122;Trento
27;1350;38122;Trento
27;1350;38122;Trento
28;1350;38122;Trento
29;1350;38122;Trento
29;1350;38122;Trento
30;1350;38122;Trento
31;1350;38122;Trento
31;1350;38122;Trento
32;1350;38122;Trento
32;1350;38122;Trento
33;1350;38122;Trento
34;1350;38122;Trento
34;1350;38122;Trento
35;1350;38122;Trento
35/B;1350;38122;Trento
36;1350;38122;Trento
37;1350;38122;Trento
39;1350;38122;Trento
40;1350;38122;Trento
40;1350;38122;Trento
40;1350;38122;Trento
40;1350;38122;Trento
40;1350;38122;Trento
40;1350;38122;Trento
40;1350;38122;Trento
40;1350;38122;Trento
40;1350;38122;Trento
40;1350;38122;Trento
40/A;1350;38122;Trento
40/A;1350;38122;Trento
40/A;1350;38122;Trento
41;1350;38122;Trento
42;1350;38122;Trento
42;1350;38122;Trento
42;1350;38122;Trento
42;1350;38122;Trento
42;1350;38122;Trento
42;1350;38122;Trento
42;1350;38122;Trento
43;1350;38122;Trento
45;1350;38122;Trento
47;1350;38122;Trento
49;1350;38122;Trento
51;1350;38122;Trento
53;1350;38122;Trento
54;1350;38122;Trento
54;1350;38122;Trento
55;1350;38122;Trento
56;1350;38122;Trento
56;1350;38122;Trento
56;1350;38122;Trento
57;1350;38122;Trento
59;1350;38122;Trento
60;1350;38122;Trento
61;1350;38122;Trento
62;1350;38122;Trento
63;1350;38122;Trento
64;1350;38122;Trento
64;1350;38122;Trento
66;1350;38122;Trento
68;1350;38122;Trento
70;1350;38122;Trento
72;1350;38122;Trento
74;1350;38122;Trento
76;1350;38122;Trento
78;1350;38122;Trento
80;1350;38122;Trento
82;1350;38122;Trento
84;1350;38122;Trento
1;1355;38122;Trento
1;1355;38122;Trento
1/A;1355;38122;Trento
3;1355;38122;Trento
3;1355;38122;Trento
3;1355;38122;Trento
5;1355;38122;Trento
5/A;1355;38122;Trento
6;1355;38122;Trento
7;1355;38122;Trento
7;1355;38122;Trento
7/A;1355;38122;Trento
8;1355;38122;Trento
8;1355;38122;Trento
8;1355;38122;Trento
8;1355;38122;Trento
8;1355;38122;Trento
8;1355;38122;Trento
9;1355;38122;Trento
10;1355;38122;Trento
10;1355;38122;Trento
11;1355;38122;Trento
12;1355;38122;Trento
13;1355;38122;Trento
13/A;1355;38122;Trento
13/A;1355;38122;Trento
13/A;1355;38122;Trento
15;1355;38122;Trento
17;1355;38122;Trento
19;1355;38122;Trento
19/A;1355;38122;Trento
21;1355;38122;Trento
21;1355;38122;Trento
23;1355;38122;Trento
25;1355;38122;Trento
25;1355;38122;Trento
25;1355;38122;Trento
25;1355;38122;Trento
25;1355;38122;Trento
25;1355;38122;Trento
25;1355;38122;Trento
25;1355;38122;Trento
25;1355;38122;Trento
25;1355;38122;Trento
25;1355;38122;Trento
25;1355;38122;Trento
1;1370;38122;Trento
1;1370;38122;Trento
2;1370;38122;Trento
3;1370;38122;Trento
4;1370;38122;Trento
5;1370;38122;Trento
6;1370;38122;Trento
7;1370;38122;Trento
8;1370;38122;Trento
08-gen;1370;38122;Trento
08-gen;1370;38122;Trento
9;1370;38122;Trento
9;1370;38122;Trento
10;1370;38122;Trento
10;1370;38122;Trento
11;1370;38122;Trento
11;1370;38122;Trento
12;1370;38122;Trento
12;1370;38122;Trento
13;1370;38122;Trento
13;1370;38122;Trento
13;1370;38122;Trento
14;1370;38122;Trento
15;1370;38122;Trento
15;1370;38122;Trento
15;1370;38122;Trento
16;1370;38122;Trento
16;1370;38122;Trento
16;1370;38122;Trento
17;1370;38122;Trento
17;1370;38122;Trento
19;1370;38122;Trento
19;1370;38122;Trento
19;1370;38122;Trento
20;1370;38122;Trento
21;1370;38122;Trento
21;1370;38122;Trento
21;1370;38122;Trento
22;1370;38122;Trento
22;1370;38122;Trento
22;1370;38122;Trento
22;1370;38122;Trento
23;1370;38122;Trento
23;1370;38122;Trento
23;1370;38122;Trento
23;1370;38122;Trento
24;1370;38122;Trento
25;1370;38122;Trento
25;1370;38122;Trento
25;1370;38122;Trento
26;1370;38122;Trento
27;1370;38122;Trento
28;1370;38122;Trento
28;1370;38122;Trento
30;1370;38122;Trento
30/A;1370;38122;Trento
30/A;1370;38122;Trento
30/B;1370;38122;Trento
30/B;1370;38122;Trento
30/C;1370;38122;Trento
30/C;1370;38122;Trento
30/D;1370;38122;Trento
30/D;1370;38122;Trento
31;1370;38122;Trento
32;1370;38122;Trento
34;1370;38122;Trento
34/1;1370;38122;Trento
35;1370;38122;Trento
36;1370;38122;Trento
37;1370;38122;Trento
38;1370;38122;Trento
38/1;1370;38122;Trento
39;1370;38122;Trento
39;1370;38122;Trento
40;1370;38122;Trento
40/1;1370;38122;Trento
40/2;1370;38122;Trento
41;1370;38122;Trento
41;1370;38122;Trento
42;1370;38122;Trento
44;1370;38122;Trento
46;1370;38122;Trento
47;1370;38122;Trento
47;1370;38122;Trento
47;1370;38122;Trento
48;1370;38122;Trento
49;1370;38122;Trento
51;1370;38122;Trento
51;1370;38122;Trento
53;1370;38122;Trento
53;1370;38122;Trento
56;1370;38122;Trento
57;1370;38122;Trento
58;1370;38122;Trento
60;1370;38122;Trento
62;1370;38122;Trento
64;1370;38122;Trento
66;1370;38122;Trento
68;1370;38122;Trento
70;1370;38122;Trento
71;1370;38122;Trento
71;1370;38122;Trento
72;1370;38122;Trento
73;1370;38122;Trento
73;1370;38122;Trento
74;1370;38122;Trento
75;1370;38122;Trento
75;1370;38122;Trento
76;1370;38122;Trento
77;1370;38122;Trento
77;1370;38122;Trento
78;1370;38122;Trento
79;1370;38122;Trento
79;1370;38122;Trento
80;1370;38122;Trento
80;1370;38122;Trento
81;1370;38122;Trento
81;1370;38122;Trento
82;1370;38122;Trento
82;1370;38122;Trento
82;1370;38122;Trento
82;1370;38122;Trento
83;1370;38122;Trento
83;1370;38122;Trento
84;1370;38122;Trento
84;1370;38122;Trento
85;1370;38122;Trento
85;1370;38122;Trento
86;1370;38122;Trento
86/1;1370;38122;Trento
86/2;1370;38122;Trento
86/3;1370;38122;Trento
86/4;1370;38122;Trento
86/5;1370;38122;Trento
87;1370;38122;Trento
87;1370;38122;Trento
89;1370;38122;Trento
89;1370;38122;Trento
89;1370;38122;Trento
90;1370;38122;Trento
90;1370;38122;Trento
90;1370;38122;Trento
93;1370;38122;Trento
95;1370;38122;Trento
97;1370;38122;Trento
99;1370;38122;Trento
100;1370;38122;Trento
101;1370;38122;Trento
101;1370;38122;Trento
103;1370;38122;Trento
107;1370;38122;Trento
107;1370;38122;Trento
109;1370;38122;Trento
109;1370;38122;Trento
109;1370;38122;Trento
2;1540;38122;Trento
2;1540;38122;Trento
111;1370;38122;Trento
113;1370;38122;Trento
115;1370;38122;Trento
115;1370;38122;Trento
130;1370;38122;Trento
134;1370;38122;Trento
136;1370;38122;Trento
142;1370;38122;Trento
144;1370;38122;Trento
152;1370;38122;Trento
156;1370;38122;Trento
156/1;1370;38122;Trento
156/2;1370;38122;Trento
158;1370;38122;Trento
158;1370;38122;Trento
160;1370;38122;Trento
2;1380;38122;Trento
2;1380;38122;Trento
3;1380;38122;Trento
4;1380;38122;Trento
4;1380;38122;Trento
5;1380;38122;Trento
6;1380;38122;Trento
10;1380;38122;Trento
11;1380;38122;Trento
13;1380;38122;Trento
14;1380;38122;Trento
15;1380;38122;Trento
16;1380;38122;Trento
18;1380;38122;Trento
18-gen;1380;38122;Trento
19;1380;38122;Trento
20;1380;38122;Trento
22;1380;38122;Trento
24;1380;38122;Trento
25;1380;38122;Trento
27;1380;38122;Trento
28;1380;38122;Trento
28;1380;38122;Trento
30;1380;38122;Trento
30;1380;38122;Trento
30;1380;38122;Trento
30;1380;38122;Trento
30;1380;38122;Trento
30;1380;38122;Trento
30;1380;38122;Trento
30;1380;38122;Trento
31;1380;38122;Trento
31;1380;38122;Trento
31;1380;38122;Trento
32;1380;38122;Trento
32;1380;38122;Trento
34;1380;38122;Trento
36;1380;38122;Trento
36;1380;38122;Trento
37;1380;38122;Trento
38;1380;38122;Trento
39;1380;38122;Trento
40;1380;38122;Trento
41;1380;38122;Trento
41;1380;38122;Trento
42;1380;38122;Trento
43;1380;38122;Trento
43;1380;38122;Trento
44;1380;38122;Trento
45;1380;38122;Trento
46;1380;38122;Trento
47;1380;38122;Trento
47;1380;38122;Trento
49;1380;38122;Trento
49;1380;38122;Trento
50;1380;38122;Trento
51;1380;38122;Trento
51;1380;38122;Trento
52;1380;38122;Trento
53;1380;38122;Trento
53;1380;38122;Trento
54;1380;38122;Trento
55;1380;38122;Trento
55;1380;38122;Trento
55;1380;38122;Trento
56;1380;38122;Trento
57;1380;38122;Trento
58;1380;38122;Trento
60;1380;38122;Trento
61;1380;38122;Trento
61;1380;38122;Trento
61;1380;38122;Trento
62;1380;38122;Trento
62;1380;38122;Trento
63;1380;38122;Trento
63;1380;38122;Trento
64;1380;38122;Trento
64;1380;38122;Trento
65;1380;38122;Trento
65;1380;38122;Trento
65;1380;38122;Trento
66;1380;38122;Trento
66;1380;38122;Trento
67;1380;38122;Trento
67;1380;38122;Trento
68;1380;38122;Trento
68;1380;38122;Trento
69;1380;38122;Trento
69;1380;38122;Trento
70;1380;38122;Trento
70;1380;38122;Trento
70;1380;38122;Trento
71;1380;38122;Trento
71;1380;38122;Trento
72;1380;38122;Trento
72;1380;38122;Trento
73;1380;38122;Trento
73;1380;38122;Trento
74;1380;38122;Trento
75;1380;38122;Trento
75;1380;38122;Trento
76;1380;38122;Trento
77;1380;38122;Trento
77;1380;38122;Trento
78;1380;38122;Trento
79;1380;38122;Trento
79;1380;38122;Trento
80;1380;38122;Trento
80;1380;38122;Trento
80;1380;38122;Trento
80;1380;38122;Trento
81;1380;38122;Trento
82;1380;38122;Trento
84;1380;38122;Trento
84;1380;38122;Trento
86;1380;38122;Trento
86;1380;38122;Trento
89;1380;38122;Trento
89;1380;38122;Trento
90;1380;38122;Trento
90;1380;38122;Trento
90;1380;38122;Trento
91;1380;38122;Trento
91;1380;38122;Trento
93;1380;38122;Trento
93;1380;38122;Trento
95;1380;38122;Trento
95;1380;38122;Trento
1;1390;38123;Trento
1;1390;38123;Trento
2;1390;38123;Trento
02-gen;1390;38123;Trento
02-feb;1390;38123;Trento
02-mar;1390;38123;Trento
02-apr;1390;38123;Trento
02-mag;1390;38123;Trento
02-giu;1390;38123;Trento
02-lug;1390;38123;Trento
2/A;1390;38123;Trento
3;1390;38123;Trento
4;1390;38123;Trento
04-gen;1390;38123;Trento
5;1390;38123;Trento
5;1390;38123;Trento
05-gen;1390;38123;Trento
6;1390;38123;Trento
06-gen;1390;38123;Trento
06-feb;1390;38123;Trento
7;1390;38123;Trento
7;1390;38123;Trento
7;1390;38123;Trento
7;1390;38123;Trento
7;1390;38123;Trento
8;1390;38123;Trento
08-gen;1390;38123;Trento
08-feb;1390;38123;Trento
10;1390;38123;Trento
10;1390;38123;Trento
10;1390;38123;Trento
11;1390;38123;Trento
11;1390;38123;Trento
11;1390;38123;Trento
12;1390;38123;Trento
13;1390;38123;Trento
13;1390;38123;Trento
13;1390;38123;Trento
16;1390;38123;Trento
18;1390;38123;Trento
20;1390;38123;Trento
21;1390;38123;Trento
22;1390;38123;Trento
23;1390;38123;Trento
24;1390;38123;Trento
25;1390;38123;Trento
26;1390;38123;Trento
26;1390;38123;Trento
27;1390;38123;Trento
28;1390;38123;Trento
28;1390;38123;Trento
28;1390;38123;Trento
29;1390;38123;Trento
32;1390;38123;Trento
32/A;1390;38123;Trento
32/A;1390;38123;Trento
32/B;1390;38123;Trento
32/B;1390;38123;Trento
36;1390;38123;Trento
36;1390;38123;Trento
36;1390;38123;Trento
40;1390;38123;Trento
40/A;1390;38123;Trento
40/B;1390;38123;Trento
42;1390;38123;Trento
42/A;1390;38123;Trento
42/B;1390;38123;Trento
44;1390;38123;Trento
44/A;1390;38123;Trento
44/B;1390;38123;Trento
46;1390;38123;Trento
46/A;1390;38123;Trento
46/B;1390;38123;Trento
48;1390;38123;Trento
48/A;1390;38123;Trento
48/B;1390;38123;Trento
48/C;1390;38123;Trento
50;1390;38123;Trento
50/A;1390;38123;Trento
50/B;1390;38123;Trento
50/C;1390;38123;Trento
54;1390;38123;Trento
54;1390;38123;Trento
60;1390;38123;Trento
60;1390;38123;Trento
62;1390;38123;Trento
64;1390;38123;Trento
66;1390;38123;Trento
70;1390;38123;Trento
72;1390;38123;Trento
1;1400;38122;Trento
1/A;1400;38122;Trento
1/A;1400;38122;Trento
2;1400;38122;Trento
2/A;1400;38122;Trento
2/B;1400;38122;Trento
3;1400;38122;Trento
3;1400;38122;Trento
3;1400;38122;Trento
3;1400;38122;Trento
3;1400;38122;Trento
4;1400;38122;Trento
5;1400;38122;Trento
6;1400;38122;Trento
7;1400;38122;Trento
7;1400;38122;Trento
7;1400;38122;Trento
8;1400;38122;Trento
9;1400;38122;Trento
9;1400;38122;Trento
9;1400;38122;Trento
9/A;1400;38122;Trento
10;1400;38122;Trento
11;1400;38122;Trento
12;1400;38122;Trento
13;1400;38122;Trento
13;1400;38122;Trento
14;1400;38122;Trento
15;1400;38122;Trento
16;1400;38122;Trento
17;1400;38122;Trento
18;1400;38122;Trento
19;1400;38122;Trento
20;1400;38122;Trento
21;1400;38122;Trento
22;1400;38122;Trento
23;1400;38122;Trento
24;1400;38122;Trento
25;1400;38122;Trento
25;1400;38122;Trento
26;1400;38122;Trento
27;1400;38122;Trento
27;1400;38122;Trento
27;1400;38122;Trento
31;1400;38122;Trento
31;1400;38122;Trento
32;1400;38122;Trento
33;1400;38122;Trento
33;1400;38122;Trento
34;1400;38122;Trento
35;1400;38122;Trento
36;1400;38122;Trento
37;1400;38122;Trento
38;1400;38122;Trento
39;1400;38122;Trento
41;1400;38122;Trento
43;1400;38122;Trento
45;1400;38122;Trento
45;1400;38122;Trento
46;1400;38122;Trento
47;1400;38122;Trento
47;1400;38122;Trento
48;1400;38122;Trento
49;1400;38122;Trento
50;1400;38122;Trento
51;1400;38122;Trento
52;1400;38122;Trento
53;1400;38122;Trento
54;1400;38122;Trento
55;1400;38122;Trento
57;1400;38122;Trento
58;1400;38122;Trento
59;1400;38122;Trento
59;1400;38122;Trento
60;1400;38122;Trento
61;1400;38122;Trento
61;1400;38122;Trento
62;1400;38122;Trento
63;1400;38122;Trento
63;1400;38122;Trento
64;1400;38122;Trento
65;1400;38122;Trento
65;1400;38122;Trento
66;1400;38122;Trento
67;1400;38122;Trento
68;1400;38122;Trento
69;1400;38122;Trento
69;1400;38122;Trento
70;1400;38122;Trento
71;1400;38122;Trento
71;1400;38122;Trento
72;1400;38122;Trento
73;1400;38122;Trento
74;1400;38122;Trento
75;1400;38122;Trento
75;1400;38122;Trento
75;1400;38122;Trento
76;1400;38122;Trento
77;1400;38122;Trento
77;1400;38122;Trento
77;1400;38122;Trento
77;1400;38122;Trento
77;1400;38122;Trento
77;1400;38122;Trento
78;1400;38122;Trento
79;1400;38122;Trento
79;1400;38122;Trento
80;1400;38122;Trento
81;1400;38122;Trento
82;1400;38122;Trento
83;1400;38122;Trento
84;1400;38122;Trento
85;1400;38122;Trento
85;1400;38122;Trento
86;1400;38122;Trento
87;1400;38122;Trento
88;1400;38122;Trento
89;1400;38122;Trento
89;1400;38122;Trento
90;1400;38122;Trento
91;1400;38122;Trento
92;1400;38122;Trento
94;1400;38122;Trento
95;1400;38122;Trento
95;1400;38122;Trento
96;1400;38122;Trento
97;1400;38122;Trento
97;1400;38122;Trento
98;1400;38122;Trento
99;1400;38122;Trento
99;1400;38122;Trento
100;1400;38122;Trento
101;1400;38122;Trento
102;1400;38122;Trento
104;1400;38122;Trento
104;1400;38122;Trento
104;1400;38122;Trento
104/1;1400;38122;Trento
106;1400;38122;Trento
106/1;1400;38122;Trento
108;1400;38122;Trento
110;1400;38122;Trento
112;1400;38122;Trento
114;1400;38122;Trento
114/1;1400;38122;Trento
114/2;1400;38122;Trento
116;1400;38122;Trento
118;1400;38122;Trento
120;1400;38122;Trento
122;1400;38122;Trento
124;1400;38122;Trento
126;1400;38122;Trento
126/1;1400;38122;Trento
128;1400;38122;Trento
128/1;1400;38122;Trento
130;1400;38122;Trento
132;1400;38122;Trento
134;1400;38122;Trento
136;1400;38122;Trento
138;1400;38122;Trento
146;1400;38122;Trento
146;1400;38122;Trento
146;1400;38122;Trento
146;1400;38122;Trento
148;1400;38122;Trento
148;1400;38122;Trento
150;1400;38122;Trento
152;1400;38122;Trento
154;1400;38122;Trento
156;1400;38122;Trento
158;1400;38122;Trento
160;1400;38122;Trento
162;1400;38122;Trento
164;1400;38122;Trento
164;1400;38122;Trento
166;1400;38122;Trento
170;1400;38122;Trento
172;1400;38122;Trento
172;1400;38122;Trento
174;1400;38122;Trento
176;1400;38122;Trento
178;1400;38122;Trento
180;1400;38122;Trento
1;1410;38122;Trento
2;1410;38122;Trento
2;1410;38122;Trento
3;1410;38122;Trento
4;1410;38122;Trento
4;1410;38122;Trento
5;1410;38122;Trento
6;1410;38122;Trento
7;1410;38122;Trento
8;1410;38122;Trento
9;1410;38122;Trento
9;1410;38122;Trento
10;1410;38122;Trento
10;1410;38122;Trento
11;1410;38122;Trento
3;1415;38121;Trento
4;1415;38121;Trento
5;1415;38121;Trento
5/A;1415;38121;Trento
6;1415;38121;Trento
7;1415;38121;Trento
7/A;1415;38121;Trento
8;1415;38121;Trento
9;1415;38121;Trento
9/A;1415;38121;Trento
9/B;1415;38121;Trento
14;1415;38121;Trento
15;1415;38121;Trento
16;1415;38121;Trento
17;1415;38121;Trento
19;1415;38121;Trento
21;1415;38121;Trento
22;1415;38121;Trento
22;1415;38121;Trento
23;1415;38121;Trento
24;1415;38121;Trento
25;1415;38121;Trento
26;1415;38121;Trento
27;1415;38121;Trento
28;1415;38121;Trento
29;1415;38121;Trento
30;1415;38121;Trento
31;1415;38121;Trento
32;1415;38121;Trento
33;1415;38121;Trento
34;1415;38121;Trento
35;1415;38121;Trento
36;1415;38121;Trento
38;1415;38121;Trento
39;1415;38121;Trento
40;1415;38121;Trento
41;1415;38121;Trento
42;1415;38121;Trento
43;1415;38121;Trento
44;1415;38121;Trento
45;1415;38121;Trento
46;1415;38121;Trento
47;1415;38121;Trento
48;1415;38121;Trento
49;1415;38121;Trento
50;1415;38121;Trento
51;1415;38121;Trento
53;1415;38121;Trento
54;1415;38121;Trento
55;1415;38121;Trento
55;1415;38121;Trento
55;1415;38121;Trento
56;1415;38121;Trento
57;1415;38121;Trento
58;1415;38121;Trento
59;1415;38121;Trento
60;1415;38121;Trento
63;1415;38121;Trento
64;1415;38121;Trento
66;1415;38121;Trento
67;1415;38121;Trento
67;1415;38121;Trento
67;1415;38121;Trento
67;1415;38121;Trento
69;1415;38121;Trento
71;1415;38121;Trento
73;1415;38121;Trento
75;1415;38121;Trento
75;1415;38121;Trento
1;1420;38122;Trento
2;1420;38122;Trento
2;1420;38122;Trento
2/A;1420;38122;Trento
2/B;1420;38122;Trento
2/B;1420;38122;Trento
3;1420;38122;Trento
4;1420;38122;Trento
4;1420;38122;Trento
5;1420;38122;Trento
6;1420;38122;Trento
7;1420;38122;Trento
7;1420;38122;Trento
8;1420;38122;Trento
8;1420;38122;Trento
8;1420;38122;Trento
8;1420;38122;Trento
15;1420;38122;Trento
15;1420;38122;Trento
1;1440;38121;Trento
3;1440;38121;Trento
3;1440;38121;Trento
5;1440;38121;Trento
5;1440;38121;Trento
7;1440;38121;Trento
7;1440;38121;Trento
7;1440;38121;Trento
7;1440;38121;Trento
7;1440;38121;Trento
7;1440;38121;Trento
9;1440;38121;Trento
9;1440;38121;Trento
1;1450;38122;Trento
2;1450;38122;Trento
3;1450;38122;Trento
5;1450;38122;Trento
6;1450;38122;Trento
8;1450;38122;Trento
8;1450;38122;Trento
1;1460;38122;Trento
1;1460;38122;Trento
3;1460;38122;Trento
3;1460;38122;Trento
5;1460;38122;Trento
6;1460;38122;Trento
7;1460;38122;Trento
7;1460;38122;Trento
8;1460;38122;Trento
9;1460;38122;Trento
10;1460;38122;Trento
12;1460;38122;Trento
14;1460;38122;Trento
14;1460;38122;Trento
14;1460;38122;Trento
14;1460;38122;Trento
14;1460;38122;Trento
16;1460;38122;Trento
3;1465;38121;Trento
4;1465;38121;Trento
4;1465;38121;Trento
5;1465;38121;Trento
5/A;1465;38121;Trento
5/A;1465;38121;Trento
6;1465;38121;Trento
6;1465;38121;Trento
7;1465;38121;Trento
7;1465;38121;Trento
9;1465;38121;Trento
10;1465;38121;Trento
11;1465;38121;Trento
12;1465;38121;Trento
13;1465;38121;Trento
14;1465;38121;Trento
15;1465;38121;Trento
15;1465;38121;Trento
16;1465;38121;Trento
17;1465;38121;Trento
17;1465;38121;Trento
18;1465;38121;Trento
19;1465;38121;Trento
19;1465;38121;Trento
20;1465;38121;Trento
22;1465;38121;Trento
24;1465;38121;Trento
26;1465;38121;Trento
28;1465;38121;Trento
1;1470;38121;Trento
2;1470;38121;Trento
2;1470;38121;Trento
2;1470;38121;Trento
3;1470;38121;Trento
3;1470;38121;Trento
3;1470;38121;Trento
4;1470;38121;Trento
4;1470;38121;Trento
6;1470;38121;Trento
6;1470;38121;Trento
7;1470;38121;Trento
8;1470;38121;Trento
8;1470;38121;Trento
9;1470;38121;Trento
10;1470;38121;Trento
10;1470;38121;Trento
11;1470;38121;Trento
12;1470;38121;Trento
13;1470;38121;Trento
14;1470;38121;Trento
14;1470;38121;Trento
15;1470;38121;Trento
16;1470;38121;Trento
16;1470;38121;Trento
18;1470;38121;Trento
18;1470;38121;Trento
18;1470;38121;Trento
18;1470;38121;Trento
18;1470;38121;Trento
19;1470;38121;Trento
21;1470;38121;Trento
21;1470;38121;Trento
21;1470;38121;Trento
22;1470;38121;Trento
22;1470;38121;Trento
22;1470;38121;Trento
22;1470;38121;Trento
22;1470;38121;Trento
52;2640;38122;Trento
23;1470;38121;Trento
23;1470;38121;Trento
25;1470;38121;Trento
25;1470;38121;Trento
25;1470;38121;Trento
27;1470;38121;Trento
29;1470;38121;Trento
30;1470;38121;Trento
31;1470;38121;Trento
33;1470;38121;Trento
37;1470;38121;Cognola
37;1470;38121;Cognola
37;1470;38121;Cognola
37;1470;38121;Cognola
37;1470;38121;Cognola
37;1470;38121;Cognola
37;1470;38121;Cognola
37;1470;38121;Cognola
37;1470;38121;Cognola
37;1470;38121;Cognola
37;1470;38121;Cognola
37;1470;38121;Cognola
37;1470;38121;Cognola
37;1470;38121;Cognola
37;1470;38121;Cognola
37;1470;38121;Cognola
37;1470;38121;Cognola
37;1470;38121;Cognola
37;1470;38121;Cognola
37;1470;38121;Cognola
37;1470;38121;Cognola
37;1470;38121;Cognola
37;1470;38121;Cognola
37;1470;38121;Cognola
37;1470;38121;Cognola
37;1470;38121;Cognola
37;1470;38121;Cognola
37;1470;38121;Cognola
37;1470;38121;Cognola
37;1470;38121;Cognola
37;1470;38121;Cognola
37;1470;38121;Cognola
37;1470;38121;Cognola
37;1470;38121;Cognola
37;1470;38121;Cognola
37;1470;38121;Cognola
37;1470;38121;Cognola
37;1470;38121;Cognola
37;1470;38121;Cognola
37;1470;38121;Cognola
37;1470;38121;Cognola
37;1470;38121;Cognola
37;1470;38121;Cognola
37;1470;38121;Cognola
37;1470;38121;Cognola
37;1470;38121;Cognola
37;1470;38121;Cognola
37;1470;38121;Cognola
37;1470;38121;Cognola
37;1470;38121;Cognola
37;1470;38121;Cognola
37;1470;38121;Cognola
37;1470;38121;Cognola
37;1470;38121;Cognola
37;1470;38121;Cognola
37;1470;38121;Cognola
37;1470;38121;Cognola
37;1470;38121;Cognola
37;1470;38121;Cognola
37;1470;38121;Cognola
37;1470;38121;Cognola
37;1470;38121;Cognola
37;1470;38121;Cognola
37;1470;38121;Cognola
37;1470;38121;Cognola
37;1470;38121;Cognola
37;1470;38121;Cognola
37;1470;38121;Cognola
37;1470;38121;Cognola
37;1470;38121;Cognola
37;1470;38121;Cognola
37;1470;38121;Cognola
37;1470;38121;Cognola
37;1470;38121;Cognola
37;1470;38121;Cognola
41;1470;38121;Cognola
41;1470;38121;Cognola
43;1470;38121;Cognola
43;1470;38121;Cognola
47;1470;38121;Cognola
47;1470;38121;Cognola
47;1470;38121;Cognola
51;1470;38121;Cognola
53;1470;38121;Cognola
55;1470;38121;Cognola
55;1470;38121;Cognola
55;1470;38121;Cognola
55;1470;38121;Cognola
57;1470;38121;Cognola
57;1470;38121;Cognola
57;1470;38121;Cognola
57;1470;38121;Cognola
59;1470;38121;Cognola
59;1470;38121;Cognola
59;1470;38121;Cognola
61;1470;38121;Cognola
61;1470;38121;Cognola
63;1470;38121;Cognola
63;1470;38121;Cognola
65;1470;38121;Cognola
67;1470;38121;Cognola
69;1470;38121;Cognola
71;1470;38121;Cognola
73;1470;38121;Cognola
73;1470;38121;Cognola
75;1470;38121;Cognola
75;1470;38121;Cognola
79;1470;38121;Cognola
79;1470;38121;Cognola
81;1470;38121;Cognola
81;1470;38121;Cognola
83;1470;38121;Cognola
83;1470;38121;Cognola
83;1470;38121;Cognola
85;1470;38121;Cognola
85;1470;38121;Cognola
1;1480;38121;Trento
2;1480;38121;Trento
3;1480;38121;Trento
3;1480;38121;Trento
3/A;1480;38121;Trento
4;1480;38121;Trento
5;1480;38121;Trento
5;1480;38121;Trento
6;1480;38121;Trento
7;1480;38121;Trento
8;1480;38121;Trento
8;1480;38121;Trento
8;1480;38121;Trento
8;1480;38121;Trento
9;1480;38121;Trento
10;1480;38121;Trento
10;1480;38121;Trento
10;1480;38121;Trento
11;1480;38121;Trento
12;1480;38121;Trento
12;1480;38121;Trento
13;1480;38121;Trento
15;1480;38121;Trento
18;1480;38121;Trento
18;1480;38121;Trento
18;1480;38121;Trento
19;1480;38121;Trento
19;1480;38121;Trento
19;1480;38121;Trento
19-gen;1480;38121;Trento
20;1480;38121;Trento
22;1480;38121;Trento
22;1480;38121;Trento
22;1480;38121;Trento
24;1480;38121;Trento
24;1480;38121;Trento
41;1480;38121;Trento
45;1480;38121;Trento
45;1480;38121;Trento
45;1480;38121;Trento
105;1480;38121;Trento
107;1480;38121;Trento
107;1480;38121;Trento
109;1480;38121;Trento
117;1480;38121;Trento
119;1480;38121;Trento
121;1480;38121;Trento
123;1480;38121;Trento
125;1480;38121;Trento
125;1480;38121;Trento
125/A;1480;38121;Trento
127;1480;38121;Trento
127;1480;38121;Trento
129;1480;38121;Trento
129;1480;38121;Trento
131;1480;38121;Trento
135;1480;38121;Trento
137;1480;38121;Trento
139;1480;38121;Trento
139;1480;38121;Trento
139;1480;38121;Trento
139/1;1480;38121;Trento
139/1;1480;38121;Trento
139/1;1480;38121;Trento
139/1;1480;38121;Trento
141;1480;38121;Trento
141;1480;38121;Trento
143;1480;38121;Trento
145;1480;38121;Trento
1;1490;38122;Trento
2;1490;38122;Trento
3;1490;38122;Trento
4;1490;38122;Trento
5;1490;38122;Trento
6;1490;38122;Trento
7;1490;38122;Trento
8;1490;38122;Trento
9;1490;38122;Trento
10;1490;38122;Trento
1;1500;38122;Trento
2;1500;38122;Trento
3;1500;38122;Trento
4;1500;38122;Trento
7;1500;38122;Trento
7;1500;38122;Trento
3;1520;38122;Trento
5;1520;38122;Trento
7;1520;38122;Trento
9;1520;38122;Trento
11;1520;38122;Trento
13;1520;38122;Trento
15;1520;38122;Trento
17;1520;38122;Trento
19;1520;38122;Trento
21;1520;38122;Trento
23;1520;38122;Trento
53;2640;38122;Trento
25;1520;38122;Trento
27;1520;38122;Trento
29;1520;38122;Trento
31;1520;38122;Trento
33;1520;38122;Trento
35;1520;38122;Trento
37;1520;38122;Trento
39;1520;38122;Trento
41;1520;38122;Trento
43;1520;38122;Trento
43/A;1520;38122;Trento
45;1520;38122;Trento
47;1520;38122;Trento
49;1520;38122;Trento
51;1520;38122;Trento
53;1520;38122;Trento
55;1520;38122;Trento
57;1520;38122;Trento
59;1520;38122;Trento
61;1520;38122;Trento
63;1520;38122;Trento
65;1520;38122;Trento
67;1520;38122;Trento
69;1520;38122;Trento
71;1520;38122;Trento
73;1520;38122;Trento
73/1;1520;38122;Trento
73/4;1520;38122;Trento
73/5;1520;38122;Trento
73/6;1520;38122;Trento
73/8;1520;38122;Trento
75;1520;38122;Trento
75;1520;38122;Trento
75;1520;38122;Trento
54;2640;38122;Trento
77;1520;38122;Trento
79;1520;38122;Trento
81;1520;38122;Trento
81;1520;38122;Trento
83;1520;38122;Trento
85;1520;38122;Trento
87;1520;38122;Trento
89;1520;38122;Trento
91;1520;38122;Trento
95;1520;38122;Trento
97;1520;38122;Trento
99;1520;38122;Trento
101;1520;38122;Trento
103;1520;38122;Trento
105;1520;38122;Trento
107;1520;38122;Trento
109;1520;38122;Trento
1;1530;38122;Trento
1;1530;38122;Trento
1;1530;38122;Trento
2;1530;38122;Trento
3;1530;38122;Trento
4;1530;38122;Trento
5;1530;38122;Trento
6;1530;38122;Trento
7;1530;38122;Trento
8;1530;38122;Trento
10;1530;38122;Trento
11;1530;38122;Trento
12;1530;38122;Trento
13;1530;38122;Trento
14;1530;38122;Trento
16;1530;38122;Trento
18;1530;38122;Trento
20;1530;38122;Trento
1;1540;38122;Trento
1;1540;38122;Trento
3;1540;38122;Trento
03-gen;1540;38122;Trento
4;1540;38122;Trento
4;1540;38122;Trento
5;1540;38122;Trento
7;1540;38122;Trento
8;1540;38122;Trento
9;1540;38122;Trento
9;1540;38122;Trento
9;1540;38122;Trento
10;1540;38122;Trento
10;1540;38122;Trento
10;1540;38122;Trento
11;1540;38122;Trento
12;1540;38122;Trento
13;1540;38122;Trento
1;1550;38122;Trento
2;1550;38122;Trento
3;1550;38122;Trento
4;1550;38122;Trento
5;1550;38122;Trento
6;1550;38122;Trento
7;1550;38122;Trento
8;1550;38122;Trento
9;1550;38122;Trento
10;1550;38122;Trento
11;1550;38122;Trento
12;1550;38122;Trento
13;1550;38122;Trento
14;1550;38122;Trento
15;1550;38122;Trento
16;1550;38122;Trento
19;1550;38122;Trento
20;1550;38122;Trento
21;1550;38122;Trento
28;1550;38122;Trento
28;1550;38122;Trento
29;1550;38122;Trento
30;1550;38122;Trento
31;1550;38122;Trento
32;1550;38122;Trento
32;1550;38122;Trento
32;1550;38122;Trento
32;1550;38122;Trento
33;1550;38122;Trento
34;1550;38122;Trento
1;1555;38121;Trento
2;1555;38121;Trento
2/A;1555;38121;Trento
3;1555;38121;Trento
4;1555;38121;Trento
4/A;1555;38121;Trento
4/B;1555;38121;Trento
4/B;1555;38121;Trento
5;1555;38121;Trento
6;1555;38121;Trento
7;1555;38121;Trento
8;1555;38121;Trento
8/A;1555;38121;Trento
9;1555;38121;Trento
10;1555;38121;Trento
12;1555;38121;Trento
13;1555;38121;Trento
14;1555;38121;Trento
16;1555;38121;Trento
18;1555;38121;Trento
19;1555;38121;Trento
20;1555;38121;Trento
21;1555;38121;Trento
22;1555;38121;Trento
23;1555;38121;Trento
24;1555;38121;Trento
25;1555;38121;Trento
26;1555;38121;Trento
27;1555;38121;Trento
28;1555;38121;Trento
55;2640;38122;Trento
29;1555;38121;Trento
30;1555;38121;Trento
31;1555;38121;Trento
32;1555;38121;Trento
33;1555;38121;Trento
34;1555;38121;Trento
36;1555;38121;Trento
37;1555;38121;Trento
39;1555;38121;Trento
40;1555;38121;Trento
41;1555;38121;Trento
42;1555;38121;Trento
43;1555;38121;Trento
44;1555;38121;Trento
46;1555;38121;Trento
47;1555;38121;Trento
48;1555;38121;Trento
50;1555;38121;Trento
52;1555;38121;Trento
54;1555;38121;Trento
56;1555;38121;Trento
58;1555;38121;Trento
60;1555;38121;Trento
62;1555;38121;Trento
64;1555;38121;Trento
66;1555;38121;Trento
69;1555;38121;Trento
71;1555;38121;Trento
73;1555;38121;Trento
75;1555;38121;Trento
77;1555;38121;Trento
83;1555;38121;Trento
1;1560;38122;Trento
1;1560;38122;Trento
2/A;1560;38122;Trento
2/B;1560;38122;Trento
3;1560;38122;Trento
3;1560;38122;Trento
3;1560;38122;Trento
4;1560;38122;Trento
4;1560;38122;Trento
4;1560;38122;Trento
5;1560;38122;Trento
5;1560;38122;Trento
5;1560;38122;Trento
6/A;1560;38122;Trento
6/A;1560;38122;Trento
6/B;1560;38122;Trento
6/B;1560;38122;Trento
7;1560;38122;Trento
7;1560;38122;Trento
07-gen;1560;38122;Trento
8;1560;38122;Trento
8;1560;38122;Trento
08-gen;1560;38122;Trento
08-mar;1560;38122;Trento
9;1560;38122;Trento
9;1560;38122;Trento
09-gen;1560;38122;Trento
10;1560;38122;Trento
10;1560;38122;Trento
10;1560;38122;Trento
10-gen;1560;38122;Trento
12;1560;38122;Trento
12;1560;38122;Trento
12;1560;38122;Trento
14;1560;38122;Trento
14;1560;38122;Trento
16;1560;38122;Trento
16;1560;38122;Trento
16-gen;1560;38122;Trento
18;1560;38122;Trento
18;1560;38122;Trento
18-gen;1560;38122;Trento
1;1565;38122;Trento
5;1565;38122;Trento
7;1565;38122;Trento
8;1565;38122;Trento
9;1565;38122;Trento
9/A;1565;38122;Trento
10;1565;38122;Trento
11;1565;38122;Trento
12;1565;38122;Trento
13;1565;38122;Trento
13;1565;38122;Trento
14;1565;38122;Trento
1;1570;38121;Trento
3;1570;38121;Trento
5;1570;38121;Trento
7;1570;38121;Trento
9;1570;38121;Trento
11;1570;38121;Trento
13;1570;38121;Trento
14;1570;38121;Trento
15;1570;38121;Trento
16;1570;38121;Trento
16/A;1570;38121;Trento
17;1570;38121;Trento
18;1570;38121;Trento
19;1570;38121;Trento
20;1570;38121;Trento
21;1570;38121;Trento
22;1570;38121;Trento
23;1570;38121;Trento
24;1570;38121;Trento
26;1570;38121;Trento
28;1570;38121;Trento
28-gen;1570;38121;Trento
34;1570;38121;Trento
34;1570;38121;Trento
34;1570;38121;Trento
36;1570;38121;Trento
36/1;1570;38121;Trento
36/1;1570;38121;Trento
36/1;1570;38121;Trento
36/2;1570;38121;Trento
36/3;1570;38121;Trento
36/4;1570;38121;Trento
36/5;1570;38121;Trento
38;1570;38121;Trento
40;1570;38121;Trento
40;1570;38121;Trento
42;1570;38121;Trento
44;1570;38121;Trento
46;1570;38121;Trento
46/1;1570;38121;Trento
46/1;1570;38121;Trento
48;1570;38121;Trento
50;1570;38121;Trento
50;1570;38121;Trento
52;1570;38121;Trento
54;1570;38121;Trento
56;1570;38121;Trento
58;1570;38121;Trento
60;1570;38121;Trento
62;1570;38121;Trento
64;1570;38121;Trento
66;1570;38121;Trento
68;1570;38121;Trento
70;1570;38121;Trento
72;1570;38121;Trento
74;1570;38121;Trento
76;1570;38121;Trento
78;1570;38121;Trento
80;1570;38121;Trento
82;1570;38121;Trento
86;1570;38121;Trento
88;1570;38121;Trento
88;1570;38121;Trento
88;1570;38121;Trento
88;1570;38121;Trento
90;1570;38121;Trento
90;1570;38121;Trento
90;1570;38121;Trento
90;1570;38121;Trento
92;1570;38121;Trento
92;1570;38121;Trento
92;1570;38121;Trento
92;1570;38121;Trento
92;1570;38121;Trento
92/A;1570;38121;Trento
92/B;1570;38121;Trento
92/C;1570;38121;Trento
92/D;1570;38121;Trento
94;1570;38121;Trento
94/A;1570;38121;Trento
94/B;1570;38121;Trento
94/C;1570;38121;Trento
96;1570;38121;Trento
96/A;1570;38121;Trento
103;1570;38121;Trento
105;1570;38121;Trento
107;1570;38121;Trento
108/11;1570;38121;Trento
108/12;1570;38121;Trento
108/14;1570;38121;Trento
108/15;1570;38121;Trento
108/17;1570;38121;Trento
108/18;1570;38121;Trento
108/19;1570;38121;Trento
108/20;1570;38121;Trento
108/21;1570;38121;Trento
108/22;1570;38121;Trento
109;1570;38121;Trento
109;1570;38121;Trento
109;1570;38121;Trento
3;1640;38122;Trento
110/1;1570;38121;Trento
110/1;1570;38121;Trento
110/2;1570;38121;Trento
110/3;1570;38121;Trento
110/4;1570;38121;Trento
110/5;1570;38121;Trento
110/7;1570;38121;Trento
110/7;1570;38121;Trento
111;1570;38121;Trento
111;1570;38121;Trento
111/1;1570;38121;Trento
112;1570;38121;Trento
113;1570;38121;Trento
113;1570;38121;Trento
113;1570;38121;Trento
113;1570;38121;Trento
116;1570;38121;Trento
116;1570;38121;Trento
116/1;1570;38121;Trento
116/1;1570;38121;Trento
117;1570;38121;Trento
117/A;1570;38121;Trento
117/B;1570;38121;Trento
118;1570;38121;Trento
118;1570;38121;Trento
118/A;1570;38121;Trento
120;1570;38121;Trento
120/A;1570;38121;Trento
122;1570;38121;Trento
122/A;1570;38121;Trento
124;1570;38121;Trento
126;1570;38121;Trento
126/A;1570;38121;Trento
128;1570;38121;Trento
128;1570;38121;Trento
128;1570;38121;Trento
128;1570;38121;Trento
131;1570;38121;Trento
131;1570;38121;Trento
131;1570;38121;Trento
133;1570;38121;Trento
133/A;1570;38121;Trento
133/B;1570;38121;Trento
133/C;1570;38121;Trento
134;1570;38121;Trento
139;1570;38121;Trento
139;1570;38121;Trento
139;1570;38121;Trento
141;1570;38121;Trento
141;1570;38121;Trento
144;1570;38121;Trento
144;1570;38121;Trento
144;1570;38121;Trento
145;1570;38121;Trento
145;1570;38121;Trento
145;1570;38121;Trento
145;1570;38121;Trento
146;1570;38121;Trento
147;1570;38121;Trento
147;1570;38121;Trento
148;1570;38121;Trento
148;1570;38121;Trento
148;1570;38121;Trento
148;1570;38121;Trento
149;1570;38121;Trento
149;1570;38121;Trento
150;1570;38121;Trento
151;1570;38121;Trento
151;1570;38121;Trento
151;1570;38121;Trento
151;1570;38121;Trento
152;1570;38121;Trento
152;1570;38121;Trento
152;1570;38121;Trento
152;1570;38121;Trento
152;1570;38121;Trento
152;1570;38121;Trento
153;1570;38121;Trento
154;1570;38121;Trento
154/A;1570;38121;Trento
154/A;1570;38121;Trento
155;1570;38121;Trento
156;1570;38121;Trento
156;1570;38121;Trento
156;1570;38121;Trento
156;1570;38121;Trento
156;1570;38121;Trento
156;1570;38121;Trento
156;1570;38121;Trento
157;1570;38121;Trento
159;1570;38121;Trento
160;1570;38121;Trento
160;1570;38121;Trento
161;1570;38121;Trento
161;1570;38121;Trento
162;1570;38121;Trento
162;1570;38121;Trento
163;1570;38121;Trento
163/1;1570;38121;Trento
163/2;1570;38121;Trento
163/3;1570;38121;Trento
163/4;1570;38121;Trento
163/5;1570;38121;Trento
164;1570;38121;Trento
164;1570;38121;Trento
165;1570;38121;Trento
165/1;1570;38121;Trento
165/2;1570;38121;Trento
165/3;1570;38121;Trento
165/4;1570;38121;Trento
165/5;1570;38121;Trento
166;1570;38121;Trento
166;1570;38121;Trento
5;1640;38122;Trento
177;1570;38121;Trento
177;1570;38121;Trento
177/4;1570;38121;Trento
177/4;1570;38121;Trento
177/5;1570;38121;Trento
177/5;1570;38121;Trento
177/5;1570;38121;Trento
181;1570;38121;Trento
181;1570;38121;Trento
181;1570;38121;Trento
181;1570;38121;Trento
181/A;1570;38121;Trento
181/A;1570;38121;Trento
183/A;1570;38121;Trento
183/B;1570;38121;Trento
183/C;1570;38121;Trento
183/D;1570;38121;Trento
185;1570;38121;Trento
191/A;1570;38121;Trento
191/B;1570;38121;Trento
191/C;1570;38121;Trento
191/D;1570;38121;Trento
191/E;1570;38121;Trento
191/F;1570;38121;Trento
191/G;1570;38121;Trento
191/H;1570;38121;Trento
191/I;1570;38121;Trento
191/L;1570;38121;Trento
193;1570;38121;Trento
193;1570;38121;Trento
193;1570;38121;Trento
195;1570;38121;Trento
197;1570;38121;Trento
199;1570;38121;Trento
201;1570;38121;Trento
203;1570;38121;Trento
205;1570;38121;Trento
207;1570;38121;Trento
209;1570;38121;Trento
211;1570;38121;Trento
213;1570;38121;Trento
215;1570;38121;Trento
217;1570;38121;Trento
219;1570;38121;Trento
221;1570;38121;Trento
223;1570;38121;Trento
225;1570;38121;Trento
227;1570;38121;Trento
229;1570;38121;Trento
231;1570;38121;Trento
1;1590;38121;Trento
1;1600;38122;Trento
2;1600;38122;Trento
6;1600;38122;Trento
10;1600;38122;Trento
12;1600;38122;Trento
13;1600;38122;Trento
15;1600;38122;Trento
16;1600;38122;Trento
17;1600;38122;Trento
19;1600;38122;Trento
21;1600;38122;Trento
23;1600;38122;Trento
24;1600;38122;Trento
24;1600;38122;Trento
25;1600;38122;Trento
27;1600;38122;Trento
29;1600;38122;Trento
30;1600;38122;Trento
31;1600;38122;Trento
33;1600;38122;Trento
34;1600;38122;Trento
35;1600;38122;Trento
37;1600;38122;Trento
39;1600;38122;Trento
40;1600;38122;Trento
40;1600;38122;Trento
41;1600;38122;Trento
43;1600;38122;Trento
44;1600;38122;Trento
45;1600;38122;Trento
46;1600;38122;Trento
47;1600;38122;Trento
47/A;1600;38122;Trento
48;1600;38122;Trento
49;1600;38122;Trento
50;1600;38122;Trento
52;1600;38122;Trento
54;1600;38122;Trento
56;1600;38122;Trento
58;1600;38122;Trento
60;1600;38122;Trento
62;1600;38122;Trento
64;1600;38122;Trento
66;1600;38122;Trento
68;1600;38122;Trento
70;1600;38122;Trento
72;1600;38122;Trento
76;1600;38122;Trento
78;1600;38122;Trento
2;1610;38122;Trento
4;1610;38122;Trento
6;1610;38122;Trento
8;1610;38122;Trento
10;1610;38122;Trento
10;1610;38122;Trento
12;1610;38122;Trento
14;1610;38122;Trento
16;1650;38122;Trento
16;1610;38122;Trento
16;1610;38122;Trento
20;1610;38122;Trento
20;1610;38122;Trento
22;1610;38122;Trento
1;1620;38122;Trento
2;1620;38122;Trento
3;1620;38122;Trento
5;1620;38122;Trento
5;1620;38122;Trento
7;1620;38122;Trento
9;1620;38122;Trento
11;1620;38122;Trento
13;1620;38122;Trento
13/A;1620;38122;Trento
15;1620;38122;Trento
17;1620;38122;Trento
1;1630;38122;Trento
2;1630;38122;Trento
3;1630;38122;Trento
4;1630;38122;Trento
5;1630;38122;Trento
6;1630;38122;Trento
6;1630;38122;Trento
7;1630;38122;Trento
8;1630;38122;Trento
9;1630;38122;Trento
11;1630;38122;Trento
13;1630;38122;Trento
15;1630;38122;Trento
17;1630;38122;Trento
21;1630;38122;Trento
23;1630;38122;Trento
25;1630;38122;Trento
25-gen;1630;38122;Trento
27;1630;38122;Trento
1;1640;38122;Trento
2;1640;38122;Trento
7;1640;38122;Trento
8;1640;38122;Trento
9;1640;38122;Trento
9/A;1640;38122;Trento
10;1640;38122;Trento
11;1640;38122;Trento
12;1640;38122;Trento
13;1640;38122;Trento
14;1640;38122;Trento
14/A;1640;38122;Trento
15;1640;38122;Trento
16;1640;38122;Trento
16;1640;38122;Trento
17;1640;38122;Trento
18;1640;38122;Trento
20;1640;38122;Trento
22;1640;38122;Trento
24;1640;38122;Trento
26;1640;38122;Trento
1;1650;38122;Trento
1;1650;38122;Trento
1/A;1650;38122;Trento
1/B;1650;38122;Trento
2;1650;38122;Trento
3;1650;38122;Trento
4;1650;38122;Trento
4/A;1650;38122;Trento
5;1650;38122;Trento
6;1650;38122;Trento
8;1650;38122;Trento
9;1650;38122;Trento
9;1650;38122;Trento
10;1650;38122;Trento
11;1650;38122;Trento
12;1650;38122;Trento
12;1650;38122;Trento
12;1650;38122;Trento
13;1650;38122;Trento
14;1650;38122;Trento
15;1650;38122;Trento
17;1650;38122;Trento
17;1650;38122;Trento
19;1650;38122;Trento
19;1650;38122;Trento
19;1650;38122;Trento
19;1650;38122;Trento
2;1660;38122;Trento
02-gen;1660;38122;Trento
02-feb;1660;38122;Trento
6;1660;38122;Trento
8;1660;38122;Trento
10;1660;38122;Trento
10/A;1660;38122;Trento
12;1660;38122;Trento
12;1660;38122;Trento
12;1660;38122;Trento
12;1660;38122;Trento
12-gen;1660;38122;Trento
13;1660;38122;Trento
13/A;1660;38122;Trento
15;1660;38122;Trento
16;1660;38122;Trento
16;1660;38122;Trento
16;1660;38122;Trento
16;1660;38122;Trento
17;1660;38122;Trento
18;1660;38122;Trento
18;1660;38122;Trento
18-gen;1660;38122;Trento
18-feb;1660;38122;Trento
18-mar;1660;38122;Trento
19;1660;38122;Trento
20;1660;38122;Trento
20;1660;38122;Trento
21;1660;38122;Trento
22;1660;38122;Trento
22;1660;38122;Trento
23;1660;38122;Trento
23-gen;1660;38122;Trento
23-feb;1660;38122;Trento
23-mar;1660;38122;Trento
26;1660;38122;Trento
26-gen;1660;38122;Trento
27;1660;38122;Trento
27;1660;38122;Trento
28;1660;38122;Trento
28-gen;1660;38122;Trento
28-feb;1660;38122;Trento
29;1660;38122;Trento
30;1660;38122;Trento
31;1660;38122;Trento
33;1660;38122;Trento
39;1660;38122;Trento
39/1;1660;38122;Trento
45;1660;38122;Trento
49;1660;38122;Trento
51;1660;38122;Trento
51/1;1660;38122;Trento
53;1660;38122;Trento
55;1660;38122;Trento
57;1660;38122;Trento
59;1660;38122;Trento
61;1660;38122;Trento
63;1660;38122;Trento
65;1660;38122;Trento
67;1660;38122;Trento
69;1660;38122;Trento
71;1660;38122;Trento
71/1;1660;38122;Trento
71/2;1660;38122;Trento
71/3;1660;38122;Trento
73;1660;38122;Trento
73/1;1660;38122;Trento
75;1660;38122;Trento
75/1;1660;38122;Trento
75/2;1660;38122;Trento
77;1660;38122;Trento
79;1660;38122;Trento
81;1660;38122;Trento
83;1660;38122;Trento
85;1660;38122;Trento
87/1;1660;38122;Trento
89;1660;38122;Trento
89;1660;38122;Trento
89;1660;38122;Trento
89;1660;38122;Trento
89;1660;38122;Trento
91;1660;38122;Trento
93;1660;38122;Trento
93/A;1660;38122;Trento
95;1660;38122;Trento
97;1660;38122;Trento
99;1660;38122;Trento
101;1660;38122;Trento
103;1660;38122;Trento
105;1660;38122;Trento
2;1690;38122;Trento
2;1690;38122;Trento
3;1690;38122;Trento
7;1690;38122;Trento
8;1690;38122;Trento
13;1690;38122;Trento
19;1690;38122;Trento
21;1690;38122;Trento
21;1690;38122;Trento
29;1690;38122;Trento
29;1690;38122;Trento
31;1690;38122;Trento
33;1690;38122;Trento
33;1690;38122;Trento
35;1690;38122;Trento
2;1700;38122;Trento
2;1700;38122;Trento
2;1700;38122;Trento
5;1700;38122;Trento
6;1700;38122;Trento
7;1700;38122;Trento
8;1700;38122;Trento
9;1700;38122;Trento
10;1700;38122;Trento
11;1700;38122;Trento
12;1700;38122;Trento
13;1700;38122;Trento
14;1700;38122;Trento
15;1700;38122;Trento
16;1700;38122;Trento
18;1700;38122;Trento
19;1700;38122;Trento
20;1700;38122;Trento
20-gen;1700;38122;Trento
22;1700;38122;Trento
23;1700;38122;Trento
24;1700;38122;Trento
25;1700;38122;Trento
26;1700;38122;Trento
27;1700;38122;Trento
30;1700;38122;Trento
40;1700;38122;Trento
42;1700;38122;Trento
44;1700;38122;Trento
46;1700;38122;Trento
48;1700;38122;Trento
50;1700;38122;Trento
52;1700;38122;Trento
54;1700;38122;Trento
57;1700;38122;Trento
58;1700;38122;Trento
59;1700;38122;Trento
62;1700;38122;Trento
65;1700;38122;Trento
67;1700;38122;Trento
67;1700;38122;Trento
67;1700;38122;Trento
67;1700;38122;Trento
69;1700;38122;Trento
72;1700;38122;Trento
73;1700;38122;Trento
75;1700;38122;Trento
79;1700;38122;Trento
80;1700;38122;Trento
83;1700;38122;Trento
85;1700;38122;Trento
86;1700;38122;Trento
87;1700;38122;Trento
89;1700;38122;Trento
93;1700;38122;Trento
1;1710;38122;Trento
2;1710;38122;Trento
3;1710;38122;Trento
9;1710;38122;Trento
10;1710;38122;Trento
11;1710;38122;Trento
13;1710;38122;Trento
14;1710;38122;Trento
15;1710;38122;Trento
16;1710;38122;Trento
17;1710;38122;Trento
19;1710;38122;Trento
20;1710;38122;Trento
21;1710;38122;Trento
25;1710;38122;Trento
28;1710;38122;Trento
29;1710;38122;Trento
30;1710;38122;Trento
31;1710;38122;Trento
32;1710;38122;Trento
34;1710;38122;Trento
35;1710;38122;Trento
36;1710;38122;Trento
37;1710;38122;Trento
38;1710;38122;Trento
39;1710;38122;Trento
41;1710;38122;Trento
43;1710;38122;Trento
45;1710;38122;Trento
47;1710;38122;Trento
49;1710;38122;Trento
51;1710;38122;Trento
53;1710;38122;Trento
53;1710;38122;Trento
53;1710;38122;Trento
55;1710;38122;Trento
57;1710;38122;Trento
59;1710;38122;Trento
61;1710;38122;Trento
63;1710;38122;Trento
65;1710;38122;Trento
67;1710;38122;Trento
69;1710;38122;Trento
71;1710;38122;Trento
73;1710;38122;Trento
75;1710;38122;Trento
2;1720;38122;Trento
4;1720;38122;Trento
4;1720;38122;Trento
4;1720;38122;Trento
4;1720;38122;Trento
4;1720;38122;Trento
8;1720;38122;Trento
8/A;1720;38122;Trento
8/A;1720;38122;Trento
8/B;1720;38122;Trento
8/C;1720;38122;Trento
8/D;1720;38122;Trento
8/E;1720;38122;Trento
1;1730;38122;Trento
01-gen;1730;38122;Trento
01-feb;1730;38122;Trento
2;1730;38122;Trento
3;1730;38122;Trento
03-gen;1730;38122;Trento
03-feb;1730;38122;Trento
4;1730;38122;Trento
5;1730;38122;Trento
6;1730;38122;Trento
6/A;1730;38122;Trento
6/B;1730;38122;Trento
6/C;1730;38122;Trento
7;1730;38122;Trento
7/A;1730;38122;Trento
9;1730;38122;Trento
10;1730;38122;Trento
11;1730;38122;Trento
12;1730;38122;Trento
13;1730;38122;Trento
13;1730;38122;Trento
14;1730;38122;Trento
15;1730;38122;Trento
16;1730;38122;Trento
17;1730;38122;Trento
17;1730;38122;Trento
17;1730;38122;Trento
17-gen;1730;38122;Trento
18;1730;38122;Trento
19;1730;38122;Trento
19-gen;1730;38122;Trento
20;1730;38122;Trento
21;1730;38122;Trento
21-gen;1730;38122;Trento
22;1730;38122;Trento
23;1730;38122;Trento
23-gen;1730;38122;Trento
23-feb;1730;38122;Trento
23-mar;1730;38122;Trento
24;1730;38122;Trento
25;1730;38122;Trento
27;1730;38122;Trento
28;1730;38122;Trento
29;1730;38122;Trento
31;1730;38122;Trento
33;1730;38122;Trento
33/A;1730;38122;Trento
35;1730;38122;Trento
37;1730;38122;Trento
39;1730;38122;Trento
41;1730;38122;Trento
43;1730;38122;Trento
45;1730;38122;Trento
47;1730;38122;Trento
49;1730;38122;Trento
51;1730;38122;Trento
53;1730;38122;Trento
1;1740;38122;Trento
1;1740;38122;Trento
2;1740;38122;Trento
2;1740;38122;Trento
2;1740;38122;Trento
02-gen;1740;38122;Trento
02-feb;1740;38122;Trento
3;1740;38122;Trento
3;1740;38122;Trento
03-gen;1740;38122;Trento
4;1740;38122;Trento
4;1740;38122;Trento
5;1740;38122;Trento
05-gen;1740;38122;Trento
6;1740;38122;Trento
6;1740;38122;Trento
7;1740;38122;Trento
7;1740;38122;Trento
9;1740;38122;Trento
9;1740;38122;Trento
9;1740;38122;Trento
20;1740;38122;Trento
20;1740;38122;Trento
22;1740;38122;Trento
22;1740;38122;Trento
1;1750;38122;Trento
2;1750;38122;Trento
3;1750;38122;Trento
4;1750;38122;Trento
5;1750;38122;Trento
6;1750;38122;Trento
7;1750;38122;Trento
8;1750;38122;Trento
9;1750;38122;Trento
10;1750;38122;Trento
11;1750;38122;Trento
12;1750;38122;Trento
13;1750;38122;Trento
14;1750;38122;Trento
15;1750;38122;Trento
16;1750;38122;Trento
17;1750;38122;Trento
18;1750;38122;Trento
19;1750;38122;Trento
20;1750;38122;Trento
21;1750;38122;Trento
21;1750;38122;Trento
21;1750;38122;Trento
22;1750;38122;Trento
24;1750;38122;Trento
28;1750;38122;Trento
28;1750;38122;Trento
28;1750;38122;Trento
30;1750;38122;Trento
32;1750;38122;Trento
34;1750;38122;Trento
36;1750;38122;Trento
38;1750;38122;Trento
40;1750;38122;Trento
40/A;1750;38122;Trento
40/A;1750;38122;Trento
42;1750;38122;Trento
44;1750;38122;Trento
46;1750;38122;Trento
48;1750;38122;Trento
9;1760;38123;Trento
10;1760;38123;Trento
10;1760;38123;Trento
10;1760;38123;Trento
11;1760;38123;Trento
11;1760;38123;Trento
12;1760;38123;Trento
12;1760;38123;Trento
12;1760;38123;Trento
13;1760;38123;Trento
13;1760;38123;Trento
14;1760;38123;Trento
14;1760;38123;Trento
15;1760;38123;Trento
16;1760;38123;Trento
16;1760;38123;Trento
17;1760;38123;Trento
18;1760;38123;Trento
18;1760;38123;Trento
19;1760;38123;Trento
19;1760;38123;Trento
20;1760;38123;Trento
20;1760;38123;Trento
21;1760;38123;Trento
21;1760;38123;Trento
22;1760;38123;Trento
22;1760;38123;Trento
23;1760;38123;Trento
23;1760;38123;Trento
24;1760;38123;Trento
24;1760;38123;Trento
25;1760;38123;Trento
25;1760;38123;Trento
26;1760;38123;Trento
26;1760;38123;Trento
26;1760;38123;Trento
27;1760;38123;Trento
27;1760;38123;Trento
28;1760;38123;Trento
28;1760;38123;Trento
29;1760;38123;Trento
29;1760;38123;Trento
30;1760;38123;Trento
30;1760;38123;Trento
30;1760;38123;Trento
31;1760;38123;Trento
31;1760;38123;Trento
32;1760;38123;Trento
33;1760;38123;Trento
33;1760;38123;Trento
34;1760;38123;Trento
35;1760;38123;Trento
36;1760;38123;Trento
37;1760;38123;Trento
38;1760;38123;Trento
39;1760;38123;Trento
39;1760;38123;Trento
39;1760;38123;Trento
40;1760;38123;Trento
41;1760;38123;Trento
41;1760;38123;Trento
42;1760;38123;Trento
43;1760;38123;Trento
43;1760;38123;Trento
44;1760;38123;Trento
45;1760;38123;Trento
45;1760;38123;Trento
45;1760;38123;Trento
46;1760;38123;Trento
47;1760;38123;Trento
47;1760;38123;Trento
47;1760;38123;Trento
48;1760;38123;Trento
49;1760;38123;Trento
49;1760;38123;Trento
50;1760;38123;Trento
51;1760;38123;Trento
51;1760;38123;Trento
52;1760;38123;Trento
52;1760;38123;Trento
53;1760;38123;Trento
53;1760;38123;Trento
54;1760;38123;Trento
54;1760;38123;Trento
55;1760;38123;Trento
55;1760;38123;Trento
55/A;1760;38123;Trento
55/A;1760;38123;Trento
56;1760;38123;Trento
56;1760;38123;Trento
56;1760;38123;Trento
56;1760;38123;Trento
57;1760;38123;Trento
57;1760;38123;Trento
58;1760;38123;Trento
59;1760;38123;Trento
59;1760;38123;Trento
59;1760;38123;Trento
60;1760;38123;Trento
62;1760;38123;Trento
64;1760;38123;Trento
64;1760;38123;Trento
65;1760;38123;Trento
66;1760;38123;Trento
66;1760;38123;Trento
66;1760;38123;Trento
67;1760;38123;Trento
68;1760;38123;Trento
68;1760;38123;Trento
69;1760;38123;Trento
69;1760;38123;Trento
70;1760;38123;Trento
70;1760;38123;Trento
71;1760;38123;Trento
71;1760;38123;Trento
72;1760;38123;Trento
72;1760;38123;Trento
73;1760;38123;Trento
74;1760;38123;Trento
75;1760;38123;Trento
75;1760;38123;Trento
75;1760;38123;Trento
76;1760;38123;Trento
77;1760;38123;Trento
77;1760;38123;Trento
78;1760;38123;Trento
79;1760;38123;Trento
80;1760;38123;Trento
81;1760;38123;Trento
81;1760;38123;Trento
81/A;1760;38123;Trento
81/B;1760;38123;Trento
81/B;1760;38123;Trento
81/B;1760;38123;Trento
81/B;1760;38123;Trento
82;1760;38123;Trento
83;1760;38123;Trento
84;1760;38123;Trento
85;1760;38123;Trento
86;1760;38123;Trento
87;1760;38123;Trento
87;1760;38123;Trento
88;1760;38123;Trento
89;1760;38123;Trento
90;1760;38123;Trento
91;1760;38123;Trento
91;1760;38123;Trento
92;1760;38123;Trento
92;1760;38123;Trento
92;1760;38123;Trento
93;1760;38123;Trento
93;1760;38123;Trento
93;1760;38123;Trento
94;1760;38123;Trento
94/1;1760;38123;Trento
94/1;1760;38123;Trento
95;1760;38123;Trento
95;1760;38123;Trento
96;1760;38123;Trento
97;1760;38123;Trento
97;1760;38123;Trento
98;1760;38123;Trento
100;1760;38123;Trento
101;1760;38123;Trento
101;1760;38123;Trento
102;1760;38123;Trento
103;1760;38123;Trento
103;1760;38123;Trento
103;1760;38123;Trento
103;1760;38123;Trento
104;1760;38123;Trento
105;1760;38123;Trento
105;1760;38123;Trento
106;1760;38123;Trento
107;1760;38123;Trento
107;1760;38123;Trento
108;1760;38123;Trento
109;1760;38123;Trento
109;1760;38123;Trento
110;1760;38123;Trento
111;1760;38123;Trento
111;1760;38123;Trento
112;1760;38123;Trento
113;1760;38123;Trento
113;1760;38123;Trento
114;1760;38123;Trento
114;1760;38123;Trento
114;1760;38123;Trento
115;1760;38123;Trento
115;1760;38123;Trento
115;1760;38123;Trento
116;1760;38123;Trento
117;1760;38123;Trento
118;1760;38123;Trento
119;1760;38123;Trento
119;1760;38123;Trento
120;1760;38123;Trento
121;1760;38123;Trento
122;1760;38123;Trento
123;1760;38123;Trento
124;1760;38123;Trento
125;1760;38123;Trento
125/1;1760;38123;Trento
125/2;1760;38123;Trento
126;1760;38123;Trento
126/1;1760;38123;Trento
126/2;1760;38123;Trento
127;1760;38123;Trento
127;1760;38123;Trento
127;1760;38123;Trento
127;1760;38123;Trento
128;1760;38123;Trento
130;1760;38123;Trento
130;1760;38123;Trento
132;1760;38123;Trento
132;1760;38123;Trento
134;1760;38123;Trento
136;1760;38123;Trento
136;1760;38123;Trento
136;1760;38123;Trento
2;1770;38122;Trento
4;1770;38122;Trento
04-gen;1770;38122;Trento
04-feb;1770;38122;Trento
6;1770;38122;Trento
6;1770;38122;Trento
6;1770;38122;Trento
06-gen;1770;38122;Trento
06-gen;1770;38122;Trento
06-feb;1770;38122;Trento
06-mar;1770;38122;Trento
8;1770;38122;Trento
10;1770;38122;Trento
10;1770;38122;Trento
10-gen;1770;38122;Trento
12;1770;38122;Trento
12-gen;1770;38122;Trento
14;1770;38122;Trento
16;1770;38122;Trento
16;1770;38122;Trento
16-gen;1770;38122;Trento
18;1770;38122;Trento
18;1770;38122;Trento
18-gen;1770;38122;Trento
20;1770;38122;Trento
20-gen;1770;38122;Trento
22;1770;38122;Trento
24;1770;38122;Trento
24-gen;1770;38122;Trento
24-feb;1770;38122;Trento
26;1770;38122;Trento
26-gen;1770;38122;Trento
26-feb;1770;38122;Trento
26-mar;1770;38122;Trento
26-apr;1770;38122;Trento
26-mag;1770;38122;Trento
26-giu;1770;38122;Trento
28;1770;38122;Trento
30;1770;38122;Trento
30-gen;1770;38122;Trento
32;1770;38122;Trento
34;1770;38122;Trento
36;1770;38122;Trento
38;1770;38122;Trento
38;1770;38122;Trento
40;1770;38122;Trento
42;1770;38122;Trento
44;1770;38122;Trento
46;1770;38122;Trento
48;1770;38122;Trento
50;1770;38122;Trento
52;1770;38122;Trento
54;1770;38122;Trento
56;1770;38122;Trento
58;1770;38122;Trento
60;1770;38122;Trento
62;1770;38122;Trento
1;1780;38121;Trento
2;1780;38121;Trento
2;1780;38121;Trento
2;1780;38121;Trento
2;1780;38121;Trento
2;1780;38121;Trento
2;1780;38121;Trento
2/A;1780;38121;Trento
2/A;1780;38121;Trento
3;1780;38121;Trento
3;1780;38121;Trento
3;1780;38121;Trento
3;1780;38121;Trento
4;1780;38121;Trento
4/A;1780;38121;Trento
4/A;1780;38121;Trento
5;1780;38121;Trento
5;1780;38121;Trento
6;1780;38121;Trento
11;1780;38121;Trento
11;1780;38121;Trento
11;1780;38121;Trento
14;1780;38121;Trento
16;1780;38121;Trento
18;1780;38121;Trento
1;1790;38122;Trento
1;1790;38122;Trento
2;1790;38122;Trento
3;1790;38122;Trento
4;1790;38122;Trento
4;1790;38122;Trento
5;1790;38122;Trento
5;1790;38122;Trento
6;1790;38122;Trento
6;1790;38122;Trento
8;1790;38122;Trento
8;1790;38122;Trento
8;1790;38122;Trento
1;1800;38122;Trento
3;1800;38122;Trento
5;1800;38122;Trento
9;1800;38122;Trento
9;1800;38122;Trento
11;1800;38122;Trento
13;1800;38122;Trento
13;1800;38122;Trento
13;1800;38122;Trento
31;1800;38122;Trento
31;1800;38122;Trento
31;1800;38122;Trento
33;1800;38122;Trento
37;1800;38122;Trento
37;1800;38122;Trento
39;1800;38122;Trento
45;1800;38122;Trento
49;1800;38122;Trento
49;1800;38122;Trento
53;1800;38122;Trento
53;1800;38122;Trento
53;1800;38122;Trento
57;1800;38122;Trento
59;1800;38122;Trento
61;1800;38122;Trento
61;1800;38122;Trento
63;1800;38122;Trento
63;1800;38122;Trento
63;1800;38122;Trento
65;1800;38122;Trento
65;1800;38122;Trento
67;1800;38122;Trento
67;1800;38122;Trento
67;1800;38122;Trento
67;1800;38122;Trento
69;1800;38122;Trento
69;1800;38122;Trento
69;1800;38122;Trento
71;1800;38122;Trento
77;1800;38122;Trento
77;1800;38122;Trento
77;1800;38122;Trento
79;1800;38122;Trento
79;1800;38122;Trento
81;1800;38122;Trento
95;1800;38123;Trento
1;1810;38122;Trento
3;1810;38122;Trento
3;1810;38122;Trento
4;1810;38122;Trento
2;1830;38122;Trento
3;1830;38122;Trento
5;1830;38122;Trento
5;1830;38122;Trento
6;1830;38122;Trento
6;1830;38122;Trento
7;1830;38122;Trento
7;1830;38122;Trento
7;1830;38122;Trento
8;1830;38122;Trento
8;1830;38122;Trento
9;1830;38122;Trento
9;1830;38122;Trento
10/A;1830;38122;Trento
10/A;1830;38122;Trento
10/A;1830;38122;Trento
10/B;1830;38122;Trento
13;1830;38122;Trento
13;1830;38122;Trento
15;1830;38122;Trento
15;1830;38122;Trento
17;1830;38122;Trento
17;1830;38122;Trento
17;1830;38122;Trento
21;1830;38122;Trento
21;1830;38122;Trento
23;1830;38122;Trento
23;1830;38122;Trento
25;1830;38122;Trento
25;1830;38122;Trento
27;1830;38122;Trento
1;1840;38122;Trento
2;1840;38122;Trento
3;1840;38122;Trento
4;1840;38122;Trento
5;1840;38122;Trento
6;1840;38122;Trento
7;1840;38122;Trento
8;1840;38122;Trento
9;1840;38122;Trento
10;1840;38122;Trento
11;1840;38122;Trento
12;1840;38122;Trento
13;1840;38122;Trento
14;1840;38122;Trento
14-gen;1840;38122;Trento
14/M;1840;38122;Trento
14/M;1840;38122;Trento
14/N;1840;38122;Trento
14/Q;1840;38122;Trento
14/S;1840;38122;Trento
14/T;1840;38122;Trento
14/V;1840;38122;Trento
15;1840;38122;Trento
16;1840;38122;Trento
17;1840;38122;Trento
18;1840;38122;Trento
19;1840;38122;Trento
20;1840;38122;Trento
21;1840;38122;Trento
23;1840;38122;Trento
23;1840;38122;Trento
24;1840;38122;Trento
25;1840;38122;Trento
26;1840;38122;Trento
27;1840;38122;Trento
28;1840;38122;Trento
29;1840;38122;Trento
30;1840;38122;Trento
31;1840;38122;Trento
32;1840;38122;Trento
33;1840;38122;Trento
34;1840;38122;Trento
36;1840;38122;Trento
37;1840;38122;Trento
38;1840;38122;Trento
39;1840;38122;Trento
40;1840;38122;Trento
41;1840;38122;Trento
42;1840;38122;Trento
43;1840;38122;Trento
44;1840;38122;Trento
45;1840;38122;Trento
46;1840;38122;Trento
47;1840;38122;Trento
49;1840;38122;Trento
50;1840;38122;Trento
54;1840;38122;Trento
56;1840;38122;Trento
2;1850;38122;Trento
3;1850;38122;Trento
4;1850;38122;Trento
4;1850;38122;Trento
5;1850;38122;Trento
6;1850;38122;Trento
7;1850;38122;Trento
8;1850;38122;Trento
08-gen;1850;38122;Trento
9;1850;38122;Trento
9;1850;38122;Trento
9;1850;38122;Trento
9;1850;38122;Trento
9;1850;38122;Trento
3;1860;38123;Trento
4;1860;38123;Trento
4;1860;38123;Trento
04-gen;1860;38123;Trento
04-feb;1860;38123;Trento
04-mar;1860;38123;Trento
04-apr;1860;38123;Trento
6;1860;38123;Trento
6;1860;38123;Trento
6;1860;38123;Trento
6;1860;38123;Trento
8;1860;38123;Trento
08-gen;1860;38123;Trento
10;1860;38123;Trento
12;1860;38123;Trento
12-gen;1860;38123;Trento
12-feb;1860;38123;Trento
12-mar;1860;38123;Trento
12-apr;1860;38123;Trento
12-mag;1860;38123;Trento
12-giu;1860;38123;Trento
13;1860;38123;Trento
13-gen;1860;38123;Trento
14;1860;38123;Trento
15;1860;38123;Trento
16;1860;38123;Trento
17;1860;38123;Trento
18;1860;38123;Trento
19;1860;38123;Trento
19-gen;1860;38123;Trento
20;1860;38123;Trento
22;1860;38123;Trento
23;1860;38123;Trento
24;1860;38123;Trento
25;1860;38123;Trento
25;1860;38123;Trento
25;1860;38123;Trento
26;1860;38123;Trento
27;1860;38123;Trento
28;1860;38123;Trento
29;1860;38123;Trento
30;1860;38123;Trento
30;1860;38123;Trento
30/A;1860;38123;Trento
30/B;1860;38123;Trento
30/B;1860;38123;Trento
30/C;1860;38123;Trento
30/D;1860;38123;Trento
30/D;1860;38123;Trento
31;1860;38123;Trento
32;1860;38123;Trento
32;1860;38123;Trento
33;1860;38123;Trento
34;1860;38123;Trento
35;1860;38123;Trento
36;1860;38123;Trento
36;1860;38123;Trento
37;1860;38123;Trento
38;1860;38123;Trento
40;1860;38123;Trento
42;1860;38123;Trento
44;1860;38123;Trento
44/A;1860;38123;Trento
46;1860;38123;Trento
48;1860;38123;Trento
52;1860;38123;Trento
54;1860;38123;Trento
56;1860;38123;Trento
58;1860;38123;Trento
60;1860;38123;Trento
62;1860;38123;Trento
64;1860;38123;Trento
66;1860;38123;Trento
66;1860;38123;Trento
66;1860;38123;Trento
9;1870;38123;Trento
9;1870;38123;Trento
11;1870;38123;Trento
11;1870;38123;Trento
13;1870;38123;Trento
13;1870;38123;Trento
14;1870;38123;Trento
14;1870;38123;Trento
15;1870;38123;Trento
15;1870;38123;Trento
16;1870;38123;Trento
16;1870;38123;Trento
17;1870;38123;Trento
17;1870;38123;Trento
18;1870;38123;Trento
18/A;1870;38123;Trento
18/B;1870;38123;Trento
19;1870;38123;Trento
19;1870;38123;Trento
20;1870;38123;Trento
21;1870;38123;Trento
21;1870;38123;Trento
22;1870;38123;Trento
23;1870;38123;Trento
23;1870;38123;Trento
24;1870;38123;Trento
24;1870;38123;Trento
25;1870;38123;Trento
25;1870;38123;Trento
26;1870;38123;Trento
27;1870;38123;Trento
27;1870;38123;Trento
28;1870;38123;Trento
28;1870;38123;Trento
28;1870;38123;Trento
28;1870;38123;Trento
29;1870;38123;Trento
29;1870;38123;Trento
31;1870;38123;Trento
31;1870;38123;Trento
32;1870;38123;Trento
32;1870;38123;Trento
33;1870;38123;Trento
33;1870;38123;Trento
34;1870;38123;Trento
34;1870;38123;Trento
34;1870;38123;Trento
35;1870;38123;Trento
35;1870;38123;Trento
36;1870;38123;Trento
36;1870;38123;Trento
36;1870;38123;Trento
37;1870;38123;Trento
37;1870;38123;Trento
38;1870;38123;Trento
38;1870;38123;Trento
38/A;1870;38123;Trento
38/A;1870;38123;Trento
39;1870;38123;Trento
39;1870;38123;Trento
40;1870;38123;Trento
41;1870;38123;Trento
41;1870;38123;Trento
43;1870;38123;Trento
43;1870;38123;Trento
45;1870;38123;Trento
45;1870;38123;Trento
47;1870;38123;Trento
47;1870;38123;Trento
48;1870;38123;Trento
48;1870;38123;Trento
49;1870;38123;Trento
49;1870;38123;Trento
50;1870;38123;Trento
50;1870;38123;Trento
51;1870;38123;Trento
51;1870;38123;Trento
53;1870;38123;Trento
53;1870;38123;Trento
55;1870;38123;Trento
55;1870;38123;Trento
57;1870;38123;Trento
57;1870;38123;Trento
59;1870;38123;Trento
59;1870;38123;Trento
61;1870;38123;Trento
61;1870;38123;Trento
63;1870;38123;Trento
63;1870;38123;Trento
65;1870;38123;Trento
65;1870;38123;Trento
67;1870;38123;Trento
67;1870;38123;Trento
69;1870;38123;Trento
69;1870;38123;Trento
71;1870;38123;Trento
71;1870;38123;Trento
73;1870;38123;Trento
73;1870;38123;Trento
75;1870;38123;Trento
75;1870;38123;Trento
77;1870;38123;Trento
77;1870;38123;Trento
79;1870;38123;Trento
79;1870;38123;Trento
81;1870;38123;Trento
81;1870;38123;Trento
95;1870;38123;Trento
95;1870;38123;Trento
97;1870;38123;Trento
97;1870;38123;Trento
99;1870;38123;Trento
99;1870;38123;Trento
101;1870;38123;Trento
101;1870;38123;Trento
103;1870;38123;Trento
103;1870;38123;Trento
105;1870;38123;Trento
105;1870;38123;Trento
107;1870;38123;Trento
107;1870;38123;Trento
109;1870;38123;Trento
109;1870;38123;Trento
111;1870;38123;Trento
111;1870;38123;Trento
113;1870;38123;Trento
113;1870;38123;Trento
115;1870;38123;Trento
115;1870;38123;Trento
117;1870;38123;Trento
117;1870;38123;Trento
119;1870;38123;Trento
119;1870;38123;Trento
121;1870;38123;Trento
121;1870;38123;Trento
123;1870;38123;Trento
123;1870;38123;Trento
125;1870;38123;Trento
125;1870;38123;Trento
127;1870;38123;Trento
127;1870;38123;Trento
129;1870;38123;Trento
129;1870;38123;Trento
131;1870;38123;Trento
131;1870;38123;Trento
133;1870;38123;Trento
133;1870;38123;Trento
135;1870;38123;Trento
135;1870;38123;Trento
137;1870;38123;Trento
137;1870;38123;Trento
139;1870;38123;Trento
139;1870;38123;Trento
141;1870;38123;Trento
141;1870;38123;Trento
143;1870;38123;Trento
143;1870;38123;Trento
145;1870;38123;Trento
145;1870;38123;Trento
147;1870;38123;Trento
147;1870;38123;Trento
149;1870;38123;Trento
149;1870;38123;Trento
151;1870;38123;Trento
151;1870;38123;Trento
153;1870;38123;Trento
153;1870;38123;Trento
155;1870;38123;Trento
155;1870;38123;Trento
157;1870;38123;Trento
157;1870;38123;Trento
159;1870;38123;Trento
159;1870;38123;Trento
161;1870;38123;Trento
161;1870;38123;Trento
163;1870;38123;Trento
163;1870;38123;Trento
165;1870;38123;Trento
165;1870;38123;Trento
167;1870;38123;Trento
167;1870;38123;Trento
169;1870;38123;Trento
169;1870;38123;Trento
171;1870;38123;Trento
171;1870;38123;Trento
173;1870;38123;Trento
173;1870;38123;Trento
175;1870;38123;Trento
175;1870;38123;Trento
177;1870;38123;Trento
177;1870;38123;Trento
179;1870;38123;Trento
179;1870;38123;Trento
181;1870;38123;Trento
181;1870;38123;Trento
183;1870;38123;Trento
183;1870;38123;Trento
185;1870;38123;Trento
185;1870;38123;Trento
187;1870;38123;Trento
187;1870;38123;Trento
189;1870;38123;Trento
189;1870;38123;Trento
191;1870;38123;Trento
191;1870;38123;Trento
193;1870;38123;Trento
193;1870;38123;Trento
195;1870;38123;Trento
195;1870;38123;Trento
197;1870;38123;Trento
197;1870;38123;Trento
199;1870;38123;Trento
199;1870;38123;Trento
201;1870;38123;Trento
201;1870;38123;Trento
203;1870;38123;Trento
205;1870;38123;Trento
207;1870;38123;Trento
209;1870;38123;Trento
211;1870;38123;Trento
213;1870;38123;Trento
2;1890;38122;Trento
3;1890;38122;Trento
4;1890;38122;Trento
5;1890;38122;Trento
6;1890;38122;Trento
7;1890;38122;Trento
8;1890;38122;Trento
10;1890;38122;Trento
11;1890;38122;Trento
12;1890;38122;Trento
13;1890;38122;Trento
13;1890;38122;Trento
14;1890;38122;Trento
15;1890;38122;Trento
15-gen;1890;38122;Trento
15-feb;1890;38122;Trento
16;1890;38122;Trento
17;1890;38122;Trento
18;1890;38122;Trento
19;1890;38122;Trento
20;1890;38122;Trento
22;1890;38122;Trento
24;1890;38122;Trento
25;1890;38122;Trento
25;1890;38122;Trento
25;1890;38122;Trento
26;1890;38122;Trento
27;1890;38122;Trento
27;1890;38122;Trento
27-gen;1890;38122;Trento
28;1890;38122;Trento
29;1890;38122;Trento
30;1890;38122;Trento
31;1890;38122;Trento
32;1890;38122;Trento
33;1890;38122;Trento
34;1890;38122;Trento
35;1890;38122;Trento
35;1890;38122;Trento
35;1890;38122;Trento
36;1890;38122;Trento
37;1890;38122;Trento
37;1890;38122;Trento
37;1890;38122;Trento
38;1890;38122;Trento
39;1890;38122;Trento
39;1890;38122;Trento
39;1890;38122;Trento
39;1890;38122;Trento
39;1890;38122;Trento
40;1890;38122;Trento
41;1890;38122;Trento
41;1890;38122;Trento
41;1890;38122;Trento
41;1890;38122;Trento
42;1890;38122;Trento
43;1890;38122;Trento
43;1890;38122;Trento
43;1890;38122;Trento
44;1890;38122;Trento
45;1890;38122;Trento
45;1890;38122;Trento
46/2;1890;38122;Trento
47;1890;38122;Trento
47/A;1890;38122;Trento
47/B;1890;38122;Trento
48;1890;38122;Trento
49;1890;38122;Trento
49;1890;38122;Trento
50;1890;38122;Trento
51;1890;38122;Trento
52;1890;38122;Trento
53;1890;38122;Trento
54;1890;38122;Trento
55;1890;38122;Trento
56;1890;38122;Trento
57;1890;38122;Trento
58;1890;38122;Trento
59;1890;38122;Trento
60;1890;38122;Trento
62;1890;38122;Trento
64;1890;38122;Trento
66;1890;38122;Trento
68;1890;38122;Trento
76;1890;38122;Trento
76;1890;38122;Trento
76;1890;38122;Trento
80;1890;38122;Trento
80;1890;38122;Trento
80/1;1890;38122;Trento
80/2;1890;38122;Trento
80/3;1890;38122;Trento
80/4;1890;38122;Trento
84;1890;38122;Trento
84;1890;38122;Trento
86;1890;38122;Trento
90;1890;38122;Trento
92;1890;38122;Trento
92;1890;38122;Trento
96;1890;38122;Trento
96;1890;38122;Trento
98;1890;38122;Trento
100;1890;38122;Trento
102;1890;38122;Trento
102/1;1890;38122;Trento
104;1890;38122;Trento
104/1;1890;38122;Trento
106;1890;38122;Trento
106;1890;38122;Trento
108;1890;38122;Trento
110;1890;38122;Trento
112;1890;38122;Trento
112;1890;38122;Trento
112;1890;38122;Trento
114/1;1890;38122;Trento
114/2;1890;38122;Trento
114/3;1890;38122;Trento
114/4;1890;38122;Trento
114/5;1890;38122;Trento
114/6;1890;38122;Trento
116;1890;38122;Trento
116;1890;38122;Trento
116/1;1890;38122;Trento
116/2;1890;38122;Trento
118;1890;38122;Trento
118;1890;38122;Trento
120;1890;38122;Trento
120;1890;38122;Trento
120;1890;38122;Trento
120/A;1890;38122;Trento
122;1890;38122;Trento
122;1890;38122;Trento
124;1890;38122;Trento
124;1890;38122;Trento
126;1890;38122;Trento
128;1890;38122;Trento
130;1890;38122;Trento
132;1890;38122;Trento
134;1890;38122;Trento
136;1890;38122;Trento
138;1890;38122;Trento
140;1890;38122;Trento
140;1890;38122;Trento
144;1890;38122;Trento
144;1890;38122;Trento
146;1890;38122;Trento
148;1890;38122;Trento
150;1890;38122;Trento
152;1890;38122;Trento
154;1890;38122;Trento
1;1900;38122;Trento
2;1900;38122;Trento
3;1900;38122;Trento
4;1900;38122;Trento
5;1900;38122;Trento
6;1900;38122;Trento
7;1900;38122;Trento
9;1900;38122;Trento
10;1900;38122;Trento
11;1900;38122;Trento
12;1900;38122;Trento
13;1900;38122;Trento
14;1900;38122;Trento
15;1900;38122;Trento
16;1900;38122;Trento
17;1900;38122;Trento
18;1900;38122;Trento
19;1900;38122;Trento
20;1900;38122;Trento
20;1900;38122;Trento
21;1900;38122;Trento
22;1900;38122;Trento
23;1900;38122;Trento
24;1900;38122;Trento
25;1900;38122;Trento
26;1900;38122;Trento
26;1900;38122;Trento
27;1900;38122;Trento
27;1900;38122;Trento
28;1900;38122;Trento
28;1900;38122;Trento
28;1900;38122;Trento
29;1900;38122;Trento
30;1900;38122;Trento
31;1900;38122;Trento
31;1900;38122;Trento
32;1900;38122;Trento
32;1900;38122;Trento
33;1900;38122;Trento
33;1900;38122;Trento
33;1900;38122;Trento
34;1900;38122;Trento
35;1900;38122;Trento
35;1900;38122;Trento
37;1900;38122;Trento
37;1900;38122;Trento
38;1900;38122;Trento
38;1900;38122;Trento
39;1900;38122;Trento
41;1900;38122;Trento
43;1900;38122;Trento
43;1900;38122;Trento
45;1900;38122;Trento
47;1900;38122;Trento
49;1900;38122;Trento
49;1900;38122;Trento
51;1900;38122;Trento
53;1900;38122;Trento
55;1900;38122;Trento
57;1900;38122;Trento
59;1900;38122;Trento
61;1900;38122;Trento
63;1900;38122;Trento
65;1900;38122;Trento
67;1900;38122;Trento
69;1900;38122;Trento
1;1910;38121;Trento
1/A;1910;38121;Trento
1/B;1910;38121;Trento
2;1910;38121;Trento
3;1910;38121;Trento
3;1910;38121;Trento
4;1910;38121;Trento
5;1910;38121;Trento
5;1910;38121;Trento
6;1910;38121;Trento
7;1910;38121;Trento
8;1910;38121;Trento
9;1910;38121;Trento
9;1910;38121;Trento
10;1910;38121;Trento
10;1910;38121;Trento
10;1910;38121;Trento
10;1910;38121;Trento
11;1910;38121;Trento
12;1910;38121;Trento
12;1910;38121;Trento
13;1910;38121;Trento
15;1910;38121;Trento
15;1910;38121;Trento
15;1910;38121;Trento
16;1910;38121;Trento
16;1910;38121;Trento
17;1910;38121;Trento
17;1910;38121;Trento
17;1910;38121;Trento
19;1910;38121;Trento
19;1910;38121;Trento
19;1910;38121;Trento
21;1910;38121;Trento
21;1910;38121;Trento
2;1920;38122;Trento
3;1920;38122;Trento
4;1920;38122;Trento
6;1920;38122;Trento
8;1920;38122;Trento
11;1920;38122;Trento
15;1920;38122;Trento
15;1920;38122;Trento
21;1920;38122;Trento
22;1920;38122;Trento
28;1920;38122;Trento
30;1920;38122;Trento
31;1920;38122;Trento
36;1920;38122;Trento
38;1920;38122;Trento
39;1920;38122;Trento
44;1920;38122;Trento
44;1920;38122;Trento
1;1930;38122;Trento
3;1930;38122;Trento
3;1930;38122;Trento
3;1930;38122;Trento
3;1930;38122;Trento
4;1930;38122;Trento
4;1930;38122;Trento
5;1930;38122;Trento
5;1930;38122;Trento
5;1930;38122;Trento
5;1930;38122;Trento
5;1930;38122;Trento
6;1930;38122;Trento
6;1930;38122;Trento
8;1930;38122;Trento
8;1930;38122;Trento
8;1930;38122;Trento
8;1930;38122;Trento
10;1930;38122;Trento
10;1930;38122;Trento
10;1930;38122;Trento
12;1930;38122;Trento
12;1930;38122;Trento
12;1930;38122;Trento
14;1930;38122;Trento
14;1930;38122;Trento
14;1930;38122;Trento
18;1930;38122;Trento
18;1930;38122;Trento
18;1930;38122;Trento
20;1930;38122;Trento
20;1930;38122;Trento
22;1930;38122;Trento
22;1930;38122;Trento
24;1930;38122;Trento
24;1930;38122;Trento
26;1930;38122;Trento
26;1930;38122;Trento
30;1930;38122;Trento
30;1930;38122;Trento
36;1930;38122;Trento
38;1930;38122;Trento
38;1930;38122;Trento
42;1930;38122;Trento
42;1930;38122;Trento
44;1930;38122;Trento
44;1930;38122;Trento
46;1930;38122;Trento
48;1930;38122;Trento
48;1930;38122;Trento
48;1930;38122;Trento
54;1930;38122;Trento
54;1930;38122;Trento
56;1930;38122;Trento
1;1940;38122;Trento
1;1940;38122;Trento
1;1940;38122;Trento
2;1940;38122;Trento
2;1940;38122;Trento
2;1940;38122;Trento
2;1940;38122;Trento
2/A;1940;38122;Trento
2/A;1940;38122;Trento
2/A;1940;38122;Trento
3;1940;38122;Trento
3;1940;38122;Trento
4;1940;38122;Trento
4;1940;38122;Trento
04-gen;1940;38122;Trento
7;1940;38122;Trento
1;1950;38122;Trento
2;1950;38122;Trento
4;1950;38122;Trento
6;1950;38122;Trento
8;1950;38122;Trento
10;1950;38122;Trento
12;1950;38122;Trento
14;1950;38122;Trento
16;1950;38122;Trento
18;1950;38122;Trento
2;1960;38122;Trento
2;1960;38122;Trento
4;1960;38122;Trento
4;1960;38122;Trento
4/A;1960;38122;Trento
4/A;1960;38122;Trento
5;1960;38122;Trento
5;1960;38122;Trento
5;1960;38122;Trento
6;1960;38122;Trento
6;1960;38122;Trento
7;1960;38122;Trento
7;1960;38122;Trento
7;1960;38122;Trento
9;1960;38122;Trento
9;1960;38122;Trento
9;1960;38122;Trento
10;1960;38122;Trento
10;1960;38122;Trento
11;1960;38122;Trento
11;1960;38122;Trento
12;1960;38122;Trento
13;1960;38122;Trento
14;1960;38122;Trento
15;1960;38122;Trento
15;1960;38122;Trento
16;1960;38122;Trento
17;1960;38122;Trento
19;1960;38122;Trento
19;1960;38122;Trento
21;1960;38122;Trento
21;1960;38122;Trento
22;1960;38122;Trento
24;1960;38122;Trento
26;1960;38122;Trento
26;1960;38122;Trento
28;1960;38122;Trento
28;1960;38122;Trento
30;1960;38122;Trento
30;1960;38122;Trento
32;1960;38122;Trento
32;1960;38122;Trento
34;1960;38122;Trento
1;1970;38121;Trento
2;1970;38121;Trento
3;1970;38121;Trento
03-gen;1970;38121;Trento
4;1970;38121;Trento
5;1970;38121;Trento
6;1970;38121;Trento
7;1970;38121;Trento
8;1970;38121;Trento
9;1970;38121;Trento
10;1970;38121;Trento
11;1970;38121;Trento
12;1970;38121;Trento
13;1970;38121;Trento
15;1970;38121;Trento
17;1970;38121;Trento
19;1970;38121;Trento
2;1980;38122;Trento
4;1980;38122;Trento
6;1980;38122;Trento
8;1980;38122;Trento
8/A;1980;38122;Trento
10;1980;38122;Trento
10;1980;38122;Trento
10;1980;38122;Trento
3;1990;38122;Trento
6;1990;38122;Trento
8;1990;38122;Trento
9;1990;38122;Trento
9;1990;38122;Trento
9;1990;38122;Trento
11;1990;38122;Trento
12;1990;38122;Trento
13;1990;38122;Trento
14;1990;38122;Trento
15;1990;38122;Trento
16;1990;38122;Trento
17;1990;38122;Trento
18;1990;38122;Trento
19;1990;38122;Trento
20;1990;38122;Trento
21;1990;38122;Trento
22;1990;38122;Trento
23;1990;38122;Trento
24;1990;38122;Trento
25;1990;38122;Trento
26;1990;38122;Trento
27;1990;38122;Trento
28;1990;38122;Trento
29;1990;38122;Trento
30;1990;38122;Trento
31;1990;38122;Trento
32;1990;38122;Trento
33;1990;38122;Trento
1;2000;38122;Trento
2;2000;38122;Trento
2;2000;38122;Trento
2;2000;38122;Trento
2;2000;38122;Trento
2;2000;38122;Trento
4;2000;38122;Trento
6;2000;38122;Trento
8;2000;38122;Trento
1;2020;38122;Trento
1;2020;38122;Trento
2;2020;38122;Trento
3;2020;38122;Trento
3;2020;38122;Trento
4;2020;38122;Trento
5;2020;38122;Trento
6;2020;38122;Trento
7;2020;38122;Trento
8;2020;38122;Trento
8;2020;38122;Trento
8;2020;38122;Trento
08-gen;2020;38122;Trento
08-gen;2020;38122;Trento
08-feb;2020;38122;Trento
08-mar;2020;38122;Trento
08-apr;2020;38122;Trento
08-mag;2020;38122;Trento
08-giu;2020;38122;Trento
08-lug;2020;38122;Trento
9;2020;38122;Trento
10;2020;38122;Trento
10;2020;38122;Trento
10;2020;38122;Trento
10;2020;38122;Trento
10-gen;2020;38122;Trento
11;2020;38122;Trento
12;2020;38122;Trento
12;2020;38122;Trento
12;2020;38122;Trento
13;2020;38122;Trento
14;2020;38122;Trento
14/A;2020;38122;Trento
14/B;2020;38122;Trento
14/C;2020;38122;Trento
14/D;2020;38122;Trento
15;2020;38122;Trento
16;2020;38122;Trento
16;2020;38122;Trento
17;2020;38122;Trento
18;2020;38122;Trento
18;2020;38122;Trento
19;2020;38122;Trento
20;2020;38122;Trento
20;2020;38122;Trento
21;2020;38122;Trento
21;2020;38122;Trento
21;2020;38122;Trento
22;2020;38122;Trento
22;2020;38122;Trento
23;2020;38122;Trento
23;2020;38122;Trento
24;2020;38122;Trento
24/A;2020;38122;Trento
24/A;2020;38122;Trento
25;2020;38122;Trento
26;2020;38122;Trento
27;2020;38122;Trento
28;2020;38122;Trento
29;2020;38122;Trento
29-gen;2020;38122;Trento
30;2020;38122;Trento
31;2020;38122;Trento
32;2020;38122;Trento
33;2020;38122;Trento
33/1;2020;38122;Trento
33/2;2020;38122;Trento
33/3;2020;38122;Trento
34;2020;38122;Trento
34/2;2020;38122;Trento
34/3;2020;38122;Trento
34/4;2020;38122;Trento
35;2020;38122;Trento
35;2020;38122;Trento
35;2020;38122;Trento
36;2020;38122;Trento
36/3;2020;38122;Trento
37;2020;38122;Trento
37;2020;38122;Trento
37;2020;38122;Trento
38;2020;38122;Trento
38/3;2020;38122;Trento
38/4;2020;38122;Trento
39;2020;38122;Trento
39;2020;38122;Trento
39;2020;38122;Trento
40;2020;38122;Trento
41;2020;38122;Trento
41;2020;38122;Trento
41;2020;38122;Trento
42;2020;38122;Trento
42/1;2020;38122;Trento
43;2020;38122;Trento
44;2020;38122;Trento
45;2020;38122;Trento
46;2020;38122;Trento
47;2020;38122;Trento
48;2020;38122;Trento
50;2020;38122;Trento
50;2020;38122;Trento
50;2020;38122;Trento
50;2020;38122;Trento
51;2020;38122;Trento
51;2020;38122;Trento
51;2020;38122;Trento
51;2020;38122;Trento
51;2020;38122;Trento
51;2020;38122;Trento
51;2020;38122;Trento
51;2020;38122;Trento
51;2020;38122;Trento
54;2020;38122;Trento
56;2020;38122;Trento
56;2020;38122;Trento
56;2020;38122;Trento
57;2020;38122;Trento
57;2020;38122;Trento
58;2020;38122;Trento
59;2020;38122;Trento
59;2020;38122;Trento
59;2020;38122;Trento
60;2020;38122;Trento
60;2020;38122;Trento
60;2020;38122;Trento
60/1;2020;38122;Trento
60/2;2020;38122;Trento
62;2020;38122;Trento
62;2020;38122;Trento
64;2020;38122;Trento
66;2020;38122;Trento
66;2020;38122;Trento
66;2020;38122;Trento
66;2020;38122;Trento
68;2020;38122;Trento
68;2020;38122;Trento
70;2020;38122;Trento
72;2020;38122;Trento
72;2020;38122;Trento
74;2020;38122;Trento
76;2020;38122;Trento
78;2020;38122;Trento
2;2030;38122;Trento
2;2030;38122;Trento
2;2030;38122;Trento
3;2030;38122;Trento
4;2030;38122;Trento
4;2030;38122;Trento
6;2030;38122;Trento
6;2030;38122;Trento
7;2030;38122;Trento
7;2030;38122;Trento
8;2030;38122;Trento
9;2030;38122;Trento
9;2030;38122;Trento
10;2030;38122;Trento
10;2030;38122;Trento
11;2030;38122;Trento
11;2030;38122;Trento
12;2030;38122;Trento
13;2030;38122;Trento
13;2030;38122;Trento
1;2040;38122;Trento
1;2040;38122;Trento
2;2040;38122;Trento
2;2040;38122;Trento
3;2040;38122;Trento
3;2040;38122;Trento
4;2040;38122;Trento
5;2040;38122;Trento
5;2040;38122;Trento
6;2040;38122;Trento
6;2040;38122;Trento
6;2040;38122;Trento
7;2040;38122;Trento
7;2040;38122;Trento
7;2040;38122;Trento
9;2040;38122;Trento
9;2040;38122;Trento
09-gen;2040;38122;Trento
10;2040;38122;Trento
10;2040;38122;Trento
11;2040;38122;Trento
11-gen;2040;38122;Trento
11-feb;2040;38122;Trento
12;2040;38122;Trento
13;2040;38122;Trento
13;2040;38122;Trento
13;2040;38122;Trento
14;2040;38122;Trento
14;2040;38122;Trento
15-gen;2040;38122;Trento
15-gen;2040;38122;Trento
15-feb;2040;38122;Trento
16;2040;38122;Trento
17;2040;38122;Trento
17;2040;38122;Trento
17;2040;38122;Trento
18;2040;38122;Trento
20;2040;38122;Trento
21;2040;38122;Trento
22;2040;38122;Trento
23;2040;38122;Trento
23;2040;38122;Trento
24;2040;38122;Trento
24;2040;38122;Trento
24;2040;38122;Trento
25;2040;38122;Trento
25;2040;38122;Trento
26;2040;38122;Trento
26;2040;38122;Trento
27;2040;38122;Trento
28;2040;38122;Trento
28;2040;38122;Trento
30;2040;38122;Trento
1;2045;38122;Trento
2;2045;38122;Trento
3;2045;38122;Trento
4;2045;38122;Trento
5;2045;38122;Trento
6;2045;38122;Trento
7;2045;38122;Trento
8;2045;38122;Trento
9;2045;38122;Trento
11;2045;38122;Trento
1;2050;38122;Trento
1;2050;38122;Trento
1;2050;38122;Trento
2;2050;38122;Trento
2;2050;38122;Trento
3;2050;38122;Trento
3;2050;38122;Trento
3;2050;38122;Trento
3;2050;38122;Trento
4;2050;38122;Trento
4;2050;38122;Trento
5;2050;38122;Trento
5;2050;38122;Trento
6;2050;38122;Trento
6;2050;38122;Trento
7;2050;38122;Trento
7;2050;38122;Trento
7;2050;38122;Trento
9;2050;38122;Trento
9;2050;38122;Trento
10;2050;38122;Trento
10;2050;38122;Trento
11;2050;38122;Trento
11;2050;38122;Trento
12;2050;38122;Trento
12-gen;2050;38122;Trento
13;2050;38122;Trento
13;2050;38122;Trento
14;2050;38122;Trento
15;2050;38122;Trento
15;2050;38122;Trento
15;2050;38122;Trento
15;2050;38122;Trento
16;2050;38122;Trento
16-gen;2050;38122;Trento
17;2050;38122;Trento
17;2050;38122;Trento
17;2050;38122;Trento
18;2050;38122;Trento
19;2050;38122;Trento
19;2050;38122;Trento
19/A;2050;38122;Trento
19/A;2050;38122;Trento
20;2050;38122;Trento
21;2050;38122;Trento
22;2050;38122;Trento
22;2050;38122;Trento
22;2050;38122;Trento
23;2050;38122;Trento
23;2050;38122;Trento
24;2050;38122;Trento
24;2050;38122;Trento
25;2050;38122;Trento
25;2050;38122;Trento
26;2050;38122;Trento
26;2050;38122;Trento
27;2050;38122;Trento
28;2050;38122;Trento
28;2050;38122;Trento
28;2050;38122;Trento
29;2050;38122;Trento
29;2050;38122;Trento
30;2050;38122;Trento
30;2050;38122;Trento
30;2050;38122;Trento
32;2050;38122;Trento
32;2050;38122;Trento
32;2050;38122;Trento
34;2050;38122;Trento
34;2050;38122;Trento
36;2050;38122;Trento
36;2050;38122;Trento
38;2050;38122;Trento
46;2050;38122;Trento
46;2050;38122;Trento
46;2050;38122;Trento
48;2050;38122;Trento
48;2050;38122;Trento
48;2050;38122;Trento
50;2050;38122;Trento
50/A;2050;38122;Trento
50/B;2050;38122;Trento
52;2050;38122;Trento
52/A;2050;38122;Trento
52/A;2050;38122;Trento
54;2050;38122;Trento
54;2050;38122;Trento
56;2050;38122;Trento
58;2050;38122;Trento
58;2050;38122;Trento
60;2050;38122;Trento
60;2050;38122;Trento
62;2050;38122;Trento
64;2050;38122;Trento
66;2050;38122;Trento
68;2050;38122;Trento
68;2050;38122;Trento
70;2050;38122;Trento
70;2050;38122;Trento
3;2060;38122;Trento
4;2060;38122;Trento
5;2060;38122;Trento
6;2060;38122;Trento
7;2060;38122;Trento
8;2060;38122;Trento
8;2060;38122;Trento
9;2060;38122;Trento
10;2060;38122;Trento
11;2060;38122;Trento
12;2060;38122;Trento
13;2060;38122;Trento
14;2060;38122;Trento
15;2060;38122;Trento
16;2060;38122;Trento
16;2060;38122;Trento
18;2060;38122;Trento
18;2060;38122;Trento
20;2060;38122;Trento
1;2070;38121;Trento
2;2070;38121;Trento
3;2070;38121;Trento
4;2070;38121;Trento
5;2070;38121;Trento
05-gen;2070;38121;Trento
6;2070;38121;Trento
7;2070;38121;Trento
8;2070;38121;Trento
9;2070;38121;Trento
10;2070;38121;Trento
11;2070;38121;Trento
12;2070;38121;Trento
13;2070;38121;Trento
14;2070;38121;Trento
15;2070;38121;Trento
17;2070;38121;Trento
19;2070;38121;Trento
2;2080;38123;Trento
02-gen;2080;38123;Trento
02-feb;2080;38123;Trento
4;2080;38123;Trento
04-gen;2080;38123;Trento
6;2080;38123;Trento
8;2080;38123;Trento
10;2080;38123;Trento
12;2080;38123;Trento
14;2080;38123;Trento
16;2080;38123;Trento
18;2080;38123;Trento
20;2080;38123;Trento
22;2080;38123;Trento
22;2080;38123;Trento
22;2080;38123;Trento
22;2080;38123;Trento
24;2080;38123;Trento
24;2080;38123;Trento
26;2080;38123;Trento
26;2080;38123;Trento
26;2080;38123;Trento
34;2080;38123;Trento
34;2080;38123;Trento
36;2080;38123;Trento
38;2080;38123;Trento
38/A;2080;38123;Trento
38/A;2080;38123;Trento
38/B;2080;38123;Trento
40;2080;38123;Trento
40;2080;38123;Trento
40;2080;38123;Trento
42;2080;38123;Trento
42;2080;38123;Trento
42;2080;38123;Trento
44;2080;38123;Trento
1;2090;38122;Trento
3;2090;38122;Trento
3;2090;38122;Trento
4;2090;38122;Trento
4;2090;38122;Trento
5;2090;38122;Trento
5/A;2090;38122;Trento
6;2090;38122;Trento
8;2090;38122;Trento
10;2090;38122;Trento
10;2090;38122;Trento
12;2090;38122;Trento
13;2090;38122;Trento
1;2100;38122;Trento
2;2100;38122;Trento
3;2100;38122;Trento
4;2100;38122;Trento
5;2100;38122;Trento
5;2100;38122;Trento
5/A;2100;38122;Trento
6;2100;38122;Trento
7;2100;38122;Trento
7/A;2100;38122;Trento
8;2100;38122;Trento
9;2100;38122;Trento
10;2100;38122;Trento
11;2100;38122;Trento
12;2100;38122;Trento
13;2100;38122;Trento
14;2100;38122;Trento
15;2100;38122;Trento
16;2100;38122;Trento
17;2100;38122;Trento
17/A;2100;38122;Trento
19;2100;38122;Trento
21;2100;38122;Trento
23;2100;38122;Trento
25;2100;38122;Trento
1;2110;38122;Trento
2;2110;38122;Trento
02-gen;2110;38122;Trento
02-feb;2110;38122;Trento
02-mar;2110;38122;Trento
02-apr;2110;38122;Trento
02-mag;2110;38122;Trento
3;2110;38122;Trento
4;2110;38122;Trento
5;2110;38122;Trento
6;2110;38122;Trento
7;2110;38122;Trento
8;2110;38122;Trento
9;2110;38122;Trento
9;2110;38122;Trento
9;2110;38122;Trento
9;2110;38122;Trento
11;2110;38122;Trento
13;2110;38122;Trento
15;2110;38122;Trento
17;2110;38122;Trento
23;2110;38122;Trento
1;2120;38122;Trento
2;2120;38122;Trento
3;2120;38122;Trento
4;2120;38122;Trento
5;2120;38122;Trento
6;2120;38122;Trento
7;2120;38122;Trento
8;2120;38122;Trento
9;2120;38122;Trento
10;2120;38122;Trento
11;2120;38122;Trento
13;2120;38122;Trento
14;2120;38122;Trento
15;2120;38122;Trento
16;2120;38122;Trento
17;2120;38122;Trento
18;2120;38122;Trento
20;2120;38122;Trento
22;2120;38122;Trento
24;2120;38122;Trento
25;2120;38122;Trento
27;2120;38122;Trento
28;2120;38122;Trento
29;2120;38122;Trento
30;2120;38122;Trento
31;2120;38122;Trento
32;2120;38122;Trento
33;2120;38122;Trento
34;2120;38122;Trento
35;2120;38122;Trento
36;2120;38122;Trento
37;2120;38122;Trento
38;2120;38122;Trento
39;2120;38122;Trento
1;2130;38122;Trento
2;2130;38122;Trento
2/A;2130;38122;Trento
4;2130;38122;Trento
5;2130;38122;Trento
6;2130;38122;Trento
7;2130;38122;Trento
9;2130;38122;Trento
10;2130;38122;Trento
12;2130;38122;Trento
14;2130;38122;Trento
16;2130;38122;Trento
18;2130;38122;Trento
20;2130;38122;Trento
22;2130;38122;Trento
24;2130;38122;Trento
28;2130;38122;Trento
30;2130;38122;Trento
32;2130;38122;Trento
34;2130;38122;Trento
1;2140;38122;Trento
1;2140;38122;Trento
1;2140;38122;Trento
1;2140;38122;Trento
3;2140;38122;Trento
5;2140;38122;Trento
5;2140;38122;Trento
11;2140;38122;Trento
1;2150;38122;Trento
01-gen;2150;38122;Trento
01-gen;2150;38122;Trento
2;2150;38122;Trento
2;2150;38122;Trento
3;2150;38122;Trento
3;2150;38122;Trento
5;2150;38122;Trento
7;2150;38122;Trento
7;2150;38122;Trento
1;2160;38122;Trento
3;2160;38122;Trento
4;2160;38122;Trento
5;2160;38122;Trento
6;2160;38122;Trento
7;2160;38122;Trento
8;2160;38122;Trento
9;2160;38122;Trento
10;2160;38122;Trento
11;2160;38122;Trento
12;2160;38122;Trento
13;2160;38122;Trento
14;2160;38122;Trento
15;2160;38122;Trento
15-gen;2160;38122;Trento
15-feb;2160;38122;Trento
15-mar;2160;38122;Trento
15-apr;2160;38122;Trento
16;2160;38122;Trento
17;2160;38122;Trento
18;2160;38122;Trento
19;2160;38122;Trento
19;2160;38122;Trento
20;2160;38122;Trento
21;2160;38122;Trento
21;2160;38122;Trento
22;2160;38122;Trento
23;2160;38122;Trento
24;2160;38122;Trento
25;2160;38122;Trento
26;2160;38122;Trento
27;2160;38122;Trento
28;2160;38122;Trento
29;2160;38122;Trento
1;2170;38122;Trento
1;2170;38122;Trento
2;2170;38122;Trento
2;2170;38122;Trento
3;2170;38122;Trento
3;2170;38122;Trento
4;2170;38122;Trento
4;2170;38122;Trento
5;2170;38122;Trento
5;2170;38122;Trento
5;2170;38122;Trento
6;2170;38122;Trento
6;2170;38122;Trento
7;2170;38122;Trento
7;2170;38122;Trento
7;2170;38122;Trento
8;2170;38122;Trento
8;2170;38122;Trento
2;2180;38122;Trento
3;2180;38122;Trento
4;2180;38122;Trento
5;2180;38122;Trento
6;2180;38122;Trento
06-gen;2180;38122;Trento
7;2180;38122;Trento
8;2180;38122;Trento
9;2180;38122;Trento
10;2180;38122;Trento
11;2180;38122;Trento
12;2180;38122;Trento
13;2180;38122;Trento
14;2180;38122;Trento
14;2180;38122;Trento
14;2180;38122;Trento
15;2180;38122;Trento
16;2180;38122;Trento
17;2180;38122;Trento
18;2180;38122;Trento
19;2180;38122;Trento
20;2180;38122;Trento
21;2180;38122;Trento
22;2180;38122;Trento
23;2180;38122;Trento
24;2180;38122;Trento
25;2180;38122;Trento
26;2180;38122;Trento
27;2180;38122;Trento
28;2180;38122;Trento
29;2180;38122;Trento
30;2180;38122;Trento
31;2180;38122;Trento
32;2180;38122;Trento
33;2180;38122;Trento
34;2180;38122;Trento
35;2180;38122;Trento
36;2180;38122;Trento
37;2180;38122;Trento
38;2180;38122;Trento
39;2180;38122;Trento
40;2180;38122;Trento
41;2180;38122;Trento
42;2180;38122;Trento
6;2370;38122;Trento
43;2180;38122;Trento
44;2180;38122;Trento
45;2180;38122;Trento
46;2180;38122;Trento
47;2180;38122;Trento
48;2180;38122;Trento
49;2180;38122;Trento
49/A;2180;38122;Trento
50;2180;38122;Trento
51;2180;38122;Trento
52;2180;38122;Trento
54;2180;38122;Trento
55;2180;38122;Trento
56;2180;38122;Trento
57;2180;38122;Trento
57;2180;38122;Trento
57;2180;38122;Trento
59;2180;38122;Trento
60;2180;38122;Trento
62;2180;38122;Trento
63;2180;38122;Trento
64;2180;38122;Trento
65;2180;38122;Trento
66;2180;38122;Trento
67;2180;38122;Trento
68;2180;38122;Trento
69;2180;38122;Trento
70;2180;38122;Trento
72;2180;38122;Trento
74;2180;38122;Trento
76;2180;38122;Trento
77;2180;38122;Trento
78;2180;38122;Trento
79;2180;38122;Trento
80;2180;38122;Trento
81;2180;38122;Trento
82;2180;38122;Trento
83;2180;38122;Trento
84;2180;38122;Trento
86;2180;38122;Trento
88;2180;38122;Trento
90;2180;38122;Trento
92;2180;38122;Trento
1;2190;38122;Trento
2;2190;38122;Trento
2;2190;38122;Trento
2;2190;38122;Trento
02-gen;2190;38122;Trento
3;2190;38122;Trento
3;2190;38122;Trento
3;2190;38122;Trento
4;2190;38122;Trento
4;2190;38122;Trento
04-gen;2190;38122;Trento
5;2190;38122;Trento
5;2190;38122;Trento
05-gen;2190;38122;Trento
6;2190;38122;Trento
6;2190;38122;Trento
7;2190;38122;Trento
7;2190;38122;Trento
7;2190;38122;Trento
8;2190;38122;Trento
8;2190;38122;Trento
9;2190;38122;Trento
10;2190;38122;Trento
10;2190;38122;Trento
10-gen;2190;38122;Trento
12;2190;38122;Trento
12;2190;38122;Trento
12;2190;38122;Trento
12;2190;38122;Trento
12/A;2190;38122;Trento
12/A;2190;38122;Trento
14;2190;38122;Trento
14;2190;38122;Trento
14-gen;2190;38122;Trento
16;2190;38122;Trento
16;2190;38122;Trento
16/A;2190;38122;Trento
18;2190;38122;Trento
18;2190;38122;Trento
18;2190;38122;Trento
20;2190;38122;Trento
20;2190;38122;Trento
20-gen;2190;38122;Trento
3;2200;38122;Trento
4;2200;38122;Trento
4;2200;38122;Trento
4;2200;38122;Trento
4;2200;38122;Trento
4;2200;38122;Trento
5;2200;38122;Trento
6;2200;38122;Trento
7;2200;38122;Trento
7;2200;38122;Trento
8;2200;38122;Trento
9;2200;38122;Trento
10;2200;38122;Trento
10;2200;38122;Trento
10;2200;38122;Trento
10;2200;38122;Trento
11;2200;38122;Trento
12;2200;38122;Trento
12;2200;38122;Trento
12;2200;38122;Trento
12;2200;38122;Trento
13;2200;38122;Trento
13;2200;38122;Trento
13;2200;38122;Trento
14;2200;38122;Trento
14;2200;38122;Trento
14;2200;38122;Trento
14/A;2200;38122;Trento
14/B;2200;38122;Trento
15;2200;38122;Trento
16;2200;38122;Trento
17;2200;38122;Trento
17;2200;38122;Trento
17;2200;38122;Trento
17;2200;38122;Trento
18;2200;38122;Trento
19;2200;38122;Trento
19;2200;38122;Trento
19;2200;38122;Trento
19-gen;2200;38122;Trento
19-feb;2200;38122;Trento
19-feb;2200;38122;Trento
19-feb;2200;38122;Trento
19-mar;2200;38122;Trento
19-apr;2200;38122;Trento
19-mag;2200;38122;Trento
19-giu;2200;38122;Trento
19-lug;2200;38122;Trento
19-ago;2200;38122;Trento
20;2200;38122;Trento
21;2200;38122;Trento
21-gen;2200;38122;Trento
21-feb;2200;38122;Trento
21/A;2200;38122;Trento
22;2200;38122;Trento
22;2200;38122;Trento
22;2200;38122;Trento
23;2200;38122;Trento
23/A;2200;38122;Trento
23/B;2200;38122;Trento
24;2200;38122;Trento
25;2200;38122;Trento
25/A;2200;38122;Trento
26;2200;38122;Trento
3;2210;38122;Trento
3;2210;38122;Trento
5;2210;38122;Trento
5;2210;38122;Trento
7;2210;38122;Trento
14;2210;38122;Trento
14;2210;38122;Trento
16;2210;38122;Trento
16;2210;38122;Trento
18;2210;38122;Trento
18;2210;38122;Trento
20;2210;38122;Trento
20;2210;38122;Trento
20;2210;38122;Trento
20-gen;2210;38122;Trento
20-gen;2210;38122;Trento
22/A;2210;38122;Trento
22/A;2210;38122;Trento
22/B;2210;38122;Trento
22/B;2210;38122;Trento
22/C;2210;38122;Trento
22/D;2210;38122;Trento
22/D;2210;38122;Trento
22/E;2210;38122;Trento
22/E;2210;38122;Trento
22/F;2210;38122;Trento
22/F;2210;38122;Trento
22/G;2210;38122;Trento
22/G;2210;38122;Trento
22/H;2210;38122;Trento
22/H;2210;38122;Trento
24;2210;38122;Trento
26;2210;38122;Trento
28;2210;38122;Trento
30;2210;38122;Trento
2;2220;38121;Trento
3;2220;38121;Trento
3;2220;38121;Trento
3;2220;38121;Trento
4;2220;38121;Trento
6;2220;38121;Trento
6;2220;38121;Trento
6;2220;38121;Trento
7;2220;38121;Trento
7;2220;38121;Trento
7;2220;38121;Trento
8;2220;38121;Trento
8;2220;38121;Trento
8;2220;38121;Trento
10;2220;38121;Trento
10;2220;38121;Trento
12;2220;38121;Trento
12;2220;38121;Trento
14;2220;38121;Trento
14;2220;38121;Trento
16;2220;38121;Trento
18;2220;38121;Trento
18;2220;38121;Trento
18;2220;38121;Trento
2;2230;38122;Trento
4;2230;38122;Trento
4;2230;38122;Trento
5;2230;38122;Trento
5;2230;38122;Trento
5;2230;38122;Trento
5;2230;38122;Trento
6;2230;38122;Trento
7;2230;38122;Trento
8;2230;38122;Trento
9;2230;38122;Trento
11;2230;38122;Trento
13;2230;38122;Trento
15;2230;38122;Trento
17;2230;38122;Trento
19;2230;38122;Trento
21;2230;38122;Trento
23;2230;38122;Trento
25;2230;38122;Trento
27;2230;38122;Trento
29;2230;38122;Trento
31;2230;38122;Trento
33;2230;38122;Trento
35;2230;38122;Trento
1;2240;38122;Trento
2;2240;38122;Trento
3;2240;38122;Trento
4;2240;38122;Trento
5;2240;38122;Trento
6;2240;38122;Trento
7;2240;38122;Trento
8;2240;38122;Trento
9;2240;38122;Trento
10;2240;38122;Trento
1;2250;38122;Trento
1;2250;38122;Trento
2;2250;38122;Trento
4;2250;38122;Trento
4;2250;38122;Trento
5;2250;38122;Trento
7;2250;38122;Trento
7/A;2250;38122;Trento
9;2250;38122;Trento
11;2250;38122;Trento
13;2250;38122;Trento
15;2250;38122;Trento
15-gen;2250;38122;Trento
15-feb;2250;38122;Trento
15-mar;2250;38122;Trento
15-apr;2250;38122;Trento
15-mag;2250;38122;Trento
15/A;2250;38122;Trento
1;2260;38122;Trento
1;2260;38122;Trento
1;2260;38122;Trento
3;2260;38122;Trento
3;2260;38122;Trento
3;2260;38122;Trento
5/A;2260;38122;Trento
5/B;2260;38122;Trento
5/C;2260;38122;Trento
5/D;2260;38122;Trento
5/E;2260;38122;Trento
5/F;2260;38122;Trento
6;2260;38122;Trento
06-gen;2260;38122;Trento
8;2260;38122;Trento
08-gen;2260;38122;Trento
08-gen;2260;38122;Trento
9;2260;38122;Trento
09-gen;2260;38122;Trento
9/A;2260;38122;Trento
9/A;2260;38122;Trento
9/B;2260;38122;Trento
9/C;2260;38122;Trento
11;2260;38122;Trento
11;2260;38122;Trento
11-gen;2260;38122;Trento
1;2270;38122;Trento
2;2270;38122;Trento
3;2270;38122;Trento
4;2270;38122;Trento
5;2270;38122;Trento
6;2270;38122;Trento
7;2270;38122;Trento
8;2270;38122;Trento
9;2270;38122;Trento
10;2270;38122;Trento
11;2270;38122;Trento
12;2270;38122;Trento
15;2270;38122;Trento
16;2270;38122;Trento
17;2270;38122;Trento
18;2270;38122;Trento
19;2270;38122;Trento
20;2270;38122;Trento
21;2270;38122;Trento
22;2270;38122;Trento
23;2270;38122;Trento
24;2270;38122;Trento
1;2280;38122;Trento
2;2280;38122;Trento
2;2280;38122;Trento
2;2280;38122;Trento
2;2280;38122;Trento
3;2280;38122;Trento
4;2280;38122;Trento
4;2280;38122;Trento
5;2280;38122;Trento
5;2280;38122;Trento
5;2280;38122;Trento
6;2280;38122;Trento
7;2280;38122;Trento
7;2280;38122;Trento
7;2280;38122;Trento
8;2280;38122;Trento
8;2280;38122;Trento
10;2280;38122;Trento
10;2280;38122;Trento
10;2280;38122;Trento
11;2280;38122;Trento
12;2280;38122;Trento
13;2280;38122;Trento
14;2280;38122;Trento
14;2280;38122;Trento
15;2280;38122;Trento
16;2280;38122;Trento
16;2280;38122;Trento
16;2280;38122;Trento
18;2280;38122;Trento
19;2280;38122;Trento
20;2280;38122;Trento
20;2280;38122;Trento
21;2280;38122;Trento
21;2280;38122;Trento
22;2280;38122;Trento
22;2280;38122;Trento
22;2280;38122;Trento
22-gen;2280;38122;Trento
24;2280;38122;Trento
24;2280;38122;Trento
24;2280;38122;Trento
26;2280;38122;Trento
26;2280;38122;Trento
28;2280;38122;Trento
28;2280;38122;Trento
28;2280;38122;Trento
28;2280;38122;Trento
29;2280;38122;Trento
29;2280;38122;Trento
29;2280;38122;Trento
30;2280;38122;Trento
31;2280;38122;Trento
31;2280;38122;Trento
32;2280;38122;Trento
32;2280;38122;Trento
33;2280;38122;Trento
33;2280;38122;Trento
33;2280;38122;Trento
34;2280;38122;Trento
34;2280;38122;Trento
34;2280;38122;Trento
35;2280;38122;Trento
35;2280;38122;Trento
36;2280;38122;Trento
37;2280;38122;Trento
1;2290;38122;Trento
5;2290;38122;Trento
9;2290;38122;Trento
11;2290;38122;Trento
2;2300;38122;Trento
2;2300;38122;Trento
4;2300;38122;Trento
4;2300;38122;Trento
04-gen;2300;38122;Trento
6;2300;38122;Trento
6;2300;38122;Trento
06-gen;2300;38122;Trento
7;2300;38122;Trento
7;2300;38122;Trento
8;2300;38122;Trento
8;2300;38122;Trento
8;2300;38122;Trento
9;2300;38122;Trento
9;2300;38122;Trento
9;2300;38122;Trento
9;2300;38122;Trento
11;2300;38122;Trento
11-gen;2300;38122;Trento
11-feb;2300;38122;Trento
13;2300;38122;Trento
13;2300;38122;Trento
15;2300;38122;Trento
15;2300;38122;Trento
17;2300;38122;Trento
17;2300;38122;Trento
19;2300;38122;Trento
19;2300;38122;Trento
19;2300;38122;Trento
19;2300;38122;Trento
1;2310;38121;Trento
2;2310;38121;Trento
2;2310;38121;Trento
2;2310;38121;Trento
3;2310;38121;Trento
4;2310;38121;Trento
4;2310;38121;Trento
5;2310;38121;Trento
6;2310;38121;Trento
7;2310;38121;Trento
8;2310;38121;Trento
9;2310;38121;Trento
10;2310;38121;Trento
11;2310;38121;Trento
12;2310;38121;Trento
13;2310;38121;Trento
14;2310;38121;Trento
14;2310;38121;Trento
15;2310;38121;Trento
16;2310;38121;Trento
17;2310;38121;Trento
18;2310;38121;Trento
18;2310;38121;Trento
1;2320;38122;Trento
5;2320;38122;Trento
6;2320;38122;Trento
6;2320;38122;Trento
6;2320;38122;Trento
7;2320;38122;Trento
8;2320;38122;Trento
8;2320;38122;Trento
8;2320;38122;Trento
08-gen;2320;38122;Trento
08-feb;2320;38122;Trento
08-feb;2320;38122;Trento
08-mar;2320;38122;Trento
9;2320;38122;Trento
10;2320;38122;Trento
12;2320;38122;Trento
1;2330;38122;Trento
2;2330;38122;Trento
7;2370;38122;Trento
02-gen;2330;38122;Trento
3;2330;38122;Trento
4;2330;38122;Trento
5;2330;38122;Trento
6;2330;38122;Trento
06-gen;2330;38122;Trento
7;2330;38122;Trento
7;2330;38122;Trento
8;2330;38122;Trento
8;2330;38122;Trento
8;2330;38122;Trento
9;2330;38122;Trento
9;2330;38122;Trento
11;2330;38122;Trento
13;2330;38122;Trento
15;2330;38122;Trento
16;2330;38122;Trento
18;2330;38122;Trento
20;2330;38122;Trento
21;2330;38122;Trento
23;2330;38122;Trento
24;2330;38122;Trento
24;2330;38122;Trento
24;2330;38122;Trento
25;2330;38122;Trento
26;2330;38122;Trento
26-gen;2330;38122;Trento
26-feb;2330;38122;Trento
27;2330;38122;Trento
28;2330;38122;Trento
28;2330;38122;Trento
29;2330;38122;Trento
30;2330;38122;Trento
31;2330;38122;Trento
32;2330;38122;Trento
33;2330;38122;Trento
34;2330;38122;Trento
35;2330;38122;Trento
36;2330;38122;Trento
36;2330;38122;Trento
37;2330;38122;Trento
39;2330;38122;Trento
40;2330;38122;Trento
41;2330;38122;Trento
42;2330;38122;Trento
43;2330;38122;Trento
44;2330;38122;Trento
46;2330;38122;Trento
48;2330;38122;Trento
49;2330;38122;Trento
49;2330;38122;Trento
50;2330;38122;Trento
51;2330;38122;Trento
52;2330;38122;Trento
54;2330;38122;Trento
55;2330;38122;Trento
55;2330;38122;Trento
55;2330;38122;Trento
56;2330;38122;Trento
57;2330;38122;Trento
57;2330;38122;Trento
58;2330;38122;Trento
59;2330;38122;Trento
60;2330;38122;Trento
62;2330;38122;Trento
64;2330;38122;Trento
66;2330;38122;Trento
68;2330;38122;Trento
70;2330;38122;Trento
71;2330;38122;Trento
72;2330;38122;Trento
73;2330;38122;Trento
75;2330;38122;Trento
75;2330;38122;Trento
77;2330;38122;Trento
1;2640;38122;Trento
79;2330;38122;Trento
83;2330;38122;Trento
83;2330;38122;Trento
85;2330;38122;Trento
87;2330;38122;Trento
93;2330;38122;Trento
95;2330;38122;Trento
97;2330;38122;Trento
99;2330;38122;Trento
101;2330;38122;Trento
103;2330;38122;Trento
105;2330;38122;Trento
107;2330;38122;Trento
109;2330;38122;Trento
111;2330;38122;Trento
113;2330;38122;Trento
113;2330;38122;Trento
115;2330;38122;Trento
117;2330;38122;Trento
119;2330;38122;Trento
121;2330;38122;Trento
123;2330;38122;Trento
125;2330;38122;Trento
127;2330;38122;Trento
129;2330;38122;Trento
131;2330;38122;Trento
133;2330;38122;Trento
135;2330;38122;Trento
137;2330;38122;Trento
141;2330;38122;Trento
147;2330;38122;Trento
149;2330;38122;Trento
151;2330;38122;Trento
153;2330;38122;Trento
153;2330;38122;Trento
155;2330;38122;Trento
157;2330;38122;Trento
159;2330;38122;Trento
161;2330;38122;Trento
163;2330;38122;Trento
165;2330;38122;Trento
167;2330;38122;Trento
169;2330;38122;Trento
171;2330;38122;Trento
173;2330;38122;Trento
175;2330;38122;Trento
177;2330;38122;Trento
177/1;2330;38122;Trento
179;2330;38122;Trento
181;2330;38122;Trento
183;2330;38122;Trento
1;2350;38122;Trento
2;2350;38122;Trento
3;2350;38122;Trento
4;2350;38122;Trento
5;2350;38122;Trento
6;2350;38122;Trento
8;2350;38122;Trento
10;2350;38122;Trento
1;2360;38122;Trento
01-gen;2360;38122;Trento
01-feb;2360;38122;Trento
01-mar;2360;38122;Trento
01-apr;2360;38122;Trento
01-mag;2360;38122;Trento
01-giu;2360;38122;Trento
01-lug;2360;38122;Trento
01-ago;2360;38122;Trento
01-set;2360;38122;Trento
3;2360;38122;Trento
4;2360;38122;Trento
5;2360;38122;Trento
6;2360;38122;Trento
7;2360;38122;Trento
8;2360;38122;Trento
9;2360;38122;Trento
10;2360;38122;Trento
14;2360;38122;Trento
16;2360;38122;Trento
20;2360;38122;Trento
20;2360;38122;Trento
22;2360;38122;Trento
22;2360;38122;Trento
22-gen;2360;38122;Trento
22-gen;2360;38122;Trento
24;2360;38122;Trento
26;2360;38122;Trento
28;2360;38122;Trento
30;2360;38122;Trento
30;2360;38122;Trento
32;2360;38122;Trento
32/1;2360;38122;Trento
32/2;2360;38122;Trento
32/3;2360;38122;Trento
32/4;2360;38122;Trento
34;2360;38122;Trento
34/1;2360;38122;Trento
34/2;2360;38122;Trento
36;2360;38122;Trento
38;2360;38122;Trento
40;2360;38122;Trento
42;2360;38122;Trento
42;2360;38122;Trento
1;2370;38122;Trento
01-gen;2370;38122;Trento
2;2370;38122;Trento
3;2370;38122;Trento
4;2370;38122;Trento
5;2370;38122;Trento
5;2370;38122;Trento
5/A;2370;38122;Trento
5/A;2370;38122;Trento
8;2370;38122;Trento
9;2370;38122;Trento
9;2370;38122;Trento
10;2370;38122;Trento
11;2370;38122;Trento
11;2370;38122;Trento
12;2370;38122;Trento
13;2370;38122;Trento
13;2370;38122;Trento
14;2370;38122;Trento
15;2370;38122;Trento
15;2370;38122;Trento
16;2370;38122;Trento
17;2370;38122;Trento
17;2370;38122;Trento
18;2370;38122;Trento
19;2370;38122;Trento
19;2370;38122;Trento
20;2370;38122;Trento
21;2370;38122;Trento
21;2370;38122;Trento
22;2370;38122;Trento
24;2370;38122;Trento
25;2370;38122;Trento
25;2370;38122;Trento
25;2370;38122;Trento
26;2370;38122;Trento
28;2370;38122;Trento
30;2370;38122;Trento
32;2370;38122;Trento
34;2370;38122;Trento
36;2370;38122;Trento
38;2370;38122;Trento
46;2370;38122;Trento
48;2370;38122;Trento
50;2370;38122;Trento
52;2370;38122;Trento
54;2370;38122;Trento
56;2370;38122;Trento
58;2370;38122;Trento
58;2370;38122;Trento
58;2370;38122;Trento
60;2370;38122;Trento
60;2370;38122;Trento
60;2370;38122;Trento
62;2370;38122;Trento
62;2370;38122;Trento
64;2370;38122;Trento
66;2370;38122;Trento
70;2370;38122;Trento
72;2370;38122;Trento
74;2370;38122;Trento
78;2370;38122;Trento
78;2370;38122;Trento
80;2370;38122;Trento
82;2370;38122;Trento
84;2370;38122;Trento
86;2370;38122;Trento
88;2370;38122;Trento
92;2370;38122;Trento
106;2370;38122;Trento
106;2370;38122;Trento
108;2370;38122;Trento
110;2370;38122;Trento
1;2380;38121;Trento
1;2380;38121;Trento
2;2380;38121;Trento
2;2380;38121;Trento
3;2380;38121;Trento
4;2380;38121;Trento
4;2380;38121;Trento
5;2380;38121;Trento
5;2380;38121;Trento
6;2380;38121;Trento
6;2380;38121;Trento
06-gen;2380;38121;Trento
06-gen;2380;38121;Trento
06-feb;2380;38121;Trento
06-feb;2380;38121;Trento
7;2380;38121;Trento
7;2380;38121;Trento
07-gen;2380;38121;Trento
8;2380;38121;Trento
8;2380;38121;Trento
08-gen;2380;38121;Trento
9;2380;38121;Trento
09-feb;2380;38121;Trento
09-feb;2380;38121;Trento
09-mar;2380;38121;Trento
09-mar;2380;38121;Trento
09-mar;2380;38121;Trento
10;2380;38121;Trento
10;2380;38121;Trento
10;2380;38121;Trento
11;2380;38121;Trento
11-gen;2380;38121;Trento
11-feb;2380;38121;Trento
11/A;2380;38121;Trento
11/B;2380;38121;Trento
11/C;2380;38121;Trento
11/D;2380;38121;Trento
11/E;2380;38121;Trento
11/F;2380;38121;Trento
11/G;2380;38121;Trento
11/G;2380;38121;Trento
12;2380;38121;Trento
12;2380;38121;Trento
12;2380;38121;Trento
12-gen;2380;38121;Trento
13;2380;38121;Trento
13-gen;2380;38121;Trento
13-gen;2380;38121;Trento
14;2380;38121;Trento
14;2380;38121;Trento
15;2380;38121;Trento
15;2380;38121;Trento
16;2380;38121;Trento
16;2380;38121;Trento
16/A;2380;38121;Trento
16/A;2380;38121;Trento
17;2380;38121;Trento
17;2380;38121;Trento
18;2380;38121;Trento
18;2380;38121;Trento
19;2380;38121;Trento
19;2380;38121;Trento
19-gen;2380;38121;Trento
19-feb;2380;38121;Trento
19-feb;2380;38121;Trento
20;2380;38121;Trento
20;2380;38121;Trento
20-gen;2380;38121;Trento
20-feb;2380;38121;Trento
20-mar;2380;38121;Trento
1;2390;38122;Trento
2;2390;38122;Trento
3;2390;38122;Trento
4;2390;38122;Trento
5;2390;38122;Trento
6;2390;38122;Trento
7;2390;38122;Trento
8;2390;38122;Trento
9;2390;38122;Trento
10;2390;38122;Trento
11;2390;38122;Trento
12;2390;38122;Trento
13;2390;38122;Trento
14;2390;38122;Trento
15;2390;38122;Trento
16;2390;38122;Trento
2;2640;38122;Trento
2;2640;38122;Trento
17;2390;38122;Trento
18;2390;38122;Trento
22;2390;38122;Trento
24;2390;38122;Trento
25;2390;38122;Trento
26;2390;38122;Trento
27;2390;38122;Trento
28;2390;38122;Trento
29;2390;38122;Trento
29;2390;38122;Trento
2;2400;38122;Trento
4;2400;38122;Trento
4;2400;38122;Trento
5;2400;38122;Trento
6;2400;38122;Trento
6;2400;38122;Trento
8;2400;38122;Trento
8;2400;38122;Trento
10;2400;38122;Trento
12;2400;38122;Trento
16;2430;38122;Trento
18;2430;38122;Trento
18-gen;2430;38122;Trento
18-feb;2430;38122;Trento
20;2430;38122;Trento
20;2430;38122;Trento
22;2430;38122;Trento
24;2430;38122;Trento
26;2430;38122;Trento
28;2430;38122;Trento
30;2430;38122;Trento
32;2430;38122;Trento
32;2430;38122;Trento
34;2430;38122;Trento
34;2430;38122;Trento
36;2430;38122;Trento
38;2430;38122;Trento
40;2430;38122;Trento
40;2430;38122;Trento
42;2430;38122;Trento
42;2430;38122;Trento
44;2430;38122;Trento
46;2430;38122;Trento
50;2430;38122;Trento
52;2430;38122;Trento
53;2430;38122;Trento
53;2430;38122;Trento
53;2430;38122;Trento
55;2430;38122;Trento
55;2430;38122;Trento
58;2430;38122;Trento
59;2430;38122;Trento
59;2430;38122;Trento
59;2430;38122;Trento
60;2430;38122;Trento
60;2430;38122;Trento
61;2430;38122;Trento
63;2430;38122;Trento
65;2430;38122;Trento
65;2430;38122;Trento
66;2430;38122;Trento
67;2430;38122;Trento
67;2430;38122;Trento
68;2430;38122;Trento
69;2430;38122;Trento
70;2430;38122;Trento
71;2430;38122;Trento
72;2430;38122;Trento
72;2430;38122;Trento
73;2430;38122;Trento
73;2430;38122;Trento
73;2430;38122;Trento
74;2430;38122;Trento
74;2430;38122;Trento
74;2430;38122;Trento
74;2430;38122;Trento
74;2430;38122;Trento
74;2430;38122;Trento
75;2430;38122;Trento
76;2430;38122;Trento
76;2430;38122;Trento
76;2430;38122;Trento
77;2430;38122;Trento
79;2430;38122;Trento
81;2430;38122;Trento
83;2430;38122;Trento
85;2430;38122;Trento
85;2430;38122;Trento
87;2430;38122;Trento
89;2430;38122;Trento
91;2430;38122;Trento
93;2430;38122;Trento
93;2430;38122;Trento
95;2430;38122;Trento
95;2430;38122;Trento
97;2430;38122;Trento
103;2430;38122;Trento
103/A;2430;38122;Trento
103/B;2430;38122;Trento
107;2430;38122;Trento
107/A;2430;38122;Trento
107/A;2430;38122;Trento
109;2430;38122;Trento
117;2430;38122;Trento
117;2430;38122;Trento
119;2430;38122;Trento
125;2430;38122;Trento
127;2430;38122;Trento
129;2430;38122;Trento
147;2430;38122;Trento
149;2430;38122;Trento
151;2430;38122;Trento
1;2440;38122;Trento
2;2440;38122;Trento
3;2440;38122;Trento
3/A;2440;38122;Trento
4;2440;38122;Trento
5;2440;38122;Trento
6;2440;38122;Trento
7;2440;38122;Trento
8;2440;38122;Trento
9;2440;38122;Trento
10;2440;38122;Trento
11;2440;38122;Trento
12;2440;38122;Trento
13;2440;38122;Trento
1;2445;38122;Trento
1;2450;38122;Trento
1;2450;38122;Trento
2;2450;38122;Trento
4;2450;38122;Trento
6;2450;38122;Trento
7;2450;38122;Trento
8;2450;38122;Trento
9;2450;38122;Trento
11;2450;38122;Trento
13;2450;38122;Trento
15;2450;38122;Trento
19;2450;38122;Trento
21;2450;38122;Trento
25;2450;38122;Trento
25;2450;38122;Trento
25;2450;38122;Trento
27;2450;38122;Trento
1;2460;38121;Trento
01-gen;2460;38121;Trento
2;2460;38121;Trento
3;2460;38121;Trento
4;2460;38121;Trento
4;2460;38121;Trento
6;2460;38121;Trento
7;2460;38121;Trento
8;2460;38121;Trento
9;2460;38121;Trento
10;2460;38121;Trento
11;2460;38121;Trento
12;2460;38121;Trento
15;2460;38121;Trento
17;2460;38121;Trento
19;2460;38121;Trento
21;2460;38121;Trento
21-gen;2460;38121;Trento
21-feb;2460;38121;Trento
23;2460;38121;Trento
23;2460;38121;Trento
2;2470;38122;Trento
3;2470;38122;Trento
4;2470;38122;Trento
9;2470;38122;Trento
11;2470;38122;Trento
12;2470;38122;Trento
1;2480;38122;Trento
2;2480;38122;Trento
2/A;2480;38122;Trento
2/B;2480;38122;Trento
3;2480;38122;Trento
4;2480;38122;Trento
4/A;2480;38122;Trento
4/B;2480;38122;Trento
5;2480;38122;Trento
6;2480;38122;Trento
7;2480;38122;Trento
8;2480;38122;Trento
9;2480;38122;Trento
10;2480;38122;Trento
11;2480;38122;Trento
1;2490;38122;Trento
3;2490;38122;Trento
5;2490;38122;Trento
7;2490;38122;Trento
9;2490;38122;Trento
11;2490;38122;Trento
13;2490;38122;Trento
24;2490;38122;Trento
26;2490;38122;Trento
28;2490;38122;Trento
30;2490;38122;Trento
32;2490;38122;Trento
34;2490;38122;Trento
3;2495;38121;Trento
5;2495;38121;Trento
6;2495;38121;Trento
6;2495;38121;Trento
6;2495;38121;Trento
7;2495;38121;Trento
9;2495;38121;Trento
11;2495;38121;Trento
13;2495;38121;Trento
15;2495;38121;Trento
17;2495;38121;Trento
18;2495;38121;Trento
19;2495;38121;Trento
20;2495;38121;Trento
21;2495;38121;Trento
22;2495;38121;Trento
23;2495;38121;Trento
24;2495;38121;Trento
26;2495;38121;Trento
26/A;2495;38121;Trento
27;2495;38121;Trento
28;2495;38121;Trento
29;2495;38121;Trento
30;2495;38121;Trento
31;2495;38121;Trento
32;2495;38121;Trento
33;2495;38121;Trento
34;2495;38121;Trento
35;2495;38121;Trento
36;2495;38121;Trento
38;2495;38121;Trento
39;2495;38121;Trento
40;2495;38121;Trento
41;2495;38121;Trento
43;2495;38121;Trento
44;2495;38121;Trento
45;2495;38121;Trento
46;2495;38121;Trento
47;2495;38121;Trento
48;2495;38121;Trento
49;2495;38121;Trento
50;2495;38121;Trento
51;2495;38121;Trento
52;2495;38121;Trento
53;2495;38121;Trento
54;2495;38121;Trento
55;2495;38121;Trento
56;2495;38121;Trento
57/A;2495;38121;Trento
57/A;2495;38121;Trento
57/B;2495;38121;Trento
57/C;2495;38121;Trento
57/D;2495;38121;Trento
57/E;2495;38121;Trento
57/F;2495;38121;Trento
57/G;2495;38121;Trento
57/H;2495;38121;Trento
58;2495;38121;Trento
59;2495;38121;Trento
59;2495;38121;Trento
59/A;2495;38121;Trento
59/B;2495;38121;Trento
60;2495;38121;Trento
62;2495;38121;Trento
64;2495;38121;Trento
65;2495;38121;Trento
65;2495;38121;Trento
66;2495;38121;Trento
67;2495;38121;Trento
68;2495;38121;Trento
69;2495;38121;Trento
70;2495;38121;Trento
71;2495;38121;Trento
72;2495;38121;Trento
73;2495;38121;Trento
74;2495;38121;Trento
75;2495;38121;Trento
76;2495;38121;Trento
77;2495;38121;Trento
77;2495;38121;Trento
77;2495;38121;Trento
77;2495;38121;Trento
78;2495;38121;Trento
79;2495;38121;Trento
79;2495;38121;Trento
79;2495;38121;Trento
80;2495;38121;Trento
81;2495;38121;Trento
81;2495;38121;Trento
82;2495;38121;Trento
83;2495;38121;Trento
84;2495;38121;Trento
85;2495;38121;Trento
86;2495;38121;Trento
87;2495;38121;Trento
88;2495;38121;Trento
89;2495;38121;Trento
90;2495;38121;Trento
91;2495;38121;Trento
92;2495;38121;Trento
93;2495;38121;Trento
109;2495;38121;Trento
109;2495;38121;Trento
121;2495;38121;Trento
123;2495;38121;Trento
1;2500;38122;Trento
2;2500;38122;Trento
3;2500;38122;Trento
4;2500;38122;Trento
5;2500;38122;Trento
8;2500;38122;Trento
9;2500;38122;Trento
9;2500;38122;Trento
1;2510;38122;Trento
2;2510;38122;Trento
3;2510;38122;Trento
4;2510;38122;Trento
5;2510;38122;Trento
5;2510;38122;Trento
6;2510;38122;Trento
7;2510;38122;Trento
7;2510;38122;Trento
7;2510;38122;Trento
8;2510;38122;Trento
9;2510;38122;Trento
10;2510;38122;Trento
11;2510;38122;Trento
12;2510;38122;Trento
13;2510;38122;Trento
16;2510;38122;Trento
18;2510;38122;Trento
20;2510;38122;Trento
22;2510;38122;Trento
24;2510;38122;Trento
26;2510;38122;Trento
36;2510;38122;Trento
36;2510;38122;Trento
36;2510;38122;Trento
38;2510;38122;Trento
40;2510;38122;Trento
40;2510;38122;Trento
42;2510;38122;Trento
44;2510;38122;Trento
46;2510;38122;Trento
48;2510;38122;Trento
50;2510;38122;Trento
1;2520;38122;Trento
1;2520;38122;Trento
2;2520;38122;Trento
3;2520;38122;Trento
3;2520;38122;Trento
4;2520;38122;Trento
5;2520;38122;Trento
6;2520;38122;Trento
8;2520;38122;Trento
9;2520;38122;Trento
9;2520;38122;Trento
9;2520;38122;Trento
9;2520;38122;Trento
10;2520;38122;Trento
11;2520;38122;Trento
11;2520;38122;Trento
12;2520;38122;Trento
14;2520;38122;Trento
15;2520;38122;Trento
16;2520;38122;Trento
17;2520;38122;Trento
17;2520;38122;Trento
17;2520;38122;Trento
18;2520;38122;Trento
19;2520;38122;Trento
19;2520;38122;Trento
19;2520;38122;Trento
20;2520;38122;Trento
22;2520;38122;Trento
22;2520;38122;Trento
22;2520;38122;Trento
22-gen;2520;38122;Trento
22-feb;2520;38122;Trento
22-mar;2520;38122;Trento
24;2520;38122;Trento
26;2520;38122;Trento
26;2520;38122;Trento
28;2520;38122;Trento
28;2520;38122;Trento
28;2520;38122;Trento
30;2520;38122;Trento
30;2520;38122;Trento
32;2520;38122;Trento
32;2520;38122;Trento
34;2520;38122;Trento
34;2520;38122;Trento
36;2520;38122;Trento
36;2520;38122;Trento
38;2520;38122;Trento
38;2520;38122;Trento
40;2520;38122;Trento
40;2520;38122;Trento
42;2520;38122;Trento
44;2520;38122;Trento
46;2520;38122;Trento
48;2520;38122;Trento
50;2520;38122;Trento
52;2520;38122;Trento
2;2530;38122;Trento
4;2530;38122;Trento
5;2530;38122;Trento
6;2530;38122;Trento
7;2530;38122;Trento
8;2530;38122;Trento
10;2530;38122;Trento
12;2530;38122;Trento
15;2530;38122;Trento
17;2530;38122;Trento
17;2530;38122;Trento
19;2530;38122;Trento
20;2530;38122;Trento
21;2530;38122;Trento
22;2530;38122;Trento
23;2530;38122;Trento
24;2530;38122;Trento
25;2530;38122;Trento
26;2530;38122;Trento
27;2530;38122;Trento
29;2530;38122;Trento
31;2530;38122;Trento
32;2530;38122;Trento
32;2530;38122;Trento
34;2530;38122;Trento
36;2530;38122;Trento
38;2530;38122;Trento
40;2530;38122;Trento
42;2530;38122;Trento
44;2530;38122;Trento
46;2530;38122;Trento
46/1;2530;38122;Trento
48;2530;38122;Trento
50;2530;38122;Trento
52;2530;38122;Trento
54;2530;38122;Trento
56;2530;38122;Trento
58;2530;38122;Trento
58;2530;38122;Trento
58/1;2530;38122;Trento
60;2530;38122;Trento
62;2530;38122;Trento
64;2530;38122;Trento
66;2530;38122;Trento
68;2530;38122;Trento
70;2530;38122;Trento
72;2530;38122;Trento
74;2530;38122;Trento
76;2530;38122;Trento
78;2530;38122;Trento
13;2540;38123;Trento
13;2540;38123;Trento
13;2540;38123;Trento
13;2540;38123;Trento
13;2540;38123;Trento
13;2540;38123;Trento
13;2540;38123;Trento
13;2540;38123;Trento
13;2540;38123;Trento
13;2540;38123;Trento
15;2540;38123;Trento
15;2540;38123;Trento
17;2540;38123;Trento
17;2540;38123;Trento
19;2540;38123;Trento
21;2540;38123;Trento
21;2540;38123;Trento
23;2540;38123;Trento
23;2540;38123;Trento
23;2540;38123;Trento
25;2540;38123;Trento
25/A;2540;38123;Trento
25/A;2540;38123;Trento
25/B;2540;38123;Trento
25/B;2540;38123;Trento
25/B;2540;38123;Trento
25/B;2540;38123;Trento
27;2540;38123;Trento
27;2540;38123;Trento
29;2540;38123;Trento
29;2540;38123;Trento
29;2540;38123;Trento
29;2540;38123;Trento
31;2540;38123;Trento
31;2540;38123;Trento
33;2540;38123;Trento
33;2540;38123;Trento
35;2540;38123;Trento
35;2540;38123;Trento
37;2540;38123;Trento
37;2540;38123;Trento
39;2540;38123;Trento
39;2540;38123;Trento
41;2540;38123;Trento
41;2540;38123;Trento
41/A;2540;38123;Trento
43;2540;38123;Trento
43;2540;38123;Trento
43;2540;38123;Trento
45;2540;38123;Trento
45;2540;38123;Trento
47;2540;38123;Trento
1;2550;38122;Trento
2;2550;38122;Trento
2;2550;38122;Trento
3;2550;38122;Trento
3;2550;38122;Trento
4;2550;38122;Trento
5;2550;38122;Trento
5;2550;38122;Trento
6;2550;38122;Trento
6;2550;38122;Trento
7;2550;38122;Trento
7;2550;38122;Trento
8;2550;38122;Trento
12;2550;38122;Trento
12;2550;38122;Trento
12;2550;38122;Trento
14;2550;38122;Trento
16;2550;38122;Trento
18;2550;38122;Trento
18;2550;38122;Trento
18;2550;38122;Trento
1;2560;38122;Trento
2;2560;38122;Trento
2;2560;38122;Trento
02-gen;2560;38122;Trento
3;2560;38122;Trento
3;2560;38122;Trento
3/A;2560;38122;Trento
4;2560;38122;Trento
5;2560;38122;Trento
6;2560;38122;Trento
6;2560;38122;Trento
6;2560;38122;Trento
7;2560;38122;Trento
7;2560;38122;Trento
7;2560;38122;Trento
7;2560;38122;Trento
8;2560;38122;Trento
8;2560;38122;Trento
9;2560;38122;Trento
9;2560;38122;Trento
09-gen;2560;38122;Trento
09-gen;2560;38122;Trento
10;2560;38122;Trento
10;2560;38122;Trento
11;2560;38122;Trento
11;2560;38122;Trento
11;2560;38122;Trento
11;2560;38122;Trento
12;2560;38122;Trento
12;2560;38122;Trento
13;2560;38122;Trento
13;2560;38122;Trento
14;2560;38122;Trento
14;2560;38122;Trento
15;2560;38122;Trento
15-gen;2560;38122;Trento
15-feb;2560;38122;Trento
16;2560;38122;Trento
16;2560;38122;Trento
16;2560;38122;Trento
18;2560;38122;Trento
18;2560;38122;Trento
18;2560;38122;Trento
1;2570;38122;Trento
1;2570;38122;Trento
2;2570;38122;Trento
2;2570;38122;Trento
3;2570;38122;Trento
3;2570;38122;Trento
4;2570;38122;Trento
4;2570;38122;Trento
5;2570;38122;Trento
1;2580;38121;Trento
1;2580;38121;Trento
2;2580;38121;Trento
2;2580;38121;Trento
5;2580;38121;Trento
7;2580;38121;Trento
7;2580;38121;Trento
7;2580;38121;Trento
7;2580;38121;Trento
9;2580;38121;Trento
10;2580;38121;Trento
10;2580;38121;Trento
10;2580;38121;Trento
12;2580;38121;Trento
12;2580;38121;Trento
12;2580;38121;Trento
1;2590;38122;Trento
3;2590;38122;Trento
5;2590;38122;Trento
6;2590;38122;Trento
7;2590;38122;Trento
9;2590;38122;Trento
11;2590;38122;Trento
13;2590;38122;Trento
14;2590;38122;Trento
2;2600;38123;Trento
4;2600;38123;Trento
6;2600;38123;Trento
7;2600;38123;Trento
8;2600;38123;Trento
10;2600;38123;Trento
12;2600;38123;Trento
13;2600;38123;Trento
14;2600;38123;Trento
15;2600;38123;Trento
16;2600;38123;Trento
18;2600;38123;Trento
20;2600;38123;Trento
22;2600;38123;Trento
24;2600;38123;Trento
26;2600;38123;Trento
28;2600;38123;Trento
30;2600;38123;Trento
32;2600;38123;Trento
34;2600;38123;Trento
36;2600;38123;Trento
38;2600;38123;Trento
1;2610;38122;Trento
2;2610;38122;Trento
4;2610;38122;Trento
6;2610;38122;Trento
1;2620;38122;Trento
2;2620;38122;Trento
3;2620;38122;Trento
4;2620;38122;Trento
5;2620;38122;Trento
6;2620;38122;Trento
7;2620;38122;Trento
8;2620;38122;Trento
9;2620;38122;Trento
10;2620;38122;Trento
12;2620;38122;Trento
14;2620;38122;Trento
14;2620;38122;Trento
14-gen;2620;38122;Trento
14-gen;2620;38122;Trento
16;2620;38122;Trento
18;2620;38122;Trento
20;2620;38122;Trento
21;2620;38122;Trento
22;2620;38122;Trento
23;2620;38122;Trento
24;2620;38122;Trento
25;2620;38122;Trento
26;2620;38122;Trento
26-gen;2620;38122;Trento
26-feb;2620;38122;Trento
27;2620;38122;Trento
28;2620;38122;Trento
30;2620;38122;Trento
1;2630;38122;Trento
2;2630;38122;Trento
3;2630;38122;Trento
4;2630;38122;Trento
5;2630;38122;Trento
7;2630;38122;Trento
3;2640;38122;Trento
5;2640;38122;Trento
6;2640;38122;Trento
7;2640;38122;Trento
8;2640;38122;Trento
11;2640;38122;Trento
16;2640;38122;Trento
17;2640;38122;Trento
18;2640;38122;Trento
19;2640;38122;Trento
19;2640;38122;Trento
19;2640;38122;Trento
19;2640;38122;Trento
20;2640;38122;Trento
21;2640;38122;Trento
22;2640;38122;Trento
23;2640;38122;Trento
24;2640;38122;Trento
26;2640;38122;Trento
27;2640;38122;Trento
28;2640;38122;Trento
29;2640;38122;Trento
30;2640;38122;Trento
31;2640;38122;Trento
32;2640;38122;Trento
33;2640;38122;Trento
34;2640;38122;Trento
35;2640;38122;Trento
36;2640;38122;Trento
37;2640;38122;Trento
38;2640;38122;Trento
40;2640;38122;Trento
41;2640;38122;Trento
42;2640;38122;Trento
43;2640;38122;Trento
48;2640;38122;Trento
49;2640;38122;Trento
50;2640;38122;Trento
51;2640;38122;Trento
56;2640;38122;Trento
56;2640;38122;Trento
56;2640;38122;Trento
56;2640;38122;Trento
57;2640;38122;Trento
58;2640;38122;Trento
60;2640;38122;Trento
62;2640;38122;Trento
74;2640;38122;Trento
76;2640;38122;Trento
78;2640;38122;Trento
80;2640;38122;Trento
82;2640;38122;Trento
84;2640;38122;Trento
86;2640;38122;Trento
1;2650;38122;Trento
2;2650;38122;Trento
3;2650;38122;Trento
4;2650;38122;Trento
5;2650;38122;Trento
6;2650;38122;Trento
7;2650;38122;Trento
8;2650;38122;Trento
9;2650;38122;Trento
10;2650;38122;Trento
10/A;2650;38122;Trento
11;2650;38122;Trento
11/A;2650;38122;Trento
12;2650;38122;Trento
14;2650;38122;Trento
15;2650;38122;Trento
17;2650;38122;Trento
19;2650;38122;Trento
19;2650;38122;Trento
26;2650;38122;Trento
28;2650;38122;Trento
30;2650;38122;Trento
30;2650;38122;Trento
30;2650;38122;Trento
30;2650;38122;Trento
30/A;2650;38122;Trento
32;2650;38122;Trento
32/A;2650;38122;Trento
32/B;2650;38122;Trento
34;2650;38122;Trento
36;2650;38122;Trento
1;2660;38122;Trento
1;2660;38122;Trento
2;2660;38122;Trento
2;2660;38122;Trento
3;2660;38122;Trento
3;2660;38122;Trento
03-gen;2660;38122;Trento
03-gen;2660;38122;Trento
03-gen;2660;38122;Trento
4;2660;38122;Trento
4;2660;38122;Trento
4;2660;38122;Trento
5;2660;38122;Trento
5;2660;38122;Trento
8;2660;38122;Trento
8;2660;38122;Trento
9;2660;38122;Trento
9;2660;38122;Trento
9;2660;38122;Trento
9/A;2660;38122;Trento
9/A;2660;38122;Trento
10;2660;38122;Trento
10;2660;38122;Trento
11;2660;38122;Trento
11;2660;38122;Trento
12;2660;38122;Trento
12;2660;38122;Trento
14;2660;38122;Trento
14;2660;38122;Trento
14/A;2660;38122;Trento
14/A;2660;38122;Trento
16;2660;38122;Trento
16;2660;38122;Trento
18;2660;38122;Trento
18;2660;38122;Trento
1;2670;38122;Trento
3;2670;38122;Trento
4;2670;38122;Trento
4;2670;38122;Trento
5;2670;38122;Trento
6;2670;38122;Trento
7;2670;38122;Trento
8;2670;38122;Trento
9;2670;38122;Trento
10;2670;38122;Trento
11;2670;38122;Trento
12;2670;38122;Trento
13;2670;38122;Trento
13;2670;38122;Trento
14;2670;38122;Trento
15;2670;38122;Trento
16;2670;38122;Trento
17;2670;38122;Trento
18;2670;38122;Trento
19;2670;38122;Trento
19;2670;38122;Trento
20;2670;38122;Trento
22;2670;38122;Trento
24;2670;38122;Trento
25;2670;38122;Trento
26;2670;38122;Trento
27;2670;38122;Trento
27;2670;38122;Trento
28;2670;38122;Trento
29;2670;38122;Trento
30;2670;38122;Trento
31;2670;38122;Trento
32;2670;38122;Trento
33;2670;38122;Trento
34;2670;38122;Trento
34/A;2670;38122;Trento
34/A;2670;38122;Trento
35;2670;38122;Trento
37;2670;38122;Trento
38;2670;38122;Trento
38;2670;38122;Trento
39;2670;38122;Trento
39;2670;38122;Trento
39;2670;38122;Trento
40;2670;38122;Trento
41;2670;38122;Trento
42;2670;38122;Trento
43;2670;38122;Trento
44;2670;38122;Trento
45;2670;38122;Trento
46;2670;38122;Trento
47;2670;38122;Trento
48;2670;38122;Trento
50;2670;38122;Trento
52;2670;38122;Trento
54;2670;38122;Trento
56;2670;38122;Trento
57;2670;38122;Trento
58;2670;38122;Trento
59;2670;38122;Trento
60;2670;38122;Trento
61;2670;38122;Trento
62;2670;38122;Trento
63;2670;38122;Trento
65;2670;38122;Trento
66;2670;38122;Trento
66;2670;38122;Trento
66;2670;38122;Trento
66;2670;38122;Trento
67;2670;38122;Trento
67;2670;38122;Trento
68;2670;38122;Trento
68/A;2670;38122;Trento
69;2670;38122;Trento
70;2670;38122;Trento
71;2670;38122;Trento
71;2670;38122;Trento
72;2670;38122;Trento
72;2670;38122;Trento
74;2670;38122;Trento
76;2670;38122;Trento
78;2670;38122;Trento
84;2670;38122;Trento
84;2670;38122;Trento
88;2670;38122;Trento
90;2670;38122;Trento
92;2670;38122;Trento
94;2670;38122;Trento
102;2670;38122;Trento
104;2670;38122;Trento
106;2670;38122;Trento
106/1;2670;38122;Trento
108;2670;38122;Trento
110;2670;38122;Trento
112;2670;38122;Trento
114;2670;38122;Trento
118;2670;38122;Trento
118;2670;38122;Trento
120;2670;38122;Trento
122;2670;38122;Trento
122;2670;38122;Trento
122;2670;38122;Trento
122;2670;38122;Trento
122;2670;38122;Trento
122;2670;38122;Trento
124;2670;38122;Trento
126;2670;38122;Trento
128;2670;38122;Trento
128;2670;38122;Trento
1;2680;38122;Trento
01-gen;2680;38122;Trento
01-feb;2680;38122;Trento
3;2680;38122;Trento
5;2680;38122;Trento
7;2680;38122;Trento
9;2680;38122;Trento
11;2680;38122;Trento
13;2680;38122;Trento
15;2680;38122;Trento
17;2680;38122;Trento
19;2680;38122;Trento
21;2680;38122;Trento
21;2680;38122;Trento
23;2680;38122;Trento
25;2680;38122;Trento
27;2680;38122;Trento
27;2680;38122;Trento
29;2680;38122;Trento
29;2680;38122;Trento
31;2680;38122;Trento
31;2680;38122;Trento
33;2680;38122;Trento
33;2680;38122;Trento
35;2680;38122;Trento
35;2680;38122;Trento
35;2680;38122;Trento
37;2680;38122;Trento
37;2680;38122;Trento
37;2680;38122;Trento
39;2680;38122;Trento
39;2680;38122;Trento
41;2680;38122;Trento
43;2680;38122;Trento
43;2680;38122;Trento
43;2680;38122;Trento
51;2680;38122;Trento
53;2680;38122;Trento
53/A;2680;38122;Trento
53/B;2680;38122;Trento
55;2680;38122;Trento
55;2680;38122;Trento
55/A;2680;38122;Trento
55/A;2680;38122;Trento
57;2680;38122;Trento
59;2680;38122;Trento
59/1;2680;38122;Trento
59/2;2680;38122;Trento
59/2;2680;38122;Trento
59/2;2680;38122;Trento
61;2680;38122;Trento
61/1;2680;38122;Trento
63;2680;38122;Trento
65;2680;38122;Trento
67;2680;38122;Trento
69;2680;38122;Trento
1;2690;38121;Trento
1;2690;38121;Trento
2;2690;38121;Trento
3;2690;38121;Trento
4;2690;38121;Trento
5;2690;38121;Trento
5;2690;38121;Trento
5/A;2690;38121;Trento
5/B;2690;38121;Trento
5/C;2690;38121;Trento
7;2690;38121;Trento
9;2690;38121;Trento
9/B;2690;38121;Trento
11;2690;38121;Trento
11;2690;38121;Trento
18;2690;38121;Trento
18;2690;38121;Trento
22;2690;38121;Trento
24;2690;38121;Trento
28;2690;38121;Trento
28;2690;38121;Trento
30;2690;38121;Trento
32;2690;38121;Trento
32;2690;38121;Trento
34;2690;38121;Trento
34;2690;38121;Trento
36;2690;38121;Trento
40;2690;38121;Trento
40;2690;38121;Trento
44;2690;38121;Trento
48;2690;38121;Trento
50;2690;38121;Trento
52;2690;38121;Trento
52;2690;38121;Trento
54;2690;38121;Trento
1;2700;38123;Trento
1;2700;38123;Trento
2;2700;38123;Trento
2;2700;38123;Trento
02-feb;2700;38123;Trento
02-feb;2700;38123;Trento
02-mar;2700;38123;Trento
02-mar;2700;38123;Trento
02-mar;2700;38123;Trento
2/A;2700;38123;Trento
2/A;2700;38123;Trento
2/B;2700;38123;Trento
2/B;2700;38123;Trento
3;2700;38123;Trento
3;2700;38123;Trento
4;2700;38123;Trento
04-gen;2700;38123;Trento
04-gen;2700;38123;Trento
04-feb;2700;38123;Trento
04-feb;2700;38123;Trento
4/A;2700;38123;Trento
4/A;2700;38123;Trento
4/B;2700;38123;Trento
4/B;2700;38123;Trento
5;2700;38123;Trento
6;2700;38123;Trento
6;2700;38123;Trento
7;2700;38123;Trento
8;2700;38123;Trento
9;2700;38123;Trento
10;2700;38123;Trento
11;2700;38123;Trento
12;2700;38123;Trento
12;2700;38123;Trento
13;2700;38123;Trento
15;2700;38123;Trento
17;2700;38123;Trento
19;2700;38123;Trento
19;2700;38123;Trento
21;2700;38123;Trento
21;2700;38123;Trento
21;2700;38123;Trento
29;2700;38123;Trento
29;2700;38123;Trento
31;2700;38123;Trento
33;2700;38123;Trento
33;2700;38123;Trento
33;2700;38123;Trento
37;2700;38123;Trento
39;2700;38123;Trento
55;2700;38123;Trento
55;2700;38123;Trento
57;2700;38123;Trento
57;2700;38123;Trento
59;2700;38123;Trento
59;2700;38123;Trento
1;2720;38122;Trento
2;2720;38122;Trento
3;2720;38122;Trento
5;2720;38122;Trento
6;2720;38122;Trento
7;2720;38122;Trento
8;2720;38122;Trento
9;2720;38122;Trento
10;2720;38122;Trento
11;2720;38122;Trento
12;2720;38122;Trento
13;2720;38122;Trento
14;2720;38122;Trento
15;2720;38122;Trento
16;2720;38122;Trento
18;2720;38122;Trento
19;2720;38122;Trento
20;2720;38122;Trento
21;2720;38122;Trento
22;2720;38122;Trento
23;2720;38122;Trento
24;2720;38122;Trento
27;2720;38122;Trento
29;2720;38122;Trento
31;2720;38122;Trento
1;2730;38122;Trento
2;2730;38122;Trento
3;2730;38122;Trento
4;2730;38122;Trento
5;2730;38122;Trento
5;2730;38122;Trento
5/A;2730;38122;Trento
6;2730;38122;Trento
6;2730;38122;Trento
7;2730;38122;Trento
8;2730;38122;Trento
9;2730;38122;Trento
10;2730;38122;Trento
11;2730;38122;Trento
12;2730;38122;Trento
12-gen;2730;38122;Trento
12-feb;2730;38122;Trento
13;2730;38122;Trento
14;2730;38122;Trento
14-gen;2730;38122;Trento
14-feb;2730;38122;Trento
15;2730;38122;Trento
16;2730;38122;Trento
16-gen;2730;38122;Trento
18;2730;38122;Trento
18-gen;2730;38122;Trento
19;2730;38122;Trento
20;2730;38122;Trento
22;2730;38122;Trento
24;2730;38122;Trento
26;2730;38122;Trento
28;2730;38122;Trento
30;2730;38122;Trento
30-gen;2730;38122;Trento
1;2740;38122;Trento
1;2740;38122;Trento
2;2740;38122;Trento
2;2740;38122;Trento
2;2740;38122;Trento
3;2740;38122;Trento
2;2750;38122;Trento
2/A;2750;38122;Trento
4;2750;38122;Trento
6;2750;38122;Trento
6/A;2750;38122;Trento
8;2750;38122;Trento
08-gen;2750;38122;Trento
08-feb;2750;38122;Trento
08-mar;2750;38122;Trento
08-apr;2750;38122;Trento
08-mag;2750;38122;Trento
8/A;2750;38122;Trento
8/A;2750;38122;Trento
10;2750;38122;Trento
10-mar;2750;38122;Trento
12;2750;38122;Trento
12;2750;38122;Trento
14;2750;38122;Trento
14;2750;38122;Trento
8;2760;38121;Trento
8;2760;38121;Trento
8;2760;38121;Trento
10;2760;38121;Trento
1;2770;38122;Trento
2;2770;38122;Trento
3;2770;38122;Trento
4;2770;38122;Trento
5;2770;38122;Trento
7;2770;38122;Trento
9;2770;38122;Trento
10;2770;38122;Trento
11;2770;38122;Trento
12;2770;38122;Trento
13;2770;38122;Trento
14;2770;38122;Trento
15;2770;38122;Trento
16;2770;38122;Trento
18;2770;38122;Trento
20;2770;38122;Trento
22;2770;38122;Trento
24;2770;38122;Trento
26;2770;38122;Trento
28;2770;38122;Trento
30;2770;38122;Trento
32;2770;38122;Trento
34;2770;38122;Trento
36;2770;38122;Trento
36/1;2770;38122;Trento
36/2;2770;38122;Trento
36/3;2770;38122;Trento
36/4;2770;38122;Trento
36/5;2770;38122;Trento
1;2780;38122;Trento
3;2780;38122;Trento
3;2780;38122;Trento
4;2780;38122;Trento
5;2780;38122;Trento
6;2780;38122;Trento
7;2780;38122;Trento
07-gen;2780;38122;Trento
07-gen;2780;38122;Trento
8;2780;38122;Trento
8/A;2780;38122;Trento
9;2780;38122;Trento
10;2780;38122;Trento
11;2780;38122;Trento
12;2780;38122;Trento
13;2780;38122;Trento
14;2780;38122;Trento
15;2780;38122;Trento
16;2780;38122;Trento
16;2780;38122;Trento
1;2800;38122;Trento
2;2800;38122;Trento
3;2800;38122;Trento
4;2800;38122;Trento
5;2800;38122;Trento
6;2800;38122;Trento
7;2800;38122;Trento
8;2800;38122;Trento
9;2800;38122;Trento
10;2800;38122;Trento
11;2800;38122;Trento
12;2800;38122;Trento
13;2800;38122;Trento
14;2800;38122;Trento
15;2800;38122;Trento
16;2800;38122;Trento
17;2800;38122;Trento
18;2800;38122;Trento
19;2800;38122;Trento
20;2800;38122;Trento
21;2800;38122;Trento
21;2800;38122;Trento
21;2800;38122;Trento
21;2800;38122;Trento
21;2800;38122;Trento
21;2800;38122;Trento
22;2800;38122;Trento
23;2800;38122;Trento
24;2800;38122;Trento
26;2800;38122;Trento
26;2800;38122;Trento
26;2800;38122;Trento
27;2800;38122;Trento
28;2800;38122;Trento
30;2800;38122;Trento
31;2800;38122;Trento
32;2800;38122;Trento
33;2800;38122;Trento
34;2800;38122;Trento
35;2800;38122;Trento
36;2800;38122;Trento
37;2800;38122;Trento
38;2800;38122;Trento
40;2800;38122;Trento
42;2800;38122;Trento
44;2800;38122;Trento
46;2800;38122;Trento
48;2800;38122;Trento
50;2800;38122;Trento
52;2800;38122;Trento
54;2800;38122;Trento
56;2800;38122;Trento
58;2800;38122;Trento
60;2800;38122;Trento
62;2800;38122;Trento
62/A;2800;38122;Trento
62/B;2800;38122;Trento
64;2800;38122;Trento
66;2800;38122;Trento
68;2800;38122;Trento
68;2800;38122;Trento
70;2800;38122;Trento
72;2800;38122;Trento
74;2800;38122;Trento
1;2810;38122;Trento
2;2810;38122;Trento
2;2810;38122;Trento
3;2810;38122;Trento
4;2810;38122;Trento
6;2810;38122;Trento
06-gen;2810;38122;Trento
10;2810;38122;Trento
12;2810;38122;Trento
14;2810;38122;Trento
16;2810;38122;Trento
18;2810;38122;Trento
20;2810;38122;Trento
22;2810;38122;Trento
24;2810;38122;Trento
26;2810;38122;Trento
1;2820;38122;Trento
01-mar;2820;38122;Trento
2;2820;38122;Trento
3;2820;38122;Trento
3/A;2820;38122;Trento
4;2820;38122;Trento
5;2820;38122;Trento
5/A;2820;38122;Trento
6;2820;38122;Trento
06-gen;2820;38122;Trento
7;2820;38122;Trento
8;2820;38122;Trento
9;2820;38122;Trento
10;2820;38122;Trento
11;2820;38122;Trento
11;2820;38122;Trento
11;2820;38122;Trento
11;2820;38122;Trento
11;2820;38122;Trento
11;2820;38122;Trento
11;2820;38122;Trento
11;2820;38122;Trento
11;2820;38122;Trento
11;2820;38122;Trento
11;2820;38122;Trento
11;2820;38122;Trento
11;2820;38122;Trento
12;2820;38122;Trento
13;2820;38122;Trento
14;2820;38122;Trento
14-gen;2820;38122;Trento
15;2820;38122;Trento
16;2820;38122;Trento
17;2820;38122;Trento
19;2820;38122;Trento
20;2820;38122;Trento
20-gen;2820;38122;Trento
21;2820;38122;Trento
21;2820;38122;Trento
22;2820;38122;Trento
23;2820;38122;Trento
24;2820;38122;Trento
25;2820;38122;Trento
26;2820;38122;Trento
27;2820;38122;Trento
28;2820;38122;Trento
29;2820;38122;Trento
30;2820;38122;Trento
31;2820;38122;Trento
32;2820;38122;Trento
33;2820;38122;Trento
34;2820;38122;Trento
35;2820;38122;Trento
36;2820;38122;Trento
37;2820;38122;Trento
38;2820;38122;Trento
39;2820;38122;Trento
40;2820;38122;Trento
42;2820;38122;Trento
43;2820;38122;Trento
44;2820;38122;Trento
45;2820;38122;Trento
46;2820;38122;Trento
47;2820;38122;Trento
49;2820;38122;Trento
50;2820;38122;Trento
51;2820;38122;Trento
51/1;2820;38122;Trento
51/2;2820;38122;Trento
51/3;2820;38122;Trento
52;2820;38122;Trento
53;2820;38122;Trento
54;2820;38122;Trento
55;2820;38122;Trento
56;2820;38122;Trento
57;2820;38122;Trento
59;2820;38122;Trento
60;2820;38122;Trento
61;2820;38122;Trento
62;2820;38122;Trento
63;2820;38122;Trento
64;2820;38122;Trento
65;2820;38122;Trento
66;2820;38122;Trento
67;2820;38122;Trento
68;2820;38122;Trento
69;2820;38122;Trento
70;2820;38122;Trento
71;2820;38122;Trento
72;2820;38122;Trento
73;2820;38122;Trento
74;2820;38122;Trento
75;2820;38122;Trento
75;2820;38122;Trento
75;2820;38122;Trento
76;2820;38122;Trento
77;2820;38122;Trento
77;2820;38122;Trento
78;2820;38122;Trento
79;2820;38122;Trento
80;2820;38122;Trento
81;2820;38122;Trento
82;2820;38122;Trento
83;2820;38122;Trento
84;2820;38122;Trento
85;2820;38122;Trento
86;2820;38122;Trento
88;2820;38122;Trento
90;2820;38122;Trento
92;2820;38122;Trento
2;2830;38122;Trento
3;2830;38122;Trento
3;2830;38122;Trento
4;2830;38122;Trento
6;2830;38122;Trento
8;2830;38122;Trento
13;2830;38122;Trento
13;2830;38122;Trento
4;2850;38122;Trento
4;2850;38122;Trento
04-gen;2850;38122;Trento
6;2850;38122;Trento
8;2850;38122;Trento
12;2850;38122;Trento
14;2850;38122;Trento
14;2850;38122;Trento
1;2860;38122;Trento
2;2860;38122;Trento
3;2860;38122;Trento
3;2860;38122;Trento
4;2860;38122;Trento
5;2860;38122;Trento
6;2860;38122;Trento
7;2860;38122;Trento
8;2860;38122;Trento
9;2860;38122;Trento
10;2860;38122;Trento
11;2860;38122;Trento
12;2860;38122;Trento
13;2860;38122;Trento
14;2860;38122;Trento
15;2860;38122;Trento
16;2860;38122;Trento
17;2860;38122;Trento
18;2860;38122;Trento
19;2860;38122;Trento
20;2860;38122;Trento
21;2860;38122;Trento
22;2860;38122;Trento
23;2860;38122;Trento
24;2860;38122;Trento
25;2860;38122;Trento
26;2860;38122;Trento
27;2860;38122;Trento
28;2860;38122;Trento
29;2860;38122;Trento
30;2860;38122;Trento
31;2860;38122;Trento
32;2860;38122;Trento
33;2860;38122;Trento
34;2860;38122;Trento
35;2860;38122;Trento
36;2860;38122;Trento
37;2860;38122;Trento
38;2860;38122;Trento
39;2860;38122;Trento
40;2860;38122;Trento
42;2860;38122;Trento
44;2860;38122;Trento
45;2860;38122;Trento
46;2860;38122;Trento
48;2860;38122;Trento
49;2860;38122;Trento
50;2860;38122;Trento
52;2860;38122;Trento
52;2860;38122;Trento
53;2860;38122;Trento
54;2860;38122;Trento
55;2860;38122;Trento
56;2860;38122;Trento
57;2860;38122;Trento
58;2860;38122;Trento
59;2860;38122;Trento
60;2860;38122;Trento
61;2860;38122;Trento
62;2860;38122;Trento
63;2860;38122;Trento
64;2860;38122;Trento
65;2860;38122;Trento
66;2860;38122;Trento
66;2860;38122;Trento
66;2860;38122;Trento
67;2860;38122;Trento
68;2860;38122;Trento
69;2860;38122;Trento
70;2860;38122;Trento
71;2860;38122;Trento
72;2860;38122;Trento
74;2860;38122;Trento
76;2860;38122;Trento
78;2860;38122;Trento
80;2860;38122;Trento
82;2860;38122;Trento
84;2860;38122;Trento
1;2870;38122;Trento
2;2870;38122;Trento
2;2870;38122;Trento
3;2870;38122;Trento
4;2870;38122;Trento
4;2870;38122;Trento
4;2870;38122;Trento
5;2870;38122;Trento
6;2870;38122;Trento
8;2870;38122;Trento
10;2870;38122;Trento
1;2880;38122;Trento
2;2880;38122;Trento
3;2880;38122;Trento
5;2880;38122;Trento
5;2880;38122;Trento
5;2880;38122;Trento
5;2880;38122;Trento
6;2880;38122;Trento
6;2880;38122;Trento
6;2880;38122;Trento
7;2880;38122;Trento
8;2880;38122;Trento
8;2880;38122;Trento
9;2880;38122;Trento
10;2880;38122;Trento
10;2880;38122;Trento
11;2880;38122;Trento
12;2880;38122;Trento
12;2880;38122;Trento
13;2880;38122;Trento
14;2880;38122;Trento
14;2880;38122;Trento
15;2880;38122;Trento
16;2880;38122;Trento
16;2880;38122;Trento
17;2880;38122;Trento
17;2880;38122;Trento
17;2880;38122;Trento
18;2880;38122;Trento
19;2880;38122;Trento
20;2880;38122;Trento
21;2880;38122;Trento
22;2880;38122;Trento
23;2880;38122;Trento
25;2880;38122;Trento
26;2880;38122;Trento
26;2880;38122;Trento
26;2880;38122;Trento
27;2880;38122;Trento
28;2880;38122;Trento
29;2880;38122;Trento
30;2880;38122;Trento
31;2880;38122;Trento
32;2880;38122;Trento
33;2880;38122;Trento
34;2880;38122;Trento
35;2880;38122;Trento
36;2880;38122;Trento
36;2880;38122;Trento
38;2880;38122;Trento
38;2880;38122;Trento
39;2880;38122;Trento
40;2880;38122;Trento
41;2880;38122;Trento
42;2880;38122;Trento
43;2880;38122;Trento
44;2880;38122;Trento
45;2880;38122;Trento
46;2880;38122;Trento
47;2880;38122;Trento
48;2880;38122;Trento
48;2880;38122;Trento
49;2880;38122;Trento
49;2880;38122;Trento
49;2880;38122;Trento
50;2880;38122;Trento
50;2880;38122;Trento
51;2880;38122;Trento
52;2880;38122;Trento
53;2880;38122;Trento
54;2880;38122;Trento
55;2880;38122;Trento
56;2880;38122;Trento
57;2880;38122;Trento
58;2880;38122;Trento
59;2880;38122;Trento
60;2880;38122;Trento
61;2880;38122;Trento
62;2880;38122;Trento
63;2880;38122;Trento
64;2880;38122;Trento
64;2880;38122;Trento
64;2880;38122;Trento
65;2880;38122;Trento
65/A;2880;38122;Trento
67;2880;38122;Trento
69;2880;38122;Trento
71;2880;38122;Trento
75;2880;38122;Trento
75;2880;38122;Trento
77;2880;38122;Trento
77/1;2880;38122;Trento
79;2880;38122;Trento
81;2880;38122;Trento
83;2880;38122;Trento
85;2880;38122;Trento
87;2880;38122;Trento
89;2880;38122;Trento
89;2880;38122;Trento
89;2880;38122;Trento
91;2880;38122;Trento
91/1;2880;38122;Trento
93;2880;38122;Trento
93;2880;38122;Trento
95;2880;38122;Trento
95;2880;38122;Trento
97;2880;38122;Trento
99;2880;38122;Trento
99/A;2880;38122;Trento
99/B;2880;38122;Trento
101;2880;38122;Trento
101;2880;38122;Trento
103;2880;38122;Trento
103;2880;38122;Trento
103;2880;38122;Trento
105;2880;38122;Trento
107;2880;38122;Trento
109;2880;38122;Trento
111;2880;38122;Trento
111;2880;38122;Trento
117;2880;38122;Trento
3;2900;38122;Trento
5;2900;38122;Trento
7;2900;38122;Trento
9;2900;38122;Trento
11;2900;38122;Trento
13;2900;38122;Trento
15;2900;38122;Trento
17;2900;38122;Trento
19;2900;38122;Trento
21;2900;38122;Trento
23;2900;38122;Trento
25;2900;38122;Trento
25/A;2900;38122;Trento
27;2900;38122;Trento
27/A;2900;38122;Trento
27/B;2900;38122;Trento
27/C;2900;38122;Trento
27/D;2900;38122;Trento
29;2900;38122;Trento
29;2900;38122;Trento
29;2900;38122;Trento
31;2900;38122;Trento
31;2900;38122;Trento
31;2900;38122;Trento
33;2900;38122;Trento
33;2900;38122;Trento
35;2900;38122;Trento
35;2900;38122;Trento
37;2900;38122;Trento
37;2900;38122;Trento
39;2900;38122;Trento
39;2900;38122;Trento
39;2900;38122;Trento
39/1;2900;38122;Trento
39/2;2900;38122;Trento
39/3;2900;38122;Trento
39/4;2900;38122;Trento
41;2900;38122;Trento
41;2900;38122;Trento
41/A;2900;38122;Trento
43;2900;38122;Trento
43;2900;38122;Trento
45;2900;38122;Trento
93;2900;38122;Trento
93/1;2900;38122;Trento
95;2900;38122;Trento
95;2900;38122;Trento
95;2900;38122;Trento
95;2900;38122;Trento
97;2900;38122;Trento
99;2900;38122;Trento
101;2900;38122;Trento
103;2900;38122;Trento
113;2900;38122;Trento
113;2900;38122;Trento
113/A;2900;38122;Trento
113/A;2900;38122;Trento
115;2900;38122;Trento
115;2900;38122;Trento
117;2900;38122;Trento
119;2900;38122;Trento
121;2900;38122;Trento
125;2900;38122;Trento
125;2900;38122;Trento
127;2900;38122;Trento
127;2900;38122;Trento
127;2900;38122;Trento
129;2900;38122;Trento
129;2900;38122;Trento
129;2900;38122;Trento
1;2910;38122;Trento
2;2910;38122;Trento
3;2910;38122;Trento
3;2910;38122;Trento
4;2910;38122;Trento
5;2910;38122;Trento
6;2910;38122;Trento
7;2910;38122;Trento
8;2910;38122;Trento
9;2910;38122;Trento
10;2910;38122;Trento
12;2910;38122;Trento
13;2910;38122;Trento
14;2910;38122;Trento
15;2910;38122;Trento
15-gen;2910;38122;Trento
16;2910;38122;Trento
17;2910;38122;Trento
18;2910;38122;Trento
19;2910;38122;Trento
20;2910;38122;Trento
1;2920;38122;Trento
2;2920;38122;Trento
3;2920;38122;Trento
4;2920;38122;Trento
5;2920;38122;Trento
6;2920;38122;Trento
7;2920;38122;Trento
8;2920;38122;Trento
9;2920;38122;Trento
11;2920;38122;Trento
13;2920;38122;Trento
15;2920;38122;Trento
16;2920;38122;Trento
17;2920;38122;Trento
18;2920;38122;Trento
19;2920;38122;Trento
20;2920;38122;Trento
21;2920;38122;Trento
22;2920;38122;Trento
23;2920;38122;Trento
23/A;2920;38122;Trento
24;2920;38122;Trento
25;2920;38122;Trento
26;2920;38122;Trento
27;2920;38122;Trento
28;2920;38122;Trento
30;2920;38122;Trento
30;2920;38122;Trento
30;2920;38122;Trento
1;2930;38122;Trento
2;2930;38122;Trento
3;2930;38122;Trento
4;2930;38122;Trento
4;2930;38122;Trento
4/A;2930;38122;Trento
5;2930;38122;Trento
7;2930;38122;Trento
8;2930;38122;Trento
9;2930;38122;Trento
10;2930;38122;Trento
11;2930;38122;Trento
12;2930;38122;Trento
13;2930;38122;Trento
14;2930;38122;Trento
14;2930;38122;Trento
15;2930;38122;Trento
17;2930;38122;Trento
18;2930;38122;Trento
19;2930;38122;Trento
20;2930;38122;Trento
21;2930;38122;Trento
22;2930;38122;Trento
23;2930;38122;Trento
25;2930;38122;Trento
27;2930;38122;Trento
3;2940;38122;Trento
4;2940;38122;Trento
1;2950;38122;Trento
2;2950;38122;Trento
3;2950;38122;Trento
4;2950;38122;Trento
04-gen;2950;38122;Trento
6;2950;38122;Trento
8;2950;38122;Trento
10;2950;38122;Trento
10;2950;38122;Trento
10;2950;38122;Trento
10;2950;38122;Trento
10;2950;38122;Trento
10;2950;38122;Trento
10;2950;38122;Trento
10;2950;38122;Trento
12;2950;38122;Trento
14;2950;38122;Trento
15;2950;38122;Trento
16;2950;38122;Trento
18;2950;38122;Trento
19;2950;38122;Trento
19;2950;38122;Trento
20;2950;38122;Trento
21;2950;38122;Trento
22;2950;38122;Trento
24;2950;38122;Trento
25;2950;38122;Trento
26;2950;38122;Trento
26;2950;38122;Trento
27;2950;38122;Trento
28;2950;38122;Trento
29;2950;38122;Trento
30;2950;38122;Trento
31;2950;38122;Trento
32;2950;38122;Trento
34;2950;38122;Trento
35;2950;38122;Trento
36;2950;38122;Trento
38;2950;38122;Trento
40;2950;38122;Trento
41;2950;38122;Trento
42;2950;38122;Trento
44;2950;38122;Trento
46;2950;38122;Trento
48;2950;38122;Trento
49;2950;38122;Trento
50;2950;38122;Trento
52;2950;38122;Trento
54;2950;38122;Trento
56;2950;38122;Trento
57;2950;38122;Trento
58;2950;38122;Trento
59;2950;38122;Trento
60;2950;38122;Trento
61;2950;38122;Trento
61/1;2950;38122;Trento
63;2950;38122;Trento
63;2950;38122;Trento
63;2950;38122;Trento
64;2950;38122;Trento
65;2950;38122;Trento
66;2950;38122;Trento
67;2950;38122;Trento
68;2950;38122;Trento
69;2950;38122;Trento
70;2950;38122;Trento
71;2950;38122;Trento
72;2950;38122;Trento
73;2950;38122;Trento
74;2950;38122;Trento
75;2950;38122;Trento
75;2950;38122;Trento
76;2950;38122;Trento
77;2950;38122;Trento
77;2950;38122;Trento
77;2950;38122;Trento
77;2950;38122;Trento
78;2950;38122;Trento
79;2950;38122;Trento
80;2950;38122;Trento
82;2950;38122;Trento
84;2950;38122;Trento
86;2950;38122;Trento
88;2950;38122;Trento
90;2950;38122;Trento
92;2950;38122;Trento
94;2950;38122;Trento
1;2960;38122;Trento
2;2960;38122;Trento
3;2960;38122;Trento
4;2960;38122;Trento
10;2960;38122;Trento
12;2960;38122;Trento
13;2960;38122;Trento
14;2960;38122;Trento
15;2960;38122;Trento
16;2960;38122;Trento
20;2960;38122;Trento
22;2960;38122;Trento
24;2960;38122;Trento
26;2960;38122;Trento
28;2960;38122;Trento
1;2970;38122;Trento
2;2970;38122;Trento
3;2970;38122;Trento
3;2970;38122;Trento
4;2970;38122;Trento
5;2970;38122;Trento
6;2970;38122;Trento
7;2970;38122;Trento
8;2970;38122;Trento
9;2970;38122;Trento
10;2970;38122;Trento
11;2970;38122;Trento
12;2970;38122;Trento
13;2970;38122;Trento
14;2970;38122;Trento
15;2970;38122;Trento
16;2970;38122;Trento
17;2970;38122;Trento
19;2970;38122;Trento
1;2980;38122;Trento
01-gen;2980;38122;Trento
01-feb;2980;38122;Trento
01-mar;2980;38122;Trento
01-apr;2980;38122;Trento
01-mag;2980;38122;Trento
2;2980;38122;Trento
3;2980;38122;Trento
4;2980;38122;Trento
5;2980;38122;Trento
6;2980;38122;Trento
7;2980;38122;Trento
8;2980;38122;Trento
9;2980;38122;Trento
10;2980;38122;Trento
11;2980;38122;Trento
11-feb;2980;38122;Trento
11/G;2980;38122;Trento
11/H;2980;38122;Trento
12;2980;38122;Trento
13;2980;38122;Trento
14;2980;38122;Trento
15;2980;38122;Trento
16;2980;38122;Trento
17;2980;38122;Trento
18;2980;38122;Trento
18;2980;38122;Trento
18;2980;38122;Trento
19;2980;38122;Trento
20;2980;38122;Trento
21;2980;38122;Trento
22;2980;38122;Trento
23;2980;38122;Trento
24;2980;38122;Trento
24;2980;38122;Trento
1;2990;38122;Trento
6;2990;38122;Trento
7;2990;38122;Trento
8;2990;38122;Trento
9;2990;38122;Trento
14;2990;38122;Trento
15;2990;38122;Trento
16;2990;38122;Trento
17;2990;38122;Trento
18;2990;38122;Trento
19;2990;38122;Trento
20;2990;38122;Trento
21;2990;38122;Trento
22;2990;38122;Trento
23;2990;38122;Trento
24;2990;38122;Trento
25;2990;38122;Trento
25-gen;2990;38122;Trento
26;2990;38122;Trento
26-gen;2990;38122;Trento
27;2990;38122;Trento
30;2990;38122;Trento
31;2990;38122;Trento
32;2990;38122;Trento
33;2990;38122;Trento
34;2990;38122;Trento
35;2990;38122;Trento
35/1;2990;38122;Trento
35/2;2990;38122;Trento
35/3;2990;38122;Trento
35/4;2990;38122;Trento
36;2990;38122;Trento
38;2990;38122;Trento
40;2990;38122;Trento
41;2990;38122;Trento
1;3000;38122;Trento
2;3000;38122;Trento
3;3000;38122;Trento
4;3000;38122;Trento
5;3000;38122;Trento
6;3000;38122;Trento
7;3000;38122;Trento
8;3000;38122;Trento
9;3000;38122;Trento
10;3000;38122;Trento
11;3000;38122;Trento
12;3000;38122;Trento
13;3000;38122;Trento
14;3000;38122;Trento
14;3000;38122;Trento
14-gen;3000;38122;Trento
15;3000;38122;Trento
16;3000;38122;Trento
17;3000;38122;Trento
18;3000;38122;Trento
19;3000;38122;Trento
20;3000;38122;Trento
21;3000;38122;Trento
22;3000;38122;Trento
23;3000;38122;Trento
24;3000;38122;Trento
25;3000;38122;Trento
26;3000;38122;Trento
27;3000;38122;Trento
28;3000;38122;Trento
29;3000;38122;Trento
30;3000;38122;Trento
31;3000;38122;Trento
32;3000;38122;Trento
32/1;3000;38122;Trento
33;3000;38122;Trento
34;3000;38122;Trento
36;3000;38122;Trento
38;3000;38122;Trento
40;3000;38122;Trento
42;3000;38122;Trento
44;3000;38122;Trento
1;3020;38121;Trento
1;3020;38121;Trento
01-gen;3020;38121;Trento
01-feb;3020;38121;Trento
01-mar;3020;38121;Trento
1/A;3020;38121;Trento
1/A;3020;38121;Trento
1/B;3020;38121;Trento
1/C;3020;38121;Trento
1/C;3020;38121;Trento
1/D;3020;38121;Trento
1/D;3020;38121;Trento
1/D;3020;38121;Trento
1/E;3020;38121;Trento
1/F;3020;38121;Trento
1/G;3020;38121;Trento
1/G;3020;38121;Trento
1/L;3020;38121;Trento
1/L;3020;38121;Trento
12;3050;38121;Trento
1/M;3020;38121;Trento
2;3020;38121;Trento
3;3020;38121;Trento
3;3020;38121;Trento
4;3020;38121;Trento
6;3020;38121;Trento
06-gen;3020;38121;Trento
7;3020;38121;Trento
9;3020;38121;Trento
09-gen;3020;38121;Trento
09-gen;3020;38121;Trento
09-feb;3020;38121;Trento
09-mar;3020;38121;Trento
09-mar;3020;38121;Trento
09-apr;3020;38121;Trento
09-apr;3020;38121;Trento
9/A;3020;38121;Trento
9/A;3020;38121;Trento
9/B;3020;38121;Trento
9/B;3020;38121;Trento
9/B;3020;38121;Trento
9/B;3020;38121;Trento
9/B;3020;38121;Trento
9/B;3020;38121;Trento
9/B;3020;38121;Trento
10;3020;38121;Trento
11;3020;38121;Trento
11;3020;38121;Trento
12;3020;38121;Trento
12;3020;38121;Trento
13;3020;38121;Trento
13;3020;38121;Trento
13;3020;38121;Trento
13-gen;3020;38121;Trento
13-gen;3020;38121;Trento
13-gen;3020;38121;Trento
13-ott;3020;38121;Trento
13-ott;3020;38121;Trento
13-feb;3020;38121;Trento
13-mar;3020;38121;Trento
13-mar;3020;38121;Trento
2;3030;38122;Trento
13-apr;3020;38121;Trento
13-mag;3020;38121;Trento
13-mag;3020;38121;Trento
13-mag;3020;38121;Trento
13-giu;3020;38121;Trento
13-giu;3020;38121;Trento
13-lug;3020;38121;Trento
13-lug;3020;38121;Trento
13-lug;3020;38121;Trento
13-ago;3020;38121;Trento
13-set;3020;38121;Trento
13-set;3020;38121;Trento
14;3020;38121;Trento
14;3020;38121;Trento
14-gen;3020;38121;Trento
14-gen;3020;38121;Trento
15;3020;38121;Trento
15;3020;38121;Trento
15;3020;38121;Trento
16;3020;38121;Trento
17;3020;38121;Trento
17/A;3020;38121;Trento
18;3020;38121;Trento
18;3020;38121;Trento
19;3020;38121;Trento
19;3020;38121;Trento
19-gen;3020;38121;Trento
19-feb;3020;38121;Trento
19-mar;3020;38121;Trento
19-mar;3020;38121;Trento
20;3020;38121;Trento
21;3020;38121;Trento
21-gen;3020;38121;Trento
21-gen;3020;38121;Trento
21-feb;3020;38121;Trento
21-feb;3020;38121;Trento
21-feb;3020;38121;Trento
21-feb;3020;38121;Trento
21-mar;3020;38121;Trento
21-mar;3020;38121;Trento
21-apr;3020;38121;Trento
21-mag;3020;38121;Trento
21-mag;3020;38121;Trento
21-giu;3020;38121;Trento
21/A;3020;38121;Trento
22;3020;38121;Trento
22;3020;38121;Trento
23;3020;38121;Trento
23-gen;3020;38121;Trento
23-gen;3020;38121;Trento
23-feb;3020;38121;Trento
23-feb;3020;38121;Trento
23-mar;3020;38121;Trento
23-mar;3020;38121;Trento
23-apr;3020;38121;Trento
23-apr;3020;38121;Trento
24;3020;38121;Trento
24-gen;3020;38121;Trento
24/A;3020;38121;Trento
25;3020;38121;Trento
26;3020;38121;Trento
27;3020;38121;Trento
27/A;3020;38121;Trento
27/B;3020;38121;Trento
27/B;3020;38121;Trento
27/C;3020;38121;Trento
27/D;3020;38121;Trento
29;3020;38121;Trento
29;3020;38121;Trento
29/2;3020;38121;Trento
29-mar;3020;38121;Trento
29/A;3020;38121;Trento
29/A;3020;38121;Trento
29/B;3020;38121;Trento
29/C;3020;38121;Trento
29/D;3020;38121;Trento
29/D;3020;38121;Trento
30;3020;38121;Trento
30;3020;38121;Trento
31;3020;38121;Trento
31;3020;38121;Trento
31;3020;38121;Trento
31-gen;3020;38121;Trento
32;3020;38121;Trento
33;3020;38121;Trento
33;3020;38121;Trento
33;3020;38121;Trento
34;3020;38121;Trento
34;3020;38121;Trento
34;3020;38121;Trento
34/1;3020;38121;Trento
34/1;3020;38121;Trento
34/2;3020;38121;Trento
34/2;3020;38121;Trento
34/3;3020;38121;Trento
34/3;3020;38121;Trento
34/3;3020;38121;Trento
34/3;3020;38121;Trento
34/4;3020;38121;Trento
34/4;3020;38121;Trento
34/4;3020;38121;Trento
34/4;3020;38121;Trento
3;3030;38122;Trento
35;3020;38121;Trento
36;3020;38121;Trento
36;3020;38121;Trento
36/1;3020;38121;Trento
36/1;3020;38121;Trento
36/2;3020;38121;Trento
36/2;3020;38121;Trento
36/3;3020;38121;Trento
36/3;3020;38121;Trento
36/3;3020;38121;Trento
37;3020;38121;Trento
38;3020;38121;Trento
38;3020;38121;Trento
39;3020;38121;Trento
40;3020;38121;Trento
40;3020;38121;Trento
40/1;3020;38121;Trento
41;3020;38121;Trento
42;3020;38121;Trento
42;3020;38121;Trento
42/1;3020;38121;Trento
42/2;3020;38121;Trento
42/2;3020;38121;Trento
42/2;3020;38121;Trento
42/2;3020;38121;Trento
42/3;3020;38121;Trento
42/A;3020;38121;Trento
42/B;3020;38121;Trento
42/C;3020;38121;Trento
43;3020;38121;Trento
44;3020;38121;Trento
45;3020;38121;Trento
47;3020;38121;Trento
49;3020;38121;Trento
51;3020;38121;Trento
53;3020;38121;Trento
55;3020;38121;Trento
57;3020;38121;Trento
59;3020;38121;Trento
61;3020;38121;Trento
63;3020;38121;Trento
64;3020;38121;Trento
64;3020;38121;Trento
64;3020;38121;Trento
64;3020;38121;Trento
64;3020;38121;Trento
65;3020;38121;Trento
66;3020;38121;Trento
66;3020;38121;Trento
66;3020;38121;Trento
67;3020;38121;Trento
69;3020;38121;Trento
71;3020;38121;Trento
72;3020;38121;Trento
72;3020;38121;Trento
72;3020;38121;Trento
72;3020;38121;Trento
72;3020;38121;Trento
72;3020;38121;Trento
72;3020;38121;Trento
72;3020;38121;Trento
72;3020;38121;Trento
72;3020;38121;Trento
73;3020;38121;Trento
74;3020;38121;Trento
74;3020;38121;Trento
74;3020;38121;Trento
74;3020;38121;Trento
74;3020;38121;Trento
74;3020;38121;Trento
75;3020;38121;Trento
77;3020;38121;Trento
78;3020;38121;Trento
78;3020;38121;Trento
79;3020;38121;Trento
81;3020;38121;Trento
83;3020;38121;Trento
84;3020;38121;Trento
84;3020;38121;Trento
84;3020;38121;Trento
85;3020;38121;Trento
87;3020;38121;Trento
88;3020;38121;Trento
88;3020;38121;Trento
89;3020;38121;Trento
90;3020;38121;Trento
90;3020;38121;Trento
91;3020;38121;Trento
92;3020;38121;Trento
92;3020;38121;Trento
93;3020;38121;Trento
94;3020;38121;Trento
95;3020;38121;Trento
97;3020;38121;Trento
99;3020;38121;Trento
103;3020;38121;Trento
103;3020;38121;Trento
1;3030;38122;Trento
3/A;3030;38122;Trento
3/B;3030;38122;Trento
4;3030;38122;Trento
5;3030;38122;Trento
5/A;3030;38122;Trento
5/B;3030;38122;Trento
7;3030;38122;Trento
9;3030;38122;Trento
11;3030;38122;Trento
13;3030;38122;Trento
13;3030;38122;Trento
13;3030;38122;Trento
15;3030;38122;Trento
1;3040;38122;Trento
2;3040;38122;Trento
3;3040;38122;Trento
4;3040;38122;Trento
5;3040;38122;Trento
6;3040;38122;Trento
7;3040;38122;Trento
8;3040;38122;Trento
1;3050;38121;Trento
2;3050;38121;Trento
3;3050;38121;Trento
4;3050;38121;Trento
5;3050;38121;Trento
6;3050;38121;Trento
8;3050;38121;Trento
9;3050;38121;Trento
10;3050;38121;Trento
11;3050;38121;Trento
11/A;3050;38121;Trento
13;3050;38121;Trento
14;3050;38121;Trento
15;3050;38121;Trento
16;3050;38121;Trento
17;3050;38121;Trento
18;3050;38121;Trento
19;3050;38121;Trento
20;3050;38121;Trento
21;3050;38121;Trento
22;3050;38121;Trento
23;3050;38121;Trento
24;3050;38121;Trento
25;3050;38121;Trento
26;3050;38121;Trento
27;3050;38121;Trento
28;3050;38121;Trento
29;3050;38121;Trento
30;3050;38121;Trento
31;3050;38121;Trento
32;3050;38121;Trento
63;3050;38121;Trento
64;3050;38121;Trento
65;3050;38121;Trento
66;3050;38121;Trento
67;3050;38121;Trento
69;3050;38121;Trento
70;3050;38121;Trento
71;3050;38121;Trento
72;3050;38121;Trento
73;3050;38121;Trento
2;3060;38121;Trento
2;3060;38121;Trento
2;3060;38121;Trento
2;3060;38121;Trento
4;3060;38121;Trento
4;3060;38121;Trento
1;3070;38122;Trento
2;3070;38122;Trento
1;3080;38122;Trento
2;3080;38122;Trento
2;3080;38122;Trento
2;3080;38122;Trento
3;3080;38122;Trento
4;3080;38122;Trento
5;3080;38122;Trento
6;3080;38122;Trento
7;3080;38122;Trento
8;3080;38122;Trento
9;3080;38122;Trento
12;3080;38122;Trento
12;3080;38122;Trento
12;3080;38122;Trento
12;3080;38122;Trento
13;3080;38122;Trento
15;3080;38122;Trento
16;3080;38122;Trento
17;3080;38122;Trento
18;3080;38122;Trento
19;3080;38122;Trento
20;3080;38122;Trento
21;3080;38122;Trento
22;3080;38122;Trento
23;3080;38122;Trento
24;3080;38122;Trento
25;3080;38122;Trento
26;3080;38122;Trento
27;3080;38122;Trento
28;3080;38122;Trento
28;3080;38122;Trento
29;3080;38122;Trento
30;3080;38122;Trento
31;3080;38122;Trento
32;3080;38122;Trento
32;3080;38122;Trento
33;3080;38122;Trento
34;3080;38122;Trento
34;3080;38122;Trento
34;3080;38122;Trento
36;3080;38122;Trento
36/A;3080;38122;Trento
41;3080;38122;Trento
41;3080;38122;Trento
41;3080;38122;Trento
43;3080;38122;Trento
45;3080;38122;Trento
51;3080;38122;Trento
53;3080;38122;Trento
55;3080;38122;Trento
57;3080;38122;Trento
59;3080;38122;Trento
61;3080;38122;Trento
1;3090;38122;Trento
2;3090;38122;Trento
2;3090;38122;Trento
3;3090;38122;Trento
5;3090;38122;Trento
7;3090;38122;Trento
2;3100;38122;Trento
3;3100;38122;Trento
3;3100;38122;Trento
4;3100;38122;Trento
4/A;3100;38122;Trento
5;3100;38122;Trento
6;3100;38122;Trento
6/A;3100;38122;Trento
7;3100;38122;Trento
7;3100;38122;Trento
7;3100;38122;Trento
7;3100;38122;Trento
7;3100;38122;Trento
8;3100;38122;Trento
10;3100;38122;Trento
12;3100;38122;Trento
14;3100;38122;Trento
16;3100;38122;Trento
18;3100;38122;Trento
21;3100;38122;Trento
23;3100;38122;Trento
25;3100;38122;Trento
27;3100;38122;Trento
33;3100;38122;Trento
1;3110;38122;Trento
1;3110;38122;Trento
2;3110;38122;Trento
3;3110;38122;Trento
3;3110;38122;Trento
3;3110;38122;Trento
4;3110;38122;Trento
6;3110;38122;Trento
8;3110;38122;Trento
8;3110;38122;Trento
9;3110;38122;Trento
9;3110;38122;Trento
10;3110;38122;Trento
10;3110;38122;Trento
11;3110;38122;Trento
11;3110;38122;Trento
18;3110;38122;Trento
18;3110;38122;Trento
1;3120;38122;Trento
1;3120;38122;Trento
1;3120;38122;Trento
2;3120;38122;Trento
2;3120;38122;Trento
3;3120;38122;Trento
03-gen;3120;38122;Trento
4;3120;38122;Trento
4;3120;38122;Trento
4;3120;38122;Trento
5;3120;38122;Trento
05-gen;3120;38122;Trento
7;3120;38122;Trento
07-gen;3120;38122;Trento
9;3120;38122;Trento
11;3120;38122;Trento
1;3130;38121;Trento
2;3130;38121;Trento
2;3130;38121;Trento
3;3130;38121;Trento
4;3130;38121;Trento
5;3130;38121;Trento
5;3130;38121;Trento
5;3130;38121;Trento
6;3130;38121;Trento
7;3130;38121;Trento
8;3130;38121;Trento
9;3130;38121;Trento
10;3130;38121;Trento
12;3130;38121;Trento
14;3130;38121;Trento
1;3140;38122;Trento
2;3140;38122;Trento
3;3140;38122;Trento
3;3140;38122;Trento
3;3140;38122;Trento
3;3140;38122;Trento
4;3140;38122;Trento
4;3140;38122;Trento
4;3140;38122;Trento
4;3140;38122;Trento
4;3140;38122;Trento
4;3140;38122;Trento
5;3140;38122;Trento
5;3140;38122;Trento
6;3140;38122;Trento
6;3140;38122;Trento
6;3140;38122;Trento
6;3140;38122;Trento
6;3140;38122;Trento
7;3140;38122;Trento
8;3140;38122;Trento
9;3140;38122;Trento
9;3140;38122;Trento
9;3140;38122;Trento
11;3140;38122;Trento
11;3140;38122;Trento
1;3150;38121;Trento
1;3150;38121;Trento
1;3150;38121;Trento
1;3150;38121;Trento
1;3150;38121;Trento
1;3150;38121;Trento
2;3150;38121;Trento
3;3150;38121;Trento
4;3150;38121;Trento
4;3150;38121;Trento
4;3150;38121;Trento
04-gen;3150;38121;Trento
04-feb;3150;38121;Trento
04-mar;3150;38121;Trento
04-apr;3150;38121;Trento
5;3150;38121;Trento
5;3150;38121;Trento
6;3150;38121;Trento
7;3150;38121;Trento
7;3150;38121;Trento
7;3150;38121;Trento
07-gen;3150;38121;Trento
07-gen;3150;38121;Trento
07-gen;3150;38121;Trento
7/B;3150;38121;Trento
7/B;3150;38121;Trento
8;3150;38121;Trento
8/A;3150;38121;Trento
8/B;3150;38121;Trento
9;3150;38121;Trento
9;3150;38121;Trento
10;3150;38121;Trento
10/A;3150;38121;Trento
11;3150;38121;Trento
11-gen;3150;38121;Trento
11-feb;3150;38121;Trento
12;3150;38121;Trento
12/A;3150;38121;Trento
12/B;3150;38121;Trento
13;3150;38121;Trento
13;3150;38121;Trento
14;3150;38121;Trento
14/A;3150;38121;Trento
14/B;3150;38121;Trento
15;3150;38121;Trento
15;3150;38121;Trento
15;3150;38121;Trento
15-gen;3150;38121;Trento
16/A;3150;38121;Trento
16/B;3150;38121;Trento
16/C;3150;38121;Trento
17;3150;38121;Trento
17-gen;3150;38121;Trento
17-gen;3150;38121;Trento
17-feb;3150;38121;Trento
17-feb;3150;38121;Trento
17-feb;3150;38121;Trento
17-apr;3150;38121;Trento
17-apr;3150;38121;Trento
18;3150;38121;Trento
18/A;3150;38121;Trento
19;3150;38121;Trento
19;3150;38121;Trento
20;3150;38121;Trento
22;3150;38121;Trento
22;3150;38121;Trento
24;3150;38121;Trento
24;3150;38121;Trento
26;3150;38121;Trento
26;3150;38121;Trento
36;3150;38121;Trento
36/1;3150;38121;Trento
36/2;3150;38121;Trento
36/2;3150;38121;Trento
36/2;3150;38121;Trento
37;3150;38121;Trento
37/1;3150;38121;Trento
38;3150;38121;Trento
38;3150;38121;Trento
38/A;3150;38121;Trento
38/A;3150;38121;Trento
38/A;3150;38121;Trento
38/B;3150;38121;Trento
38/C;3150;38121;Trento
38/D;3150;38121;Trento
39;3150;38121;Trento
39/1;3150;38121;Trento
39/10;3150;38121;Trento
39/11;3150;38121;Trento
39/2;3150;38121;Trento
39/3;3150;38121;Trento
39/4;3150;38121;Trento
39/5;3150;38121;Trento
39/6;3150;38121;Trento
39/7;3150;38121;Trento
39/8;3150;38121;Trento
39/9;3150;38121;Trento
40;3150;38121;Trento
40;3150;38121;Trento
41;3150;38121;Trento
41/1;3150;38121;Trento
41/10;3150;38121;Trento
41/2;3150;38121;Trento
41/3;3150;38121;Trento
41/4;3150;38121;Trento
41/5;3150;38121;Trento
41/6;3150;38121;Trento
41/7;3150;38121;Trento
41/8;3150;38121;Trento
41/9;3150;38121;Trento
41/A;3150;38121;Trento
42;3150;38121;Trento
42;3150;38121;Trento
42;3150;38121;Trento
42;3150;38121;Trento
43;3150;38121;Trento
43/1;3150;38121;Trento
43/2;3150;38121;Trento
43/3;3150;38121;Trento
43/4;3150;38121;Trento
43/5;3150;38121;Trento
43/6;3150;38121;Trento
43/8;3150;38121;Trento
45;3150;38121;Trento
46;3150;38121;Trento
46;3150;38121;Trento
46/1;3150;38121;Trento
46/1;3150;38121;Trento
46/1;3150;38121;Trento
46/2;3150;38121;Trento
46/2;3150;38121;Trento
47;3150;38121;Trento
48;3150;38121;Trento
48;3150;38121;Trento
48;3150;38121;Trento
49;3150;38121;Trento
49;3150;38121;Trento
49/1;3150;38121;Trento
49/1;3150;38121;Trento
49/2;3150;38121;Trento
49/2;3150;38121;Trento
49/3;3150;38121;Trento
49/4;3150;38121;Trento
49/5;3150;38121;Trento
50;3150;38121;Trento
50/1;3150;38121;Trento
50/1;3150;38121;Trento
50/1;3150;38121;Trento
51;3150;38121;Trento
51/A;3150;38121;Trento
51/A;3150;38121;Trento
51/B;3150;38121;Trento
51/B;3150;38121;Trento
51/C;3150;38121;Trento
51/C;3150;38121;Trento
53;3150;38121;Trento
55;3150;38121;Trento
55;3150;38121;Trento
56;3150;38121;Trento
56;3150;38121;Trento
56;3150;38121;Trento
58;3150;38121;Trento
58/1;3150;38121;Trento
59;3150;38121;Trento
59;3150;38121;Trento
60;3150;38121;Trento
61;3150;38121;Trento
61;3150;38121;Trento
61/1;3150;38121;Trento
61/1;3150;38121;Trento
61/2;3150;38121;Trento
61/3;3150;38121;Trento
62;3150;38121;Trento
62/A;3150;38121;Trento
63;3150;38121;Trento
63;3150;38121;Trento
63;3150;38121;Trento
63;3150;38121;Trento
63;3150;38121;Trento
64;3150;38121;Trento
66;3150;38121;Trento
66;3150;38121;Trento
69;3150;38121;Trento
71;3150;38121;Trento
72;3150;38121;Trento
72;3150;38121;Trento
73;3150;38121;Trento
74;3150;38121;Trento
75;3150;38121;Trento
76;3150;38121;Trento
77;3150;38121;Trento
77/1;3150;38121;Trento
77/2;3150;38121;Trento
78;3150;38121;Trento
79;3150;38121;Trento
80;3150;38121;Trento
82;3150;38121;Trento
82;3150;38121;Trento
83;3150;38121;Trento
84;3150;38121;Trento
84;3150;38121;Trento
85;3150;38121;Trento
85;3150;38121;Trento
86;3150;38121;Trento
86;3150;38121;Trento
87;3150;38121;Trento
87/A;3150;38121;Trento
89;3150;38121;Trento
89/1;3150;38121;Trento
95;3150;38121;Trento
97;3150;38121;Trento
99;3150;38121;Trento
99;3150;38121;Trento
101;3150;38121;Trento
101/A;3150;38121;Trento
103;3150;38121;Trento
105;3150;38121;Trento
107;3150;38121;Trento
107/A;3150;38121;Trento
109;3150;38121;Trento
111;3150;38121;Trento
1;3160;38121;Trento
1;3160;38121;Trento
1;3160;38121;Trento
1;3160;38121;Trento
1;3160;38121;Trento
1;3160;38121;Trento
2;3160;38121;Trento
3;3160;38121;Trento
3;3160;38121;Trento
3;3160;38121;Trento
3;3160;38121;Trento
3;3160;38121;Trento
3;3160;38121;Trento
3;3160;38121;Trento
03-gen;3160;38121;Trento
4;3160;38121;Trento
5;3160;38121;Trento
5;3160;38121;Trento
5;3160;38121;Trento
6;3160;38121;Trento
7;3160;38121;Trento
8;3160;38121;Trento
8;3160;38121;Trento
9;3160;38121;Trento
11;3160;38121;Trento
13;3160;38121;Trento
1;3190;38121;Trento
1;3190;38121;Trento
1;3190;38121;Trento
1;3190;38121;Trento
1;3190;38121;Trento
2;3190;38121;Trento
2;3190;38121;Trento
3;3190;38121;Trento
3;3190;38121;Trento
03-gen;3190;38121;Trento
03-feb;3190;38121;Trento
03-feb;3190;38121;Trento
4;3190;38121;Trento
5;3190;38121;Trento
5;3190;38121;Trento
6;3190;38121;Trento
7;3190;38121;Trento
8;3190;38121;Trento
10;3190;38121;Trento
10;3190;38121;Trento
10;3190;38121;Trento
10;3190;38121;Trento
12;3190;38121;Trento
14;3190;38121;Trento
1;3210;38122;Trento
2;3210;38122;Trento
2;3210;38122;Trento
3;3210;38122;Trento
4;3210;38122;Trento
5;3210;38122;Trento
6;3210;38122;Trento
7;3210;38122;Trento
8;3210;38122;Trento
9;3210;38122;Trento
10;3210;38122;Trento
11;3210;38122;Trento
12;3210;38122;Trento
13;3210;38122;Trento
14;3210;38122;Trento
15;3210;38122;Trento
16;3210;38122;Trento
17;3210;38122;Trento
18;3210;38122;Trento
19;3210;38122;Trento
20;3210;38122;Trento
21;3210;38122;Trento
22;3210;38122;Trento
23;3210;38122;Trento
24;3210;38122;Trento
25;3210;38122;Trento
26;3210;38122;Trento
27;3210;38122;Trento
28;3210;38122;Trento
29;3210;38122;Trento
30;3210;38122;Trento
31;3210;38122;Trento
32;3210;38122;Trento
33;3210;38122;Trento
34;3210;38122;Trento
35;3210;38122;Trento
36;3210;38122;Trento
37;3210;38122;Trento
38;3210;38122;Trento
39;3210;38122;Trento
40;3210;38122;Trento
41;3210;38122;Trento
42;3210;38122;Trento
43;3210;38122;Trento
44;3210;38122;Trento
45;3210;38122;Trento
46;3210;38122;Trento
47;3210;38122;Trento
48;3210;38122;Trento
49;3210;38122;Trento
50;3210;38122;Trento
51;3210;38122;Trento
53;3210;38122;Trento
53;3210;38122;Trento
53;3210;38122;Trento
53;3210;38122;Trento
55;3210;38122;Trento
57;3210;38122;Trento
59;3210;38122;Trento
61;3210;38122;Trento
65;3210;38122;Trento
67;3210;38122;Trento
69;3210;38122;Trento
71;3210;38122;Trento
72;3210;38122;Trento
73;3210;38122;Trento
74;3210;38122;Trento
75;3210;38122;Trento
76;3210;38122;Trento
77;3210;38122;Trento
78;3210;38122;Trento
78;3210;38122;Trento
78;3210;38122;Trento
80;3210;38122;Trento
81;3210;38122;Trento
82;3210;38122;Trento
83;3210;38122;Trento
83;3210;38122;Trento
83;3210;38122;Trento
85;3210;38122;Trento
86;3210;38122;Trento
87;3210;38122;Trento
88;3210;38122;Trento
88;3210;38122;Trento
88;3210;38122;Trento
89;3210;38122;Trento
90;3210;38122;Trento
91;3210;38122;Trento
92;3210;38122;Trento
93;3210;38122;Trento
94;3210;38122;Trento
94;3210;38122;Trento
94;3210;38122;Trento
94;3210;38122;Trento
95;3210;38122;Trento
96;3210;38122;Trento
98;3210;38122;Trento
100;3210;38122;Trento
102;3210;38122;Trento
104;3210;38122;Trento
106;3210;38122;Trento
108;3210;38122;Trento
110;3210;38122;Trento
112;3210;38122;Trento
114/1;3210;38122;Trento
116;3210;38122;Trento
118;3210;38122;Trento
120;3210;38122;Trento
122;3210;38122;Trento
124;3210;38122;Trento
126;3210;38122;Trento
128;3210;38122;Trento
130;3210;38122;Trento
134;3210;38122;Trento
1;3220;38122;Trento
2;3220;38122;Trento
2;3220;38122;Trento
2;3220;38122;Trento
2;3220;38122;Trento
2;3220;38122;Trento
3;3220;38122;Trento
4;3220;38122;Trento
5;3220;38122;Trento
5;3220;38122;Trento
5;3220;38122;Trento
6;3220;38122;Trento
7;3220;38122;Trento
7;3220;38122;Trento
7;3220;38122;Trento
8;3220;38122;Trento
8;3220;38122;Trento
8;3220;38122;Trento
08-gen;3220;38122;Trento
08-gen;3220;38122;Trento
08-ott;3220;38122;Trento
08-nov;3220;38122;Trento
08-feb;3220;38122;Trento
08-mar;3220;38122;Trento
08-apr;3220;38122;Trento
08-apr;3220;38122;Trento
08-mag;3220;38122;Trento
08-giu;3220;38122;Trento
08-lug;3220;38122;Trento
08-ago;3220;38122;Trento
8/C;3220;38122;Trento
8/C;3220;38122;Trento
9;3220;38122;Trento
9;3220;38122;Trento
10;3220;38122;Trento
10/A;3220;38122;Trento
10/A;3220;38122;Trento
10/A;3220;38122;Trento
10/A;3220;38122;Trento
10/A;3220;38122;Trento
10/B;3220;38122;Trento
11;3220;38122;Trento
12;3220;38122;Trento
12;3220;38122;Trento
13;3220;38122;Trento
14;3220;38122;Trento
14/A;3220;38122;Trento
16;3220;38122;Trento
16;3220;38122;Trento
16;3220;38122;Trento
17;3220;38122;Trento
17;3220;38122;Trento
17;3220;38122;Trento
18;3220;38122;Trento
19;3220;38122;Trento
19;3220;38122;Trento
19;3220;38122;Trento
1;3230;38122;Trento
2;3230;38122;Trento
3;3230;38122;Trento
5;3230;38122;Trento
9;3230;38122;Trento
11;3230;38122;Trento
13;3230;38122;Trento
15;3230;38122;Trento
1;3240;38122;Trento
2;3240;38122;Trento
3;3240;38122;Trento
3;3240;38122;Trento
03-gen;3240;38122;Trento
5;3240;38122;Trento
12;3240;38122;Trento
14;3240;38122;Trento
2;3250;38123;Trento
4;3250;38123;Trento
6;3250;38123;Trento
6;3250;38123;Trento
8;3250;38123;Trento
8;3250;38123;Trento
09-gen;3250;38123;Trento
09-gen;3250;38123;Trento
10;3250;38123;Trento
12;3250;38123;Trento
14;3250;38123;Trento
16;3250;38123;Trento
18;3250;38123;Trento
19;3250;38123;Trento
19;3250;38123;Trento
19;3250;38123;Trento
20;3250;38123;Trento
20/A;3250;38123;Trento
22;3250;38123;Trento
22/A;3250;38123;Trento
24;3250;38123;Trento
26;3250;38123;Trento
28;3250;38123;Trento
30;3250;38123;Trento
1;3260;38122;Trento
2;3260;38122;Trento
3;3260;38122;Trento
4;3260;38122;Trento
5;3260;38122;Trento
6;3260;38122;Trento
7;3260;38122;Trento
8;3260;38122;Trento
9;3260;38122;Trento
10;3260;38122;Trento
1;3270;38122;Trento
1;3270;38122;Trento
1;3270;38122;Trento
1;3270;38122;Trento
2;3270;38122;Trento
2;3270;38122;Trento
3;3270;38122;Trento
4;3270;38122;Trento
4;3270;38122;Trento
4;3270;38122;Trento
1;3280;38122;Trento
2;3280;38122;Trento
2;3280;38122;Trento
2;3280;38122;Trento
3;3280;38122;Trento
3;3280;38122;Trento
4;3280;38122;Trento
4;3280;38122;Trento
4;3280;38122;Trento
8;3280;38122;Trento
8;3280;38122;Trento
1;3290;38122;Trento
01-gen;3290;38122;Trento
2;3290;38122;Trento
02-gen;3290;38122;Trento
3;3290;38122;Trento
4;3290;38122;Trento
5;3290;38122;Trento
6;3290;38122;Trento
7;3290;38122;Trento
8;3290;38122;Trento
9;3290;38122;Trento
10;3290;38122;Trento
11;3290;38122;Trento
12;3290;38122;Trento
13;3290;38122;Trento
14;3290;38122;Trento
16;3290;38122;Trento
18;3290;38122;Trento
18/A;3290;38122;Trento
19;3290;38122;Trento
21;3290;38122;Trento
22;3290;38122;Trento
22;3290;38122;Trento
22/A;3290;38122;Trento
24;3290;38122;Trento
25;3290;38122;Trento
25;3290;38122;Trento
26;3290;38122;Trento
26;3290;38122;Trento
27;3290;38122;Trento
29;3290;38122;Trento
30;3290;38122;Trento
31;3290;38122;Trento
34;3290;38122;Trento
34;3290;38122;Trento
34;3290;38122;Trento
35;3290;38122;Trento
37;3290;38122;Trento
38;3290;38122;Trento
38;3290;38122;Trento
39;3290;38122;Trento
40;3290;38122;Trento
40;3290;38122;Trento
40;3290;38122;Trento
41;3290;38122;Trento
41;3290;38122;Trento
1;3300;38122;Trento
2;3300;38122;Trento
2/A;3300;38122;Trento
2/B;3300;38122;Trento
2/C;3300;38122;Trento
2/D;3300;38122;Trento
3;3300;38122;Trento
4;3300;38122;Trento
5;3300;38122;Trento
6;3300;38122;Trento
7;3300;38122;Trento
8;3300;38122;Trento
9;3300;38122;Trento
9;3300;38122;Trento
10;3300;38122;Trento
11;3300;38122;Trento
12;3300;38122;Trento
13;3300;38122;Trento
14;3300;38122;Trento
14;3300;38122;Trento
14;3300;38122;Trento
14;3300;38122;Trento
14;3300;38122;Trento
14;3300;38122;Trento
14;3300;38122;Trento
14;3300;38122;Trento
16;3300;38122;Trento
18;3300;38122;Trento
18/A;3300;38122;Trento
20-gen;3300;38122;Trento
22;3300;38122;Trento
22;3300;38122;Trento
22;3300;38122;Trento
24;3300;38122;Trento
24;3300;38122;Trento
26;3300;38122;Trento
26;3300;38122;Trento
26;3300;38122;Trento
26;3300;38122;Trento
26;3300;38122;Trento
26;3300;38122;Trento
28;3300;38122;Trento
30;3300;38122;Trento
32;3300;38122;Trento
34;3300;38122;Trento
36;3300;38122;Trento
1;3310;38122;Trento
2;3310;38122;Trento
2;3310;38122;Trento
3;3310;38122;Trento
4;3310;38122;Trento
5;3310;38122;Trento
6;3310;38122;Trento
7;3310;38122;Trento
8;3310;38122;Trento
9;3310;38122;Trento
10;3310;38122;Trento
11;3310;38122;Trento
12;3310;38122;Trento
14;3310;38122;Trento
14;3310;38122;Trento
14;3310;38122;Trento
16;3310;38122;Trento
17;3310;38122;Trento
19;3310;38122;Trento
20;3310;38122;Trento
21;3310;38122;Trento
21-gen;3310;38122;Trento
21-feb;3310;38122;Trento
22;3310;38122;Trento
23;3310;38122;Trento
24;3310;38122;Trento
25;3310;38122;Trento
25-gen;3310;38122;Trento
26;3310;38122;Trento
27;3310;38122;Trento
27;3310;38122;Trento
28;3310;38122;Trento
29;3310;38122;Trento
29;3310;38122;Trento
30;3310;38122;Trento
32;3310;38122;Trento
34;3310;38122;Trento
36;3310;38122;Trento
38;3310;38122;Trento
40;3310;38122;Trento
50;3310;38122;Trento
50;3310;38122;Trento
52;3310;38122;Trento
54;3310;38122;Trento
56;3310;38122;Trento
58;3310;38122;Trento
58/1;3310;38122;Trento
58/2;3310;38122;Trento
60;3310;38122;Trento
60;3310;38122;Trento
60/1;3310;38122;Trento
60/A;3310;38122;Trento
62;3310;38122;Trento
62;3310;38122;Trento
64;3310;38122;Trento
64;3310;38122;Trento
66;3310;38122;Trento
66;3310;38122;Trento
68;3310;38122;Trento
68;3310;38122;Trento
70;3310;38122;Trento
70;3310;38122;Trento
72;3310;38122;Trento
74;3310;38122;Trento
1;3320;38122;Trento
1;3320;38122;Trento
1;3320;38122;Trento
1;3320;38122;Trento
2;3320;38122;Trento
3;3320;38122;Trento
3;3320;38122;Trento
3;3320;38122;Trento
4;3320;38122;Trento
5;3320;38122;Trento
5;3320;38122;Trento
6;3320;38122;Trento
7;3320;38122;Trento
8;3320;38122;Trento
9;3320;38122;Trento
9;3320;38122;Trento
10;3320;38122;Trento
10;3320;38122;Trento
11;3320;38122;Trento
12;3320;38122;Trento
13;3320;38122;Trento
14;3320;38122;Trento
15;3320;38122;Trento
17;3320;38122;Trento
19;3320;38122;Trento
1;3340;38122;Trento
2;3340;38122;Trento
3;3340;38122;Trento
3;3340;38122;Trento
5;3340;38122;Trento
7;3340;38122;Trento
8;3340;38122;Trento
9;3340;38122;Trento
10;3340;38122;Trento
11;3340;38122;Trento
12;3340;38122;Trento
14;3340;38122;Trento
15;3340;38122;Trento
16;3340;38122;Trento
17;3340;38122;Trento
18;3340;38122;Trento
20;3340;38122;Trento
21;3340;38122;Trento
22;3340;38122;Trento
23;3340;38122;Trento
24;3340;38122;Trento
25;3340;38122;Trento
26;3340;38122;Trento
27;3340;38122;Trento
28;3340;38122;Trento
30;3340;38122;Trento
32;3340;38122;Trento
34;3340;38122;Trento
36;3340;38122;Trento
38;3340;38122;Trento
40;3340;38122;Trento
42;3340;38122;Trento
44;3340;38122;Trento
46;3340;38122;Trento
50;3340;38122;Trento
52;3340;38122;Trento
54;3340;38122;Trento
56;3340;38122;Trento
56;3340;38122;Trento
60;3340;38122;Trento
60;3340;38122;Trento
60;3340;38122;Trento
64;3340;38122;Trento
66;3340;38122;Trento
68;3340;38122;Trento
70;3340;38122;Trento
72;3340;38122;Trento
74;3340;38122;Trento
76;3340;38122;Trento
80;3340;38122;Trento
80;3340;38122;Trento
80;3340;38122;Trento
82;3340;38122;Trento
84;3340;38122;Trento
86;3340;38122;Trento
88;3340;38122;Trento
92;3340;38122;Trento
94;3340;38122;Trento
96;3340;38122;Trento
98;3340;38122;Trento
100;3340;38122;Trento
112;3340;38122;Trento
114;3340;38122;Trento
116;3340;38122;Trento
118;3340;38122;Trento
120;3340;38122;Trento
122;3340;38122;Trento
124;3340;38122;Trento
126;3340;38122;Trento
128;3340;38122;Trento
130;3340;38122;Trento
132;3340;38122;Trento
136;3340;38122;Trento
1;3350;38122;Trento
1;3350;38122;Trento
2;3350;38122;Trento
4;3350;38122;Trento
6;3350;38122;Trento
8;3350;38122;Trento
9;3350;38122;Trento
10;3350;38122;Trento
11;3350;38122;Trento
12;3350;38122;Trento
13;3350;38122;Trento
14;3350;38122;Trento
14;3350;38122;Trento
15;3350;38122;Trento
17;3350;38122;Trento
18;3350;38122;Trento
18;3350;38122;Trento
19;3350;38122;Trento
20;3350;38122;Trento
21;3350;38122;Trento
22;3350;38122;Trento
22;3350;38122;Trento
23;3350;38122;Trento
24;3350;38122;Trento
24;3350;38122;Trento
25;3350;38122;Trento
26;3350;38122;Trento
26/A;3350;38122;Trento
27;3350;38122;Trento
28;3350;38122;Trento
28;3350;38122;Trento
29;3350;38122;Trento
30;3350;38122;Trento
31;3350;38122;Trento
32;3350;38122;Trento
33;3350;38122;Trento
34;3350;38122;Trento
35;3350;38122;Trento
36;3350;38122;Trento
37;3350;38122;Trento
38;3350;38122;Trento
39;3350;38122;Trento
40;3350;38122;Trento
41;3350;38122;Trento
42;3350;38122;Trento
43;3350;38122;Trento
44;3350;38122;Trento
45;3350;38122;Trento
46;3350;38122;Trento
46;3350;38122;Trento
46/A;3350;38122;Trento
46/A;3350;38122;Trento
46/A;3350;38122;Trento
47;3350;38122;Trento
48;3350;38122;Trento
49;3350;38122;Trento
50;3350;38122;Trento
51;3350;38122;Trento
51;3350;38122;Trento
52;3350;38122;Trento
54;3350;38122;Trento
56;3350;38122;Trento
57;3350;38122;Trento
58;3350;38122;Trento
59;3350;38122;Trento
59;3350;38122;Trento
59;3350;38122;Trento
59/1;3350;38122;Trento
60;3350;38122;Trento
61;3350;38122;Trento
61;3350;38122;Trento
62;3350;38122;Trento
63;3350;38122;Trento
63;3350;38122;Trento
64;3350;38122;Trento
65;3350;38122;Trento
65;3350;38122;Trento
66;3350;38122;Trento
68;3350;38122;Trento
69;3350;38122;Trento
70;3350;38122;Trento
72;3350;38122;Trento
74;3350;38122;Trento
76;3350;38122;Trento
78;3350;38122;Trento
80;3350;38122;Trento
82;3350;38122;Trento
84;3350;38122;Trento
86;3350;38122;Trento
88;3350;38122;Trento
96;3350;38122;Trento
98;3350;38122;Trento
100;3350;38122;Trento
102;3350;38122;Trento
104;3350;38122;Trento
106;3350;38122;Trento
110;3350;38122;Trento
112;3350;38122;Trento
114;3350;38122;Trento
116;3350;38122;Trento
116;3350;38122;Trento
116;3350;38122;Trento
120;3350;38122;Trento
122;3350;38122;Trento
130;3350;38122;Trento
132;3350;38122;Trento
134;3350;38122;Trento
136;3350;38122;Trento
136;3350;38122;Trento
136;3350;38122;Trento
136/1;3350;38122;Trento
136/2;3350;38122;Trento
138;3350;38122;Trento
140;3350;38122;Trento
142;3350;38122;Trento
144;3350;38122;Trento
148;3350;38122;Trento
152;3350;38122;Trento
154;3350;38122;Trento
156;3350;38122;Trento
162;3350;38122;Trento
164;3350;38122;Trento
166;3350;38122;Trento
166;3350;38122;Trento
168;3350;38122;Trento
170;3350;38122;Trento
174;3350;38122;Trento
176;3350;38122;Trento
178;3350;38122;Trento
1;3353;38123;Trento
1;3353;38123;Trento
1;3353;38123;Trento
1;3353;38123;Trento
1;3353;38123;Trento
1;3353;38123;Trento
2;3353;38123;Trento
3;3353;38123;Trento
4;3353;38123;Trento
5;3353;38123;Trento
5/A;3353;38123;Trento
6;3353;38123;Trento
7;3353;38123;Trento
8;3353;38123;Trento
9;3353;38123;Trento
10;3353;38123;Trento
11;3353;38123;Trento
12;3353;38123;Trento
13;3353;38123;Trento
14;3353;38123;Trento
14/A;3353;38123;Trento
15;3353;38123;Trento
16;3353;38123;Trento
17;3353;38123;Trento
20;3353;38123;Trento
21;3353;38123;Trento
22;3353;38123;Trento
23;3353;38123;Trento
25;3353;38123;Trento
26;3353;38123;Trento
27;3353;38123;Trento
28;3353;38123;Trento
29;3353;38123;Trento
30;3353;38123;Trento
1;3355;38121;Trento
2;3355;38121;Trento
3;3355;38121;Trento
4;3355;38121;Trento
5;3355;38121;Trento
6;3355;38121;Trento
7;3355;38121;Trento
7/A;3355;38121;Trento
8;3355;38121;Trento
9;3355;38121;Trento
10;3355;38121;Trento
11;3355;38121;Trento
12;3355;38121;Trento
13;3355;38121;Trento
14;3355;38121;Trento
15;3355;38121;Trento
16;3355;38121;Trento
17;3355;38121;Trento
18;3355;38121;Trento
19;3355;38121;Trento
21;3355;38121;Trento
22;3355;38121;Trento
23;3355;38121;Trento
24;3355;38121;Trento
25;3355;38121;Trento
26;3355;38121;Trento
27;3355;38121;Trento
1;3360;38122;Trento
1;3360;38122;Trento
3;3360;38122;Trento
3;3360;38122;Trento
5;3360;38122;Trento
5;3360;38122;Trento
5;3360;38122;Trento
7;3360;38122;Trento
07-gen;3360;38122;Trento
07-gen;3360;38122;Trento
07-feb;3360;38122;Trento
07-mar;3360;38122;Trento
07-mar;3360;38122;Trento
9;3360;38122;Trento
11;3360;38122;Trento
13;3360;38122;Trento
13;3360;38122;Trento
6;3440;38122;Trento
13;3360;38122;Trento
15;3360;38122;Trento
17;3360;38122;Trento
19;3360;38122;Trento
19;3360;38122;Trento
21;3360;38122;Trento
23;3360;38122;Trento
25;3360;38122;Trento
27;3360;38122;Trento
29;3360;38122;Trento
31;3360;38122;Trento
33;3360;38122;Trento
35;3360;38122;Trento
37;3360;38122;Trento
37;3360;38122;Trento
39;3360;38122;Trento
41;3360;38122;Trento
43;3360;38122;Trento
1;3370;38122;Trento
1;3370;38122;Trento
1;3370;38122;Trento
2;3370;38122;Trento
3;3370;38122;Trento
4;3370;38122;Trento
5;3370;38122;Trento
7;3370;38122;Trento
7;3370;38122;Trento
7;3370;38122;Trento
7;3370;38122;Trento
8;3370;38122;Trento
9;3370;38122;Trento
9;3370;38122;Trento
9;3370;38122;Trento
10;3370;38122;Trento
11;3370;38122;Trento
12;3370;38122;Trento
13;3370;38122;Trento
13;3370;38122;Trento
2;3770;38122;Trento
14;3370;38122;Trento
14;3370;38122;Trento
14-gen;3370;38122;Trento
15;3370;38122;Trento
15;3370;38122;Trento
16;3370;38122;Trento
18;3370;38122;Trento
18/A;3370;38122;Trento
20;3370;38122;Trento
22;3370;38122;Trento
24;3370;38122;Trento
26;3370;38122;Trento
28;3370;38122;Trento
28;3370;38122;Trento
28;3370;38122;Trento
29;3370;38122;Trento
29-gen;3370;38122;Trento
30;3370;38122;Trento
31;3370;38122;Trento
31;3370;38122;Trento
32;3370;38122;Trento
33;3370;38122;Trento
35;3370;38122;Trento
37;3370;38122;Trento
39;3370;38122;Trento
41;3370;38122;Trento
43;3370;38122;Trento
45;3370;38122;Trento
1;3390;38121;Trento
2;3390;38121;Trento
3;3390;38121;Trento
3;3390;38121;Trento
4;3390;38121;Trento
4;3390;38121;Trento
6;3390;38121;Trento
7;3390;38121;Trento
8;3390;38121;Trento
9;3390;38121;Trento
10;3390;38121;Trento
10;3390;38121;Trento
11;3390;38121;Trento
12;3390;38121;Trento
12;3390;38121;Trento
13;3390;38121;Trento
14;3390;38121;Trento
15;3390;38121;Trento
15;3390;38121;Trento
15-gen;3390;38121;Trento
15-feb;3390;38121;Trento
15-mar;3390;38121;Trento
15-apr;3390;38121;Trento
15-apr;3390;38121;Trento
15-mag;3390;38121;Trento
15-mag;3390;38121;Trento
15-giu;3390;38121;Trento
15-giu;3390;38121;Trento
15-lug;3390;38121;Trento
15-lug;3390;38121;Trento
15-ago;3390;38121;Trento
15-ago;3390;38121;Trento
15-set;3390;38121;Trento
15-set;3390;38121;Trento
15-set;3390;38121;Trento
16;3390;38121;Trento
17;3390;38121;Trento
19;3390;38121;Trento
21;3390;38121;Trento
23;3390;38121;Trento
23/A;3390;38121;Trento
25;3390;38121;Trento
27;3390;38121;Trento
29;3390;38121;Trento
31;3390;38121;Trento
31;3390;38121;Trento
33;3390;38121;Trento
35;3390;38121;Trento
37;3390;38121;Trento
1;3400;38122;Trento
2;3400;38122;Trento
3;3400;38122;Trento
4;3400;38122;Trento
5;3400;38122;Trento
6;3400;38122;Trento
7;3400;38122;Trento
8;3400;38122;Trento
9;3400;38122;Trento
9;3400;38122;Trento
9;3400;38122;Trento
10;3400;38122;Trento
11;3400;38122;Trento
12;3400;38122;Trento
13;3400;38122;Trento
14;3400;38122;Trento
15;3400;38122;Trento
16;3400;38122;Trento
17;3400;38122;Trento
18;3400;38122;Trento
19;3400;38122;Trento
20;3400;38122;Trento
20;3400;38122;Trento
20;3400;38122;Trento
21;3400;38122;Trento
22;3400;38122;Trento
23;3400;38122;Trento
24;3400;38122;Trento
25;3400;38122;Trento
26;3400;38122;Trento
27;3400;38122;Trento
28;3400;38122;Trento
29;3400;38122;Trento
30;3400;38122;Trento
31;3400;38122;Trento
32;3400;38122;Trento
33;3400;38122;Trento
34;3400;38122;Trento
35;3400;38122;Trento
36;3400;38122;Trento
37;3400;38122;Trento
38;3400;38122;Trento
39;3400;38122;Trento
40;3400;38122;Trento
41/1;3400;38122;Trento
41/1;3400;38122;Trento
1;3410;38122;Trento
1;3410;38122;Trento
2;3410;38122;Trento
2;3410;38122;Trento
3;3410;38122;Trento
4;3410;38122;Trento
5;3410;38122;Trento
6;3410;38122;Trento
7;3410;38122;Trento
9;3410;38122;Trento
9;3410;38122;Trento
9;3410;38122;Trento
10;3410;38122;Trento
10;3410;38122;Trento
10;3410;38122;Trento
11;3410;38122;Trento
12;3410;38122;Trento
12;3410;38122;Trento
12;3410;38122;Trento
13;3410;38122;Trento
13;3410;38122;Trento
14;3410;38122;Cognola
14;3410;38122;Cognola
15;3410;38122;Trento
15;3410;38122;Trento
15;3410;38122;Trento
16;3410;38122;Cognola
17;3410;38122;Trento
17;3410;38122;Trento
18;3410;38122;Cognola
20;3410;38122;Cognola
20;3410;38122;Cognola
21;3410;38122;Trento
21;3410;38122;Trento
22;3410;38122;Cognola
23;3410;38122;Trento
24;3410;38122;Cognola
24;3410;38122;Cognola
25;3410;38122;Trento
25;3410;38122;Trento
26;3410;38122;Cognola
26;3410;38122;Cognola
27;3410;38122;Trento
28;3410;38122;Cognola
28;3410;38122;Cognola
29;3410;38122;Trento
29;3410;38122;Trento
30;3410;38122;Cognola
31;3410;38122;Trento
32;3410;38122;Cognola
33;3410;38122;Trento
33;3410;38122;Trento
33;3410;38122;Trento
33/1;3410;38122;Trento
34;3410;38122;Cognola
34;3410;38122;Cognola
35;3410;38122;Trento
36;3410;38122;Cognola
36;3410;38122;Cognola
37;3410;38122;Trento
38;3410;38122;Cognola
39;3410;38122;Trento
41;3410;38122;Trento
43;3410;38122;Trento
43;3410;38122;Trento
45;3410;38122;Trento
45;3410;38122;Trento
47;3410;38122;Trento
47/A;3410;38122;Trento
49;3410;38122;Trento
51;3410;38122;Trento
51;3410;38122;Trento
53;3410;38122;Trento
53;3410;38122;Trento
53;3410;38122;Trento
53;3410;38122;Trento
55;3410;38122;Trento
57;3410;38122;Trento
59;3410;38122;Trento
61;3410;38122;Trento
65;3410;38122;Cognola
67;3410;38122;Cognola
67;3410;38122;Cognola
67;3410;38122;Cognola
69;3410;38122;Cognola
69;3410;38122;Cognola
71;3410;38122;Cognola
71;3410;38122;Cognola
73;3410;38122;Cognola
75;3410;38122;Cognola
77;3410;38122;Cognola
79;3410;38122;Cognola
79;3410;38122;Cognola
81;3410;38122;Cognola
83;3410;38122;Cognola
85;3410;38122;Cognola
87;3410;38122;Cognola
89;3410;38122;Cognola
89;3410;38122;Cognola
91;3410;38122;Cognola
91;3410;38122;Cognola
91;3410;38122;Cognola
93;3410;38122;Cognola
97;3410;38122;Cognola
99;3410;38122;Cognola
103;3410;38122;Cognola
105;3410;38122;Cognola
105;3410;38122;Cognola
107;3410;38122;Cognola
107;3410;38122;Cognola
109;3410;38122;Cognola
109;3410;38122;Cognola
111;3410;38122;Cognola
111;3410;38122;Cognola
113;3410;38122;Cognola
113;3410;38122;Cognola
115;3410;38122;Cognola
115;3410;38122;Cognola
117;3410;38122;Cognola
117;3410;38122;Cognola
119;3410;38122;Cognola
121;3410;38122;Cognola
123;3410;38122;Cognola
125;3410;38122;Cognola
125;3410;38122;Cognola
125;3410;38122;Cognola
125;3410;38122;Cognola
125;3410;38122;Cognola
125;3410;38122;Cognola
125;3410;38122;Cognola
125/A;3410;38122;Cognola
127;3410;38122;Cognola
127;3410;38122;Cognola
127;3410;38122;Cognola
127;3410;38122;Cognola
127;3410;38122;Cognola
129;3410;38122;Cognola
131;3410;38122;Cognola
133;3410;38122;Cognola
135;3410;38122;Cognola
137;3410;38122;Cognola
137;3410;38122;Cognola
1;3420;38122;Trento
2;3420;38122;Trento
02-gen;3420;38122;Trento
02-feb;3420;38122;Trento
02-mar;3420;38122;Trento
3;3420;38122;Trento
4;3420;38122;Trento
5;3420;38122;Trento
6;3420;38122;Trento
7;3420;38122;Trento
8;3420;38122;Trento
9;3420;38122;Trento
10;3420;38122;Trento
11;3420;38122;Trento
12;3420;38122;Trento
13;3420;38122;Trento
14;3420;38122;Trento
15;3420;38122;Trento
16;3420;38122;Trento
17;3420;38122;Trento
17/A;3420;38122;Trento
18;3420;38122;Trento
19;3420;38122;Trento
20;3420;38122;Trento
22;3420;38122;Trento
24;3420;38122;Trento
1;3430;38122;Trento
2;3430;38122;Trento
3;3430;38122;Trento
4;3430;38122;Trento
5;3430;38122;Trento
6;3430;38122;Trento
7;3430;38122;Trento
8;3430;38122;Trento
9;3430;38122;Trento
10;3430;38122;Trento
12;3430;38122;Trento
14;3430;38122;Trento
5;3440;38122;Trento
6;3440;38122;Trento
6;3440;38122;Trento
6;3440;38122;Trento
7;3440;38122;Trento
7/A;3440;38122;Trento
8;3440;38122;Trento
9;3440;38122;Trento
9;3440;38122;Trento
9/A;3440;38122;Trento
10;3440;38122;Trento
10-gen;3440;38122;Trento
10-feb;3440;38122;Trento
10-mar;3440;38122;Trento
11;3440;38122;Trento
11/A;3440;38122;Trento
11/B;3440;38122;Trento
11/C;3440;38122;Trento
12;3440;38122;Trento
12;3440;38122;Trento
12/A;3440;38122;Trento
12/A;3440;38122;Trento
12/A;3440;38122;Trento
12/A;3440;38122;Trento
12/A;3440;38122;Trento
12/A;3440;38122;Trento
13;3440;38122;Trento
14;3440;38122;Trento
15;3440;38122;Trento
15/A;3440;38122;Trento
15/B;3440;38122;Trento
16;3440;38122;Trento
17;3440;38122;Trento
18;3440;38122;Trento
19;3440;38122;Trento
19;3440;38122;Trento
19;3440;38122;Trento
20;3440;38122;Trento
21;3440;38122;Trento
22;3440;38122;Trento
24;3440;38122;Trento
26;3440;38122;Trento
28;3440;38122;Trento
29;3440;38122;Trento
29;3440;38122;Trento
30;3440;38122;Trento
31;3440;38122;Trento
31-gen;3440;38122;Trento
31/2;3440;38122;Trento
31-mar;3440;38122;Trento
31/4;3440;38122;Trento
32;3440;38122;Trento
33;3440;38122;Trento
33;3440;38122;Trento
33;3440;38122;Trento
34;3440;38122;Trento
35;3440;38122;Trento
35;3440;38122;Trento
36;3440;38122;Trento
37;3440;38122;Trento
38;3440;38122;Trento
39;3440;38122;Trento
40;3440;38122;Trento
41;3440;38122;Trento
42;3440;38122;Trento
44;3440;38122;Trento
53;3440;38122;Trento
71;3440;38122;Trento
73;3440;38122;Trento
75;3440;38122;Trento
77;3440;38122;Trento
79;3440;38122;Trento
1;3450;38122;Trento
2;3450;38122;Trento
3;3450;38122;Trento
4;3450;38122;Trento
5;3450;38122;Trento
5;3450;38122;Trento
5;3450;38122;Trento
6;3450;38122;Trento
6/A;3450;38122;Trento
6/A;3450;38122;Trento
7;3450;38122;Trento
8;3450;38122;Trento
8;3450;38122;Trento
9;3450;38122;Trento
9;3450;38122;Trento
9;3450;38122;Trento
10;3450;38122;Trento
10;3450;38122;Trento
11;3450;38122;Trento
11;3450;38122;Trento
12;3450;38122;Trento
12;3450;38122;Trento
12;3450;38122;Trento
13;3450;38122;Trento
14;3450;38122;Trento
16;3450;38122;Trento
17;3450;38122;Trento
18;3450;38122;Trento
19;3450;38122;Trento
20;3450;38122;Trento
21;3450;38122;Trento
22;3450;38122;Trento
23;3450;38122;Trento
24;3450;38122;Trento
25;3450;38122;Trento
26;3450;38122;Trento
27;3450;38122;Trento
28;3450;38122;Trento
29;3450;38122;Trento
30;3450;38122;Trento
31;3450;38122;Trento
31-gen;3450;38122;Trento
31/2;3450;38122;Trento
32;3450;38122;Trento
33;3450;38122;Trento
34;3450;38122;Trento
35;3450;38122;Trento
35/1;3450;38122;Trento
35/2;3450;38122;Trento
35/3;3450;38122;Trento
36;3450;38122;Trento
37;3450;38122;Trento
38;3450;38122;Trento
39;3450;38122;Trento
40;3450;38122;Trento
41;3450;38122;Trento
42;3450;38122;Trento
43;3450;38122;Trento
44;3450;38122;Trento
45;3450;38122;Trento
46;3450;38122;Trento
47;3450;38122;Trento
48;3450;38122;Trento
48;3450;38122;Trento
49;3450;38122;Trento
50;3450;38122;Trento
51;3450;38122;Trento
52;3450;38122;Trento
53;3450;38122;Trento
54;3450;38122;Trento
55;3450;38122;Trento
56;3450;38122;Trento
56;3450;38122;Trento
57;3450;38122;Trento
58;3450;38122;Trento
58;3450;38122;Trento
59;3450;38122;Trento
60;3450;38122;Trento
60;3450;38122;Trento
61;3450;38122;Trento
62;3450;38122;Trento
62;3450;38122;Trento
63;3450;38122;Trento
64;3450;38122;Trento
64;3450;38122;Trento
65;3450;38122;Trento
66;3450;38123;Trento
66;3450;38123;Trento
67;3450;38122;Trento
68;3450;38123;Trento
68;3450;38123;Trento
69;3450;38122;Trento
71;3450;38122;Trento
72;3450;38123;Trento
73;3450;38122;Trento
74;3450;38123;Trento
75;3450;38122;Trento
76;3450;38123;Trento
77;3450;38122;Trento
77;3450;38122;Trento
78;3450;38123;Trento
80;3450;38123;Trento
81;3450;38123;Trento
81;3450;38123;Trento
82;3450;38123;Trento
83;3450;38123;Trento
84;3450;38123;Trento
84/1;3450;38123;Trento
85;3450;38123;Trento
86;3450;38123;Trento
87;3450;38123;Trento
88;3450;38123;Trento
89;3450;38123;Trento
90;3450;38123;Trento
91;3450;38123;Trento
92;3450;38123;Trento
92;3450;38123;Trento
93;3450;38123;Trento
93;3450;38123;Trento
93;3450;38123;Trento
94;3450;38123;Trento
94;3450;38123;Trento
95;3450;38123;Trento
95;3450;38123;Trento
95;3450;38123;Trento
18;5260;38121;Gardolo
96;3450;38123;Trento
97;3450;38123;Trento
97;3450;38123;Trento
97;3450;38123;Trento
98;3450;38123;Trento
99;3450;38123;Trento
99;3450;38123;Trento
100;3450;38123;Trento
100;3450;38123;Trento
101;3450;38123;Trento
102;3450;38123;Trento
102;3450;38123;Trento
102/A;3450;38123;Trento
102/A;3450;38123;Trento
103;3450;38123;Trento
104;3450;38123;Trento
105;3450;38123;Trento
106;3450;38123;Trento
106;3450;38123;Trento
107;3450;38123;Trento
108;3450;38123;Trento
109;3450;38123;Trento
110;3450;38123;Trento
110/1;3450;38123;Trento
110/1;3450;38123;Trento
110/2;3450;38123;Trento
110/2;3450;38123;Trento
111;3450;38123;Trento
111;3450;38123;Trento
112;3450;38123;Trento
113;3450;38123;Trento
114;3450;38123;Trento
114/B;3450;38123;Trento
115;3450;38123;Trento
115/A;3450;38123;Trento
115/B;3450;38123;Trento
116;3450;38123;Trento
116;3450;38123;Trento
116;3450;38123;Trento
117;3450;38123;Trento
117;3450;38123;Trento
118;3450;38123;Trento
118;3450;38123;Trento
118/A;3450;38123;Trento
118/B;3450;38123;Trento
119;3450;38123;Trento
121;3450;38123;Trento
122;3450;38123;Trento
122;3450;38123;Trento
122;3450;38123;Trento
123;3450;38123;Trento
124;3450;38123;Trento
124;3450;38123;Trento
125;3450;38123;Trento
126;3450;38123;Trento
127;3450;38123;Trento
128;3450;38123;Trento
128;3450;38123;Trento
128;3450;38123;Trento
128/A;3450;38123;Trento
129;3450;38123;Trento
130;3450;38123;Trento
130;3450;38123;Trento
131;3450;38123;Trento
132;3450;38123;Trento
133;3450;38123;Trento
134;3450;38123;Trento
135;3450;38123;Trento
136;3450;38123;Trento
137;3450;38123;Trento
138;3450;38123;Trento
139;3450;38123;Trento
140;3450;38123;Trento
140;3450;38123;Trento
141;3450;38123;Trento
142;3450;38123;Trento
143;3450;38123;Trento
143;3450;38123;Trento
144;3450;38123;Trento
153;3450;38123;Trento
155;3450;38123;Trento
155;3450;38123;Trento
155;3450;38123;Trento
155;3450;38123;Trento
156;3450;38123;Trento
156;3450;38123;Trento
156;3450;38123;Trento
156;3450;38123;Trento
156;3450;38123;Trento
157;3450;38123;Trento
157;3450;38123;Trento
157;3450;38123;Trento
157;3450;38123;Trento
157;3450;38123;Trento
159;3450;38123;Trento
165;3450;38123;Trento
165;3450;38123;Trento
165;3450;38123;Trento
165;3450;38123;Trento
167;3450;38123;Trento
167/1;3450;38123;Trento
167/2;3450;38123;Trento
167/2;3450;38123;Trento
167/2;3450;38123;Trento
167/3;3450;38123;Trento
169;3450;38123;Trento
169;3450;38123;Trento
171;3450;38123;Trento
171;3450;38123;Trento
173;3450;38123;Trento
175;3450;38123;Trento
175;3450;38123;Trento
176;3450;38123;Trento
182;3450;38123;Trento
184;3450;38123;Trento
184;3450;38123;Trento
184;3450;38123;Trento
184;3450;38123;Trento
186;3450;38123;Trento
187;3450;38123;Trento
190;3450;38123;Trento
196;3450;38123;Trento
200;3450;38123;Trento
200;3450;38123;Trento
200;3450;38123;Trento
200;3450;38123;Trento
200;3450;38123;Trento
200;3450;38123;Trento
210;3450;38123;Trento
212;3450;38123;Trento
212;3450;38123;Trento
1;3460;38122;Trento
1;3460;38122;Trento
2;3460;38122;Trento
3;3460;38122;Trento
4;3460;38122;Trento
4;3460;38122;Trento
5;3460;38122;Trento
6;3460;38122;Trento
7;3460;38122;Trento
8;3460;38122;Trento
9;3460;38122;Trento
10;3460;38122;Trento
11;3460;38122;Trento
12;3460;38122;Trento
13;3460;38122;Trento
14;3460;38122;Trento
15;3460;38122;Trento
16;3460;38122;Trento
17;3460;38122;Trento
18;3460;38122;Trento
19;3460;38122;Trento
20;3460;38122;Trento
20;3460;38122;Trento
20;3460;38122;Trento
20;3460;38122;Trento
20;3460;38122;Trento
20;3460;38122;Trento
20;3460;38122;Trento
20;3460;38122;Trento
20;3460;38122;Trento
21;3460;38122;Trento
23;3460;38122;Trento
23;3460;38122;Trento
24;3460;38122;Trento
25;3460;38122;Trento
26;3460;38122;Trento
28;3460;38122;Trento
28;3460;38122;Trento
28;3460;38122;Trento
2;3470;38122;Trento
3;3470;38122;Trento
4;3470;38122;Trento
5;3470;38122;Trento
6;3470;38122;Trento
7;3470;38122;Trento
8;3470;38122;Trento
9;3470;38122;Trento
10;3470;38122;Trento
11;3470;38122;Trento
11;3470;38122;Trento
12;3470;38122;Trento
13;3470;38122;Trento
14;3470;38122;Trento
15;3470;38122;Trento
16;3470;38122;Trento
17;3470;38122;Trento
18;3470;38122;Trento
19;3470;38122;Trento
20;3470;38122;Trento
21;3470;38122;Trento
22;3470;38122;Trento
23;3470;38122;Trento
24;3470;38122;Trento
25;3470;38122;Trento
26;3470;38122;Trento
1;3480;38122;Trento
1;3480;38122;Trento
2;3480;38122;Trento
3;3480;38122;Trento
03-gen;3480;38122;Trento
4;3480;38122;Trento
5;3480;38122;Trento
5;3480;38122;Trento
6;3480;38122;Trento
7;3480;38122;Trento
7;3480;38122;Trento
7/A;3480;38122;Trento
7/A;3480;38122;Trento
7/A;3480;38122;Trento
8;3480;38122;Trento
8;3480;38122;Trento
9;3480;38122;Trento
9;3480;38122;Trento
9;3480;38122;Trento
10;3480;38122;Trento
10;3480;38122;Trento
11;3480;38122;Trento
11;3480;38122;Trento
12;3480;38122;Trento
12;3480;38122;Trento
13;3480;38122;Trento
13;3480;38122;Trento
14;3480;38122;Trento
14;3480;38122;Trento
16;3480;38122;Trento
16;3480;38122;Trento
18;3480;38122;Trento
18;3480;38122;Trento
20;3480;38122;Trento
22;3480;38122;Trento
22;3480;38122;Trento
22;3480;38122;Trento
22;3480;38122;Trento
22-gen;3480;38122;Trento
22-gen;3480;38122;Trento
22-gen;3480;38122;Trento
22-gen;3480;38122;Trento
24;3480;38122;Trento
24;3480;38122;Trento
25;3480;38122;Trento
25;3480;38122;Trento
25/A;3480;38122;Trento
27;3480;38122;Trento
27;3480;38122;Trento
32;3480;38122;Trento
32/A;3480;38122;Trento
1;3490;38122;Trento
3;3490;38122;Trento
4;3490;38122;Trento
5;3490;38122;Trento
6;3490;38122;Trento
7;3490;38122;Trento
8;3490;38122;Trento
9;3490;38122;Trento
1;3500;38122;Trento
2;3500;38122;Trento
3;3500;38122;Trento
4;3500;38122;Trento
5;3500;38122;Trento
6;3500;38122;Trento
7;3500;38122;Trento
8;3500;38122;Trento
10;3500;38122;Trento
10;3500;38122;Trento
12;3500;38122;Trento
14;3500;38122;Trento
14-gen;3500;38122;Trento
14-gen;3500;38122;Trento
14-gen;3500;38122;Trento
16;3500;38122;Trento
2;3501;38121;Trento
2;3501;38121;Trento
3;3501;38121;Trento
3;3501;38121;Trento
4;3501;38121;Trento
4;3501;38121;Trento
5;3501;38121;Trento
5;3501;38121;Trento
6;3501;38121;Trento
6;3501;38121;Trento
7;3501;38121;Trento
8;3501;38121;Trento
8;3501;38121;Trento
8;3501;38121;Trento
9;3501;38121;Trento
11;3501;38121;Trento
12;3501;38121;Trento
13;3501;38121;Trento
15;3501;38121;Trento
15;3501;38121;Trento
16;3501;38121;Trento
17;3501;38121;Trento
17;3501;38121;Trento
17;3501;38121;Trento
18;3501;38121;Trento
19;3501;38121;Trento
19;3501;38121;Trento
20;3501;38121;Trento
24;3501;38121;Trento
25;3501;38121;Gardolo
25;3501;38121;Gardolo
25;3501;38121;Gardolo
28;3501;38121;Trento
30;3501;38121;Trento
32;3501;38121;Trento
38;3501;38121;Trento
40;3501;38121;Trento
42;3501;38121;Trento
44;3501;38121;Trento
46;3501;38121;Trento
52;3501;38121;Gardolo
52;3501;38121;Gardolo
56;3501;38121;Gardolo
56;3501;38121;Gardolo
58;3501;38121;Gardolo
58;3501;38121;Gardolo
60;3501;38121;Gardolo
60;3501;38121;Gardolo
62;3501;38121;Gardolo
62;3501;38121;Gardolo
64;3501;38121;Gardolo
64;3501;38121;Gardolo
64;3501;38121;Gardolo
66;3501;38121;Gardolo
66;3501;38121;Gardolo
70;3501;38121;Gardolo
70;3501;38121;Gardolo
70;3501;38121;Gardolo
70;3501;38121;Gardolo
70;3501;38121;Gardolo
72;3501;38121;Gardolo
72;3501;38121;Gardolo
72/A;3501;38121;Gardolo
72/A;3501;38121;Gardolo
74;3501;38121;Gardolo
74;3501;38121;Gardolo
74;3501;38121;Gardolo
74;3501;38121;Gardolo
76;3501;38121;Gardolo
78;3501;38121;Gardolo
78;3501;38121;Gardolo
80;3501;38121;Gardolo
80;3501;38121;Gardolo
80;3501;38121;Gardolo
82;3501;38121;Gardolo
82;3501;38121;Gardolo
84;3501;38121;Gardolo
84;3501;38121;Gardolo
86;3501;38121;Gardolo
88;3501;38121;Gardolo
90;3501;38121;Gardolo
92;3501;38121;Gardolo
1;3502;38122;Trento
2;3502;38122;Trento
3;3502;38122;Trento
3/A;3502;38122;Trento
4;3502;38122;Trento
04-gen;3502;38122;Trento
04-gen;3502;38122;Trento
04-gen;3502;38122;Trento
4/A;3502;38122;Trento
4/A;3502;38122;Trento
5;3502;38122;Trento
6;3502;38122;Trento
8;3502;38122;Trento
8;3502;38122;Trento
9;3502;38122;Trento
10;3502;38122;Trento
11;3502;38122;Trento
11;3502;38122;Trento
14;3502;38122;Trento
16;3502;38122;Trento
18;3502;38122;Trento
19;3502;38122;Trento
19;3502;38122;Trento
20;3502;38122;Trento
20/A;3502;38122;Trento
21;3502;38122;Trento
22;3502;38122;Trento
22;3502;38122;Trento
23;3502;38122;Trento
24;3502;38122;Trento
25;3502;38122;Trento
26;3502;38122;Trento
26/A;3502;38122;Trento
27;3502;38122;Trento
27;3502;38122;Trento
27-gen;3502;38122;Trento
28;3502;38122;Trento
28;3502;38122;Trento
29;3502;38122;Trento
29;3502;38122;Trento
30;3502;38122;Trento
31;3502;38122;Trento
32;3502;38122;Trento
34;3502;38122;Trento
34;3502;38122;Trento
35;3502;38122;Trento
35;3502;38122;Trento
36/A;3502;38122;Trento
36/A;3502;38122;Trento
36/A;3502;38122;Trento
36/A;3502;38122;Trento
36/B;3502;38122;Trento
36/B;3502;38122;Trento
36/C;3502;38122;Trento
36/C;3502;38122;Trento
36/C;3502;38122;Trento
37;3502;38122;Trento
37;3502;38122;Trento
37/1;3502;38122;Trento
37/1;3502;38122;Trento
39;3502;38122;Trento
39;3502;38122;Trento
40;3502;38122;Trento
40;3502;38122;Trento
40;3502;38122;Trento
41;3502;38122;Trento
41;3502;38122;Trento
41/1;3502;38122;Trento
41/1;3502;38122;Trento
41/2;3502;38122;Trento
41/2;3502;38122;Trento
41/2;3502;38122;Trento
41/2;3502;38122;Trento
42;3502;38122;Trento
42;3502;38122;Trento
43;3502;38122;Trento
43;3502;38122;Trento
43/1;3502;38122;Trento
43/1;3502;38122;Trento
43/2;3502;38122;Trento
43/3;3502;38122;Trento
43/4;3502;38122;Trento
43/5;3502;38122;Trento
43/6;3502;38122;Trento
43/7;3502;38122;Trento
43/8;3502;38122;Trento
43/9;3502;38122;Trento
45;3502;38122;Trento
46;3502;38122;Trento
46;3502;38122;Trento
46;3502;38122;Trento
47;3502;38122;Trento
47;3502;38122;Trento
47;3502;38122;Trento
49;3502;38122;Trento
49;3502;38122;Trento
50;3502;38122;Trento
50;3502;38122;Trento
51;3502;38122;Trento
56;3502;38122;Cognola
56;3502;38122;Cognola
56;3502;38122;Cognola
58;3502;38122;Cognola
58;3502;38122;Cognola
58;3502;38122;Cognola
59;3502;38122;Cognola
59;3502;38122;Cognola
60;3502;38122;Cognola
60;3502;38122;Cognola
61;3502;38122;Cognola
61;3502;38122;Cognola
63;3502;38122;Cognola
63;3502;38122;Cognola
64;3502;38122;Cognola
65;3502;38122;Cognola
65;3502;38122;Cognola
66;3502;38122;Cognola
67;3502;38122;Cognola
67;3502;38122;Cognola
68;3502;38122;Cognola
69;3502;38122;Cognola
69;3502;38122;Cognola
69;3502;38122;Cognola
69;3502;38122;Cognola
69;3502;38122;Cognola
69;3502;38122;Cognola
69;3502;38122;Cognola
69;3502;38122;Cognola
69;3502;38122;Cognola
69;3502;38122;Cognola
69;3502;38122;Cognola
69;3502;38122;Cognola
69;3502;38122;Cognola
69;3502;38122;Cognola
69;3502;38122;Cognola
69;3502;38122;Cognola
69;3502;38122;Cognola
69;3502;38122;Cognola
69;3502;38122;Cognola
70;3502;38122;Cognola
71;3502;38122;Cognola
71;3502;38122;Cognola
72;3502;38122;Cognola
72/A;3502;38122;Cognola
72/B;3502;38122;Cognola
73;3502;38122;Cognola
73;3502;38122;Cognola
73;3502;38122;Cognola
74;3502;38122;Cognola
75;3502;38122;Cognola
76;3502;38122;Cognola
78;3502;38122;Cognola
79;3502;38122;Cognola
82;3502;38122;Cognola
82;3502;38122;Cognola
82;3502;38122;Cognola
82;3502;38122;Cognola
82;3502;38122;Cognola
84;3502;38122;Cognola
84;3502;38122;Cognola
86;3502;38122;Cognola
86;3502;38122;Cognola
1;3503;38123;Povo
1;3503;38123;Povo
1;3503;38123;Povo
2;3503;38123;Povo
2;3503;38123;Povo
4;3503;38123;Povo
4;3503;38123;Povo
6;3503;38123;Povo
6;3503;38123;Povo
8;3503;38123;Povo
8;3503;38123;Povo
9;3503;38123;Povo
10;3503;38123;Povo
10;3503;38123;Povo
11;3503;38123;Povo
11;3503;38123;Povo
11;3503;38123;Povo
12;3503;38123;Povo
12;3503;38123;Povo
13;3503;38123;Povo
13;3503;38123;Povo
13;3503;38123;Povo
14;3503;38123;Povo
14;3503;38123;Povo
14;3503;38123;Povo
15;3503;38123;Povo
15;3503;38123;Povo
16;3503;38123;Povo
16;3503;38123;Povo
17;3503;38123;Trento
17;3503;38123;Trento
18;3503;38123;Povo
18;3503;38123;Povo
19;3503;38123;Trento
19;3503;38123;Trento
20;3503;38123;Povo
20;3503;38123;Povo
21;3503;38123;Povo
21;3503;38123;Povo
25;3503;38123;Povo
26;3503;38123;Povo
26;3503;38123;Povo
27;3503;38123;Trento
29;3503;38123;Povo
29;3503;38123;Povo
29/A;3503;38123;Povo
29/A;3503;38123;Povo
31;3503;38123;Trento
31;3503;38123;Trento
31;3503;38123;Trento
32;3503;38123;Povo
32;3503;38123;Povo
33;3503;38123;Trento
34;3503;38123;Povo
34;3503;38123;Povo
35;3503;38123;Trento
36;3503;38123;Povo
36;3503;38123;Povo
37;3503;38123;Trento
37;3503;38123;Trento
38;3503;38123;Povo
38;3503;38123;Povo
39;3503;38123;Trento
39;3503;38123;Trento
40;3503;38123;Povo
41;3503;38123;Trento
41;3503;38123;Trento
42;3503;38123;Povo
43;3503;38123;Trento
43;3503;38123;Trento
44;3503;38123;Povo
45;3503;38123;Trento
45;3503;38123;Trento
46;3503;38123;Povo
47;3503;38123;Trento
47;3503;38123;Trento
48;3503;38123;Povo
49;3503;38123;Trento
49;3503;38123;Trento
50;3503;38123;Povo
53;3503;38123;Trento
53;3503;38123;Trento
55;3503;38123;Trento
57;3503;38123;Trento
61;3503;38123;Trento
63;3503;38123;Trento
65;3503;38123;Trento
67;3503;38123;Trento
67;3503;38123;Trento
69;3503;38123;Trento
71;3503;38123;Trento
71;3503;38123;Trento
73;3503;38123;Trento
75;3503;38123;Trento
75;3503;38123;Trento
77;3503;38123;Trento
77/A;3503;38122;Trento
77/A;3503;38122;Trento
77/A;3503;38122;Trento
77/B;3503;38122;Trento
77/B;3503;38122;Trento
79;3503;38123;Povo
79;3503;38123;Povo
1;3504;38121;Trento
1;3504;38121;Trento
2;3504;38121;Cognola
2;3504;38121;Cognola
2;3504;38121;Cognola
3;3504;38121;Trento
3;3504;38121;Trento
3;3504;38121;Trento
4;3504;38121;Cognola
6;3504;38121;Cognola
6;3504;38121;Cognola
6;3504;38121;Cognola
6;3504;38121;Cognola
6;3504;38121;Cognola
7;3504;38121;Trento
7;3504;38121;Trento
7;3504;38121;Trento
9;3504;38121;Trento
9;3504;38121;Trento
9;3504;38121;Trento
9;3504;38121;Trento
9;3504;38121;Trento
9;3504;38121;Trento
10;3504;38121;Cognola
10;3504;38121;Cognola
11;3504;38121;Trento
11;3504;38121;Trento
12;3504;38121;Cognola
12;3504;38121;Cognola
13;3504;38121;Trento
13-gen;3504;38121;Trento
13-gen;3504;38121;Trento
13-gen;3504;38121;Trento
13-gen;3504;38121;Trento
13-feb;3504;38121;Trento
13-mar;3504;38121;Trento
13-apr;3504;38121;Trento
14;3504;38121;Cognola
14;3504;38121;Cognola
16;3504;38121;Cognola
16;3504;38121;Cognola
17;3504;38121;Trento
17;3504;38121;Trento
18;3504;38121;Cognola
18;3504;38121;Cognola
19;3504;38121;Cognola
19;3504;38121;Cognola
21;3504;38121;Cognola
1;3505;38121;Cognola
1;3505;38121;Cognola
1;3505;38121;Cognola
2;3505;38121;Trento
2;3505;38121;Trento
4;3505;38121;Trento
4;3505;38121;Trento
6;3505;38121;Trento
7;3505;38121;Cognola
7;3505;38121;Cognola
8;3505;38121;Trento
8;3505;38121;Trento
8;3505;38121;Trento
8/A;3505;38121;Trento
8/A;3505;38121;Trento
8/A;3505;38121;Trento
10;3505;38121;Trento
10;3505;38121;Trento
2;5675;38121;Gardolo
12;3505;38121;Trento
15;3505;38121;Cognola
15;3505;38121;Cognola
15;3505;38121;Cognola
16;3505;38121;Trento
16;3505;38121;Trento
18;3505;38121;Trento
19;3505;38121;Cognola
20;3505;38121;Trento
20;3505;38121;Trento
20;3505;38121;Trento
21;3505;38121;Cognola
23;3505;38121;Cognola
23;3505;38121;Cognola
24;3505;38121;Trento
24;3505;38121;Trento
25;3505;38121;Cognola
25;3505;38121;Cognola
25/A;3505;38121;Cognola
26;3505;38121;Trento
26;3505;38121;Trento
27;3505;38121;Cognola
27;3505;38121;Cognola
28;3505;38121;Trento
28;3505;38121;Trento
2;3506;38121;Trento
2;3506;38121;Trento
2;3506;38121;Trento
3;3506;38121;Gardolo
5;3506;38121;Gardolo
7;3506;38121;Gardolo
8;3506;38121;Trento
10;3506;38121;Trento
10/A;3506;38121;Trento
10/B;3506;38121;Trento
16;3506;38121;Trento
16;3506;38121;Trento
16;3506;38121;Trento
16;3506;38121;Trento
22;3506;38121;Trento
24;3506;38121;Trento
26;3506;38121;Trento
28;3506;38121;Trento
28;3506;38121;Trento
28;3506;38121;Trento
30;3506;38121;Trento
32;3506;38121;Trento
34;3506;38121;Trento
36;3506;38121;Trento
38;3506;38121;Trento
4;3507;38121;Trento
5;3507;38121;Gardolo
5;3507;38121;Gardolo
5;3507;38121;Gardolo
5;3507;38121;Gardolo
6;3507;38121;Trento
7;3507;38121;Gardolo
7;3507;38121;Gardolo
8;3507;38121;Trento
9;3507;38121;Gardolo
9;3507;38121;Gardolo
10;3507;38121;Trento
12;3507;38121;Trento
20;3507;38121;Trento
22;3507;38121;Trento
24;3507;38121;Trento
26;3507;38121;Trento
28;3507;38121;Trento
30;3507;38121;Trento
32;3507;38121;Trento
34;3507;38121;Trento
36;3507;38121;Trento
40;3507;38121;Trento
42;3507;38121;Trento
42;3507;38121;Trento
50;3507;38121;Trento
52;3507;38121;Trento
54;3507;38121;Trento
56;3507;38121;Trento
58;3507;38121;Trento
60;3507;38121;Trento
62;3507;38121;Trento
64;3507;38121;Trento
66;3507;38121;Trento
68;3507;38121;Trento
70;3507;38121;Trento
72;3507;38121;Trento
74;3507;38121;Trento
76;3507;38121;Trento
78;3507;38121;Trento
80;3507;38121;Trento
82;3507;38121;Trento
84;3507;38121;Trento
86;3507;38121;Trento
88;3507;38121;Trento
90;3507;38121;Trento
92;3507;38121;Trento
94;3507;38121;Trento
96;3507;38121;Trento
98;3507;38121;Trento
100;3507;38121;Trento
102;3507;38121;Trento
104;3507;38121;Trento
106;3507;38121;Trento
2;3508;38121;Trento
3;3508;38121;Gardolo
4;3508;38121;Trento
4;3508;38121;Trento
7;3508;38121;Gardolo
7;3508;38121;Gardolo
8;3508;38121;Trento
11;3508;38121;Gardolo
15;3508;38121;Gardolo
19;3508;38121;Gardolo
19;3508;38121;Gardolo
2;3509;38121;Gardolo
2;3509;38121;Gardolo
3;3509;38121;Gardolo
3;3509;38121;Gardolo
3/A;3509;38121;Gardolo
3/A;3509;38121;Gardolo
4;3509;38121;Gardolo
4;3509;38121;Gardolo
4/A;3509;38121;Gardolo
4/A;3509;38121;Gardolo
5;3509;38121;Gardolo
5;3509;38121;Gardolo
5;3509;38121;Gardolo
6;3509;38121;Gardolo
7;3509;38121;Gardolo
7;3509;38121;Gardolo
9;3509;38121;Gardolo
9;3509;38121;Gardolo
9;3509;38121;Gardolo
10;3509;38121;Gardolo
10;3509;38121;Gardolo
10;3509;38121;Gardolo
10;3509;38121;Gardolo
12;3509;38121;Gardolo
12;3509;38121;Gardolo
12;3509;38121;Gardolo
14;3509;38121;Gardolo
14;3509;38121;Gardolo
14;3509;38121;Gardolo
18;3509;38121;Gardolo
18;3509;38121;Gardolo
21;3509;38121;Trento
21;3509;38121;Trento
22;3509;38121;Gardolo
22;3509;38121;Gardolo
22;3509;38121;Gardolo
23;3509;38121;Trento
23;3509;38121;Trento
24;3509;38121;Gardolo
25;3509;38121;Trento
25;3509;38121;Trento
26;3509;38121;Gardolo
26;3509;38121;Gardolo
27;3509;38121;Trento
27;3509;38121;Trento
27;3509;38121;Trento
28;3509;38121;Gardolo
28;3509;38121;Gardolo
28;3509;38121;Gardolo
29;3509;38121;Trento
29;3509;38121;Trento
35;3509;38121;Trento
35;3509;38121;Trento
40;3509;38121;Trento
40;3509;38121;Trento
50;3509;38121;Trento
50;3509;38121;Trento
50;3509;38121;Trento
52;3509;38121;Trento
56;3509;38121;Trento
60;3509;38121;Trento
62;3509;38121;Trento
70;3509;38121;Trento
70;3509;38121;Trento
70;3509;38121;Trento
70;3509;38121;Trento
74;3509;38121;Trento
2;3510;38122;Trento
2;3510;38122;Trento
2;3510;38122;Trento
4;3510;38122;Trento
4/A;3510;38122;Trento
4/B;3510;38122;Trento
4/C;3510;38122;Trento
4/D;3510;38122;Trento
6;3510;38122;Trento
6;3510;38122;Trento
7;3510;38122;Trento
8;3510;38122;Trento
8;3510;38122;Trento
8;3510;38122;Trento
9;3510;38122;Trento
10;3510;38122;Trento
10;3510;38122;Trento
10;3510;38122;Trento
10-gen;3510;38122;Trento
11;3510;38122;Trento
12;3510;38122;Trento
12;3510;38122;Trento
13;3510;38122;Trento
14;3510;38122;Trento
14;3510;38122;Trento
15;3510;38122;Trento
17;3510;38122;Trento
18;3510;38122;Trento
19;3510;38122;Trento
20;3510;38122;Trento
21;3510;38122;Trento
22;3510;38122;Trento
23;3510;38122;Trento
24;3510;38122;Trento
25;3510;38122;Trento
26;3510;38122;Trento
26/A;3510;38122;Trento
26/B;3510;38122;Trento
27;3510;38122;Trento
28;3510;38122;Trento
29;3510;38122;Trento
30;3510;38122;Trento
31;3510;38122;Trento
32;3510;38122;Trento
33;3510;38122;Trento
34;3510;38122;Trento
36;3510;38122;Trento
38;3510;38122;Trento
39;3510;38122;Trento
43;3510;38122;Trento
43;3510;38122;Trento
43;3510;38122;Trento
43;3510;38122;Trento
43;3510;38122;Trento
43;3510;38122;Trento
44;3510;38122;Trento
46;3510;38122;Trento
48;3510;38122;Trento
50;3510;38122;Trento
59;3510;38122;Trento
59;3510;38122;Trento
61;3510;38122;Trento
61;3510;38122;Trento
63;3510;38122;Trento
63;3510;38122;Trento
63/1;3510;38122;Trento
64;3510;38122;Trento
65;3510;38122;Trento
66;3510;38122;Trento
67;3510;38122;Trento
68;3510;38122;Trento
69;3510;38122;Trento
70;3510;38122;Trento
71;3510;38122;Trento
72;3510;38122;Trento
73;3510;38122;Trento
74;3510;38122;Trento
75;3510;38122;Trento
77;3510;38122;Trento
79;3510;38122;Trento
80;3510;38122;Trento
80;3510;38122;Trento
80;3510;38122;Trento
81;3510;38122;Trento
84;3510;38122;Trento
84;3510;38122;Trento
84;3510;38122;Trento
86;3510;38122;Trento
86;3510;38122;Trento
88;3510;38122;Trento
90;3510;38122;Trento
92;3510;38122;Trento
94;3510;38122;Trento
96;3510;38122;Trento
98;3510;38122;Trento
100;3510;38122;Trento
102;3510;38122;Trento
104;3510;38122;Trento
114;3510;38122;Trento
114;3510;38122;Trento
116;3510;38122;Trento
116/A;3510;38122;Trento
116/B;3510;38122;Trento
116/C;3510;38122;Trento
118;3510;38122;Trento
120;3510;38122;Trento
120;3510;38122;Trento
120;3510;38122;Trento
122;3510;38122;Trento
122;3510;38122;Trento
124;3510;38122;Trento
124;3510;38122;Trento
126;3510;38122;Trento
126;3510;38122;Trento
128;3510;38122;Trento
128;3510;38122;Trento
130;3510;38122;Trento
132;3510;38122;Trento
134;3510;38122;Trento
136;3510;38122;Trento
138;3510;38122;Trento
140;3510;38122;Trento
142;3510;38122;Trento
144;3510;38122;Trento
144;3510;38122;Trento
146;3510;38122;Trento
146;3510;38122;Trento
146/A;3510;38122;Trento
148;3510;38122;Trento
150;3510;38122;Trento
152;3510;38122;Trento
154;3510;38122;Trento
156;3510;38122;Trento
158;3510;38122;Trento
160;3510;38122;Trento
162;3510;38122;Trento
164;3510;38122;Trento
166;3510;38122;Trento
168;3510;38122;Trento
170;3510;38122;Trento
2;3511;38121;Trento
2;3511;38121;Trento
2;3511;38121;Trento
3;3511;38121;Trento
3;3511;38121;Trento
5;3511;38121;Trento
5;3511;38121;Trento
1;3520;38122;Trento
2;3520;38122;Trento
3;3520;38122;Trento
4;3520;38122;Trento
5;3520;38122;Trento
5;3520;38122;Trento
5;3520;38122;Trento
5;3520;38122;Trento
5;3520;38122;Trento
6;3520;38122;Trento
7;3520;38122;Trento
8;3520;38122;Trento
9;3520;38122;Trento
10;3520;38122;Trento
11;3520;38122;Trento
13;3520;38122;Trento
14;3520;38122;Trento
15;3520;38122;Trento
16;3520;38122;Trento
17;3520;38122;Trento
17;3520;38122;Trento
18;3520;38122;Trento
20;3520;38122;Trento
21;3520;38122;Trento
21-gen;3520;38122;Trento
23;3520;38122;Trento
23;3520;38122;Trento
23;3520;38122;Trento
23;3520;38122;Trento
24;3520;38122;Trento
25;3520;38122;Trento
27;3520;38122;Trento
28;3520;38122;Trento
32;3520;38122;Trento
36;3520;38122;Trento
40;3520;38122;Trento
46;3520;38122;Trento
50;3520;38122;Trento
52;3520;38122;Trento
54;3520;38122;Trento
58;3520;38122;Trento
62;3520;38122;Trento
64;3520;38122;Trento
66;3520;38122;Trento
68;3520;38122;Trento
70;3520;38122;Trento
72;3520;38122;Trento
74;3520;38122;Trento
2;3525;38123;Trento
4;3525;38123;Trento
6;3525;38123;Trento
8;3525;38123;Trento
10;3525;38123;Trento
10-gen;3525;38123;Trento
12;3525;38123;Trento
14;3525;38123;Trento
16;3525;38123;Trento
18;3525;38123;Trento
20;3525;38123;Trento
22;3525;38123;Trento
24;3525;38123;Trento
26;3525;38123;Trento
28;3525;38123;Trento
30;3525;38123;Trento
32;3525;38123;Trento
34;3525;38123;Trento
36;3525;38123;Trento
38;3525;38123;Trento
40;3525;38123;Trento
42;3525;38123;Trento
44;3525;38123;Trento
46;3525;38123;Trento
48;3525;38123;Trento
50;3525;38123;Trento
50/A;3525;38123;Trento
52;3525;38123;Trento
54;3525;38123;Trento
56;3525;38123;Trento
58;3525;38123;Trento
60;3525;38123;Trento
62;3525;38123;Trento
64;3525;38123;Trento
66;3525;38123;Trento
68;3525;38123;Trento
70;3525;38123;Trento
72;3525;38123;Trento
74;3525;38123;Trento
76;3525;38123;Trento
78;3525;38123;Trento
80;3525;38123;Trento
82;3525;38123;Trento
84;3525;38123;Trento
86;3525;38123;Trento
86;3525;38123;Trento
88;3525;38123;Trento
90;3525;38123;Trento
92;3525;38123;Trento
94;3525;38123;Trento
96;3525;38123;Trento
98;3525;38123;Trento
100;3525;38123;Trento
104;3525;38123;Trento
106;3525;38123;Trento
108;3525;38123;Trento
110;3525;38123;Trento
2;3530;38122;Trento
2;3530;38122;Trento
2/A;3530;38122;Trento
3;3530;38122;Trento
3;3530;38122;Trento
4;3530;38122;Trento
4;3530;38122;Trento
4;3530;38122;Trento
5;3530;38122;Trento
6;3530;38122;Trento
1;3535;38121;Trento
3;3535;38121;Trento
4;3535;38121;Trento
6;3535;38121;Trento
8;3535;38121;Trento
10;3535;38121;Trento
11;3535;38121;Trento
12;3535;38121;Trento
14;3535;38121;Trento
16;3535;38121;Trento
18;3535;38121;Trento
20;3535;38121;Trento
22;3535;38121;Trento
24;3535;38121;Trento
26;3535;38121;Trento
42;3535;38121;Trento
44;3535;38121;Trento
1;3540;38122;Trento
1/A;3540;38122;Trento
2;3540;38122;Trento
3;3540;38122;Trento
4;3540;38122;Trento
4;3540;38122;Trento
4;3540;38122;Trento
4;3540;38122;Trento
5;3540;38122;Trento
6;3540;38122;Trento
7;3540;38122;Trento
8/A;3540;38122;Trento
9;3540;38122;Trento
10;3540;38122;Trento
10;3540;38122;Trento
10-gen;3540;38122;Trento
10-feb;3540;38122;Trento
11;3540;38122;Trento
11-gen;3540;38122;Trento
11-gen;3540;38122;Trento
12;3540;38122;Trento
13;3540;38122;Trento
14;3540;38122;Trento
14;3540;38122;Trento
15;3540;38122;Trento
16;3540;38122;Trento
16;3540;38122;Trento
17;3540;38122;Trento
19;3540;38122;Trento
1;3550;38122;Trento
01-gen;3550;38122;Trento
01-feb;3550;38122;Trento
2;3550;38122;Trento
3;3550;38122;Trento
4;3550;38122;Trento
5;3550;38122;Trento
6;3550;38122;Trento
7;3550;38122;Trento
7/A;3550;38122;Trento
8;3550;38122;Trento
8/A;3550;38122;Trento
8/B;3550;38122;Trento
8/C;3550;38122;Trento
8/D;3550;38122;Trento
9;3550;38122;Trento
9;3550;38122;Trento
9;3550;38122;Trento
10;3550;38122;Trento
10/A;3550;38122;Trento
10/B;3550;38122;Trento
10/C;3550;38122;Trento
12;3550;38122;Trento
12;3550;38122;Trento
12;3550;38122;Trento
14;3550;38122;Trento
16;3550;38122;Trento
20;3550;38122;Trento
22;3550;38122;Trento
22;3550;38122;Trento
22;3550;38122;Trento
22;3550;38122;Trento
24;3550;38122;Trento
28;3550;38122;Trento
30;3550;38122;Trento
30;3550;38122;Trento
30;3550;38122;Trento
30/M;3550;38122;Trento
30/N;3550;38122;Trento
30/S;3550;38122;Trento
30/S;3550;38122;Trento
32;3550;38122;Trento
32;3550;38122;Trento
32;3550;38122;Trento
32/1;3550;38122;Trento
34;3550;38122;Trento
36;3550;38122;Trento
36;3550;38122;Trento
38;3550;38122;Trento
40;3550;38122;Trento
42;3550;38122;Trento
44;3550;38122;Trento
46;3550;38122;Trento
50;3550;38122;Trento
54;3550;38122;Trento
1;3560;38122;Trento
2;3560;38122;Trento
3;3560;38122;Trento
4;3560;38122;Trento
6;3560;38122;Trento
8;3560;38122;Trento
10;3560;38122;Trento
2;3585;38121;Trento
4;3585;38121;Trento
6;3585;38121;Trento
8;3585;38121;Trento
9;3585;38121;Trento
10;3585;38121;Trento
11;3585;38121;Trento
13;3585;38121;Trento
15;3585;38121;Trento
1;3590;38121;Trento
1;3590;38121;Trento
1;3590;38121;Trento
1;3590;38121;Trento
1;3590;38121;Trento
1;3590;38121;Trento
7;3590;38121;Trento
7;3590;38121;Trento
8;3590;38121;Trento
8;3590;38121;Trento
9;3590;38121;Trento
9;3590;38121;Trento
12;3590;38121;Trento
12;3590;38121;Trento
14;3590;38121;Trento
14;3590;38121;Trento
15;3590;38121;Trento
16;3590;38121;Trento
20;3590;38121;Trento
21;3590;38121;Trento
21;3590;38121;Trento
26;3590;38121;Trento
28;3590;38121;Trento
29;3590;38121;Trento
29;3590;38121;Trento
29;3590;38121;Trento
29;3590;38121;Trento
32;3590;38121;Trento
38;3590;38121;Trento
38;3590;38121;Trento
38;3590;38121;Trento
38;3590;38121;Trento
38;3590;38121;Trento
48;3590;38121;Trento
48;3590;38121;Trento
48;3590;38121;Trento
48;3590;38121;Trento
48;3590;38121;Trento
50;3590;38121;Trento
50;3590;38121;Trento
50;3590;38121;Trento
54;3590;38121;Trento
54;3590;38121;Trento
58;3590;38121;Trento
58;3590;38121;Trento
60;3590;38121;Trento
62;3590;38121;Trento
64;3590;38121;Trento
66;3590;38121;Trento
68;3590;38121;Trento
70;3590;38121;Trento
70;3590;38121;Trento
70;3590;38121;Trento
72;3590;38121;Trento
78;3590;38121;Trento
78;3590;38121;Trento
78;3590;38121;Trento
80;3590;38121;Trento
80;3590;38121;Trento
82;3590;38121;Trento
84;3590;38121;Trento
84;3590;38121;Trento
86;3590;38121;Trento
86;3590;38121;Trento
86;3590;38121;Trento
88;3590;38121;Trento
88;3590;38121;Trento
90;3590;38121;Trento
92;3590;38121;Trento
94;3590;38121;Trento
96;3590;38121;Trento
98;3590;38121;Trento
98;3590;38121;Trento
98;3590;38121;Trento
100;3590;38121;Trento
100;3590;38121;Trento
102;3590;38121;Trento
102;3590;38121;Trento
104;3590;38121;Trento
104;3590;38121;Trento
106;3590;38121;Trento
106;3590;38121;Trento
108;3590;38121;Trento
108;3590;38121;Trento
108;3590;38121;Trento
110;3590;38121;Trento
110;3590;38121;Trento
112;3590;38121;Trento
112;3590;38121;Trento
116;3590;38121;Trento
116;3590;38121;Trento
120;3590;38121;Trento
120;3590;38121;Trento
122;3590;38121;Trento
122;3590;38121;Trento
124;3590;38121;Trento
124;3590;38121;Trento
1;3600;38122;Trento
2;3600;38122;Trento
3;3600;38122;Trento
4;3600;38122;Trento
5;3600;38122;Trento
6;3600;38122;Trento
7;3600;38122;Trento
8;3600;38122;Trento
9;3600;38122;Trento
10;3600;38122;Trento
12;3600;38122;Trento
1;3610;38121;Trento
1;3610;38121;Trento
2;3610;38121;Trento
4;3610;38121;Trento
6;3610;38121;Trento
8;3610;38121;Trento
9;3610;38121;Trento
9;3610;38121;Trento
10;3610;38121;Trento
11;3610;38121;Trento
12;3610;38121;Trento
13;3610;38121;Trento
13;3610;38121;Trento
13;3610;38121;Trento
14;3610;38121;Trento
16;3610;38121;Trento
17;3610;38121;Trento
19;3610;38121;Trento
23;3610;38121;Trento
24;3610;38121;Trento
24;3610;38121;Trento
24;3610;38121;Trento
25;3610;38121;Trento
27;3610;38121;Trento
28;3610;38121;Trento
29;3610;38121;Trento
30;3610;38121;Trento
32;3610;38121;Trento
34;3610;38121;Trento
34;3610;38121;Trento
40;3610;38121;Trento
42;3610;38121;Trento
44;3610;38121;Trento
46;3610;38121;Trento
52;3610;38121;Trento
54;3610;38121;Trento
56;3610;38121;Trento
58;3610;38121;Trento
60;3610;38121;Trento
1;5685;38121;Gardolo
62;3610;38121;Trento
64;3610;38121;Trento
66;3610;38121;Trento
68;3610;38121;Trento
70;3610;38121;Trento
72;3610;38121;Trento
74;3610;38121;Trento
76;3610;38121;Trento
78;3610;38121;Trento
80;3610;38121;Trento
82;3610;38121;Trento
82;3610;38121;Trento
82;3610;38121;Trento
86;3610;38121;Trento
88;3610;38121;Trento
90;3610;38121;Trento
92;3610;38121;Trento
94;3610;38121;Trento
96;3610;38121;Trento
98;3610;38121;Trento
100;3610;38121;Trento
102;3610;38121;Trento
104;3610;38121;Trento
106;3610;38121;Trento
108;3610;38121;Trento
4;3620;38122;Trento
8;3620;38122;Trento
10;3620;38122;Trento
10;3620;38122;Trento
16;3620;38122;Trento
18;3620;38122;Trento
2;3630;38121;Trento
2;3630;38121;Trento
3;3630;38121;Trento
3;3630;38121;Trento
4;3630;38121;Trento
1;5685;38121;Gardolo
4;3630;38121;Trento
5;3630;38121;Trento
5;3630;38121;Trento
6;3630;38121;Trento
6;3630;38121;Trento
7;3630;38121;Trento
8;3630;38121;Trento
8;3630;38121;Trento
8;3630;38121;Trento
9;3630;38121;Trento
9;3630;38121;Trento
9;3630;38121;Trento
10;3630;38121;Trento
11;3630;38121;Trento
11;3630;38121;Trento
12;3630;38121;Trento
12;3630;38121;Trento
12;3630;38121;Trento
13;3630;38121;Trento
13;3630;38121;Trento
13/A;3630;38121;Trento
1;3640;38121;Trento
2;3640;38121;Trento
3;3640;38121;Trento
5;3640;38121;Trento
5;3640;38121;Trento
5;3640;38121;Trento
6;3640;38121;Trento
7;3640;38121;Trento
9;3640;38121;Trento
10;3640;38121;Trento
11;3640;38121;Trento
12;3640;38121;Trento
13;3640;38121;Trento
15;3640;38121;Trento
16;3640;38121;Trento
16;3640;38121;Trento
17;3640;38121;Trento
19;3640;38121;Trento
20;3640;38121;Trento
21;3640;38121;Trento
23;3640;38121;Trento
24;3640;38121;Trento
25;3640;38121;Trento
26;3640;38121;Trento
26;3640;38121;Trento
28;3640;38121;Trento
2;3650;38121;Trento
2;3650;38121;Trento
2;3650;38121;Trento
4;3650;38121;Trento
4;3650;38121;Trento
5;3650;38121;Trento
5;3650;38121;Trento
5;3650;38121;Trento
6;3650;38121;Trento
8;3650;38121;Trento
8;3650;38121;Trento
12;3650;38121;Trento
14;3650;38121;Trento
16;3650;38121;Trento
18;3650;38121;Trento
20;3650;38121;Trento
22;3650;38121;Trento
24;3650;38121;Trento
26;3650;38121;Trento
28;3650;38121;Trento
3;3660;38121;Trento
3;3660;38121;Trento
3;3660;38121;Trento
4;3660;38121;Trento
4;3660;38121;Trento
4/A;3660;38121;Trento
10;3660;38121;Trento
3;3670;38122;Trento
4;3670;38122;Trento
4;3670;38122;Trento
5;3670;38122;Trento
6;3670;38122;Trento
8;3670;38122;Trento
11;3670;38122;Trento
13;3670;38122;Trento
6;3680;38121;Trento
8;3680;38121;Trento
10;3680;38121;Trento
12;3680;38121;Trento
14;3680;38121;Trento
30;3680;38121;Trento
32;3680;38121;Trento
34;3680;38121;Trento
36;3680;38121;Trento
38;3680;38121;Trento
40;3680;38121;Trento
42;3680;38121;Trento
44;3680;38121;Trento
46;3680;38121;Trento
48;3680;38121;Trento
50;3680;38121;Trento
1;3690;38122;Trento
1/A;3690;38122;Trento
2;3690;38122;Trento
3;3690;38122;Trento
4;3690;38122;Trento
5;3690;38122;Trento
7;3690;38122;Trento
8;3690;38122;Trento
9;3690;38122;Trento
10;3690;38122;Trento
11;3690;38122;Trento
12;3690;38122;Trento
13;3690;38122;Trento
14;3690;38122;Trento
2;5685;38121;Gardolo
15;3690;38122;Trento
16;3690;38122;Trento
17;3690;38122;Trento
18;3690;38122;Trento
19;3690;38122;Trento
20;3690;38122;Trento
21;3690;38122;Trento
22;3690;38122;Trento
23;3690;38122;Trento
24;3690;38122;Trento
25;3690;38122;Trento
1;3700;38121;Trento
2;3700;38121;Trento
3;3700;38121;Trento
4;3700;38121;Trento
5;3700;38121;Trento
6;3700;38121;Trento
7;3700;38121;Trento
8;3700;38121;Trento
9;3700;38121;Trento
10;3700;38121;Trento
11;3700;38121;Trento
12;3700;38121;Trento
13;3700;38121;Trento
14;3700;38121;Trento
15;3700;38121;Trento
16;3700;38121;Trento
17;3700;38121;Trento
18;3700;38121;Trento
19;3700;38121;Trento
20;3700;38121;Trento
21;3700;38121;Trento
22;3700;38121;Trento
24;3700;38121;Trento
25;3700;38121;Trento
26;3700;38121;Trento
28;3700;38121;Trento
30;3700;38121;Trento
32;3700;38121;Trento
34;3700;38121;Trento
36;3700;38121;Trento
38;3700;38121;Trento
40;3700;38121;Trento
42;3700;38121;Trento
44;3700;38121;Trento
46;3700;38121;Trento
50;3700;38121;Trento
52;3700;38121;Trento
54;3700;38121;Trento
56;3700;38121;Trento
58;3700;38121;Trento
60;3700;38121;Trento
62;3700;38121;Trento
64;3700;38121;Trento
66;3700;38121;Trento
68;3700;38121;Trento
70;3700;38121;Trento
72;3700;38121;Trento
74;3700;38121;Trento
76;3700;38121;Trento
1;3710;38122;Trento
4;3710;38122;Trento
5;3710;38122;Trento
7;3710;38122;Trento
7;3710;38122;Trento
8;3710;38122;Trento
1;3720;38123;Trento
2;3720;38123;Trento
4;3720;38123;Trento
6;3720;38123;Trento
8;3720;38123;Trento
10;3720;38123;Trento
2;5685;38121;Gardolo
12;3720;38123;Trento
14;3720;38123;Trento
16;3720;38123;Trento
18;3720;38123;Trento
20;3720;38123;Trento
22;3720;38123;Trento
24;3720;38123;Trento
26;3720;38123;Trento
28;3720;38123;Trento
30;3720;38123;Trento
32;3720;38123;Trento
34;3720;38123;Trento
36;3720;38123;Trento
38;3720;38123;Trento
40;3720;38123;Trento
44;3720;38123;Trento
46;3720;38123;Trento
48;3720;38123;Trento
50;3720;38123;Trento
54;3720;38123;Trento
56;3720;38123;Trento
60;3720;38123;Trento
64;3720;38123;Trento
70;3720;38123;Trento
72;3720;38123;Trento
74;3720;38123;Trento
78;3720;38123;Trento
78/A;3720;38123;Trento
80;3720;38123;Trento
80/A;3720;38123;Trento
82;3720;38123;Trento
82/A;3720;38123;Trento
84;3720;38123;Trento
86;3720;38123;Trento
88;3720;38123;Trento
90;3720;38123;Trento
92;3720;38123;Trento
94;3720;38123;Trento
96;3720;38123;Trento
98;3720;38123;Trento
100;3720;38123;Trento
102;3720;38123;Trento
102;3720;38123;Trento
106;3720;38123;Trento
106;3720;38123;Trento
106;3720;38123;Trento
120;3720;38123;Trento
122;3720;38123;Trento
124;3720;38123;Trento
126;3720;38123;Trento
128;3720;38123;Trento
130;3720;38123;Trento
132;3720;38123;Trento
134;3720;38123;Trento
136;3720;38123;Trento
138;3720;38123;Trento
140;3720;38123;Trento
142;3720;38123;Trento
144;3720;38123;Trento
146;3720;38123;Trento
148;3720;38123;Trento
150;3720;38123;Trento
152;3720;38123;Trento
154;3720;38123;Trento
156;3720;38123;Trento
160;3720;38123;Trento
162;3720;38123;Trento
2;3730;38121;Trento
4;3730;38121;Trento
6;3730;38121;Trento
8;3730;38121;Trento
10;3730;38121;Trento
12;3730;38121;Trento
14;3730;38121;Trento
16;3730;38121;Trento
18;3730;38121;Trento
20;3730;38121;Trento
22;3730;38121;Trento
24;3730;38121;Trento
26;3730;38121;Trento
28;3730;38121;Trento
30;3730;38121;Trento
32;3730;38121;Trento
34;3730;38121;Trento
36;3730;38121;Trento
38;3730;38121;Trento
40;3730;38121;Trento
42;3730;38121;Trento
44;3730;38121;Trento
46;3730;38121;Trento
48;3730;38121;Trento
50;3730;38121;Trento
1;3750;38121;Trento
3;3750;38121;Trento
5;3750;38121;Trento
6;3750;38121;Trento
7;3750;38121;Trento
8;3750;38121;Trento
8;3750;38121;Trento
9;3750;38121;Trento
11;3750;38121;Trento
12;3750;38121;Trento
12;3750;38121;Trento
13;3750;38121;Trento
14;3750;38121;Trento
15;3750;38121;Trento
16;3750;38121;Trento
18;3750;38121;Trento
20;3750;38121;Trento
22;3750;38121;Trento
24;3750;38121;Trento
26;3750;38121;Trento
28;3750;38121;Trento
30;3750;38121;Trento
32;3750;38121;Trento
34;3750;38121;Trento
36;3750;38121;Trento
38;3750;38121;Trento
40;3750;38121;Trento
42;3750;38121;Trento
44;3750;38121;Trento
46;3750;38121;Trento
48;3750;38121;Trento
50;3750;38121;Trento
52;3750;38121;Trento
54;3750;38121;Trento
54;3750;38121;Trento
3;3760;38123;Trento
4;3760;38123;Trento
5;3760;38123;Trento
8;3760;38123;Trento
9;3760;38123;Trento
10;3760;38123;Trento
11;3760;38123;Trento
12;3760;38123;Trento
12;3760;38123;Trento
13;3760;38123;Trento
15;3760;38123;Trento
19;3760;38123;Trento
21;3760;38123;Trento
23;3760;38123;Trento
27;3760;38123;Trento
29;3760;38123;Trento
31;3760;38123;Trento
2;3770;38122;Trento
5;3770;38122;Trento
1;3780;38121;Trento
5;3780;38121;Trento
7;3780;38121;Trento
8;3780;38121;Trento
9;3780;38121;Trento
11;3780;38121;Trento
12;3780;38121;Trento
12;3780;38121;Trento
13;3780;38121;Trento
14;3780;38121;Trento
14;3780;38121;Trento
14;3780;38121;Trento
15;3780;38121;Trento
15;3780;38121;Trento
15;3780;38121;Trento
15;3780;38121;Trento
16;3780;38121;Trento
16;3780;38121;Trento
16;3780;38121;Trento
17;3780;38121;Trento
19;3780;38121;Trento
19;3780;38121;Trento
19;3780;38121;Trento
19;3780;38121;Trento
21/A;3780;38121;Trento
21/A;3780;38121;Trento
21/B;3780;38121;Trento
21/C;3780;38121;Trento
21/D;3780;38121;Trento
21/F;3780;38121;Trento
21/G;3780;38121;Trento
21/H;3780;38121;Trento
21/M;3780;38121;Trento
21/N;3780;38121;Trento
22;3780;38121;Trento
22;3780;38121;Trento
22;3780;38121;Trento
23/A;3780;38121;Trento
23/C;3780;38121;Trento
23/D;3780;38121;Trento
23/E;3780;38121;Trento
23/M;3780;38121;Trento
23/N;3780;38121;Trento
23/P;3780;38121;Trento
23/R;3780;38121;Trento
27;3780;38121;Trento
27;3780;38121;Trento
27;3780;38121;Trento
29;3780;38121;Trento
29;3780;38121;Trento
31;3780;38121;Trento
31;3780;38121;Trento
33;3780;38121;Trento
35;3780;38121;Trento
37;3780;38121;Trento
39;3780;38121;Trento
41;3780;38121;Trento
43;3780;38121;Trento
45;3780;38121;Trento
47;3780;38121;Trento
49;3780;38121;Trento
51;3780;38121;Trento
53;3780;38121;Trento
55;3780;38121;Trento
57;3780;38121;Trento
59;3780;38121;Trento
61;3780;38121;Trento
63;3780;38121;Trento
65;3780;38121;Trento
69;3780;38121;Trento
69;3780;38121;Trento
1;3801;38123;Trento
1;3801;38123;Trento
2;3801;38123;Trento
4;3801;38123;Trento
4/A;3801;38123;Trento
6;3801;38123;Trento
6/A;3801;38123;Trento
6/B;3801;38123;Trento
8;3801;38123;Trento
9;3801;38123;Trento
9;3801;38123;Trento
9;3801;38123;Trento
10;3801;38123;Trento
10;3801;38123;Trento
11;3801;38123;Trento
13;3801;38123;Trento
15;3801;38123;Trento
19;3801;38123;Trento
21;3801;38123;Trento
21;3801;38123;Trento
25;3801;38123;Trento
27;3801;38123;Trento
29;3801;38123;Trento
31;3801;38123;Trento
1;3802;38123;Trento
1;3802;38123;Trento
2;3802;38123;Trento
4;3802;38123;Trento
6;3802;38123;Trento
8;3802;38123;Trento
9;3802;38123;Trento
10;3802;38123;Trento
12;3802;38123;Trento
14;3802;38123;Trento
15;3802;38123;Trento
16;3802;38123;Trento
16;3802;38123;Trento
17;3802;38123;Trento
19;3802;38123;Trento
20;3802;38123;Trento
21;3802;38123;Trento
22;3802;38123;Trento
23;3802;38123;Trento
24;3802;38123;Trento
26;3802;38123;Trento
28;3802;38123;Trento
28;3802;38123;Trento
30;3802;38123;Trento
32;3802;38123;Trento
36;3802;38123;Trento
1;3803;38123;Trento
2;3803;38123;Trento
3;3803;38123;Trento
4;3803;38123;Trento
7;3803;38123;Trento
8;3803;38123;Trento
10;3803;38123;Trento
11;3803;38123;Trento
12;3803;38123;Trento
12;3803;38123;Trento
13;3803;38123;Trento
14;3803;38123;Trento
15;3803;38123;Trento
16;3803;38123;Trento
17;3803;38123;Trento
18;3803;38123;Trento
19;3803;38123;Trento
20;3803;38123;Trento
20;3803;38123;Trento
22;3803;38123;Trento
22;3803;38123;Trento
24;3803;38123;Trento
25;3803;38123;Trento
26;3803;38123;Trento
27;3803;38123;Trento
28;3803;38123;Trento
28;3803;38123;Trento
29;3803;38123;Trento
30;3803;38123;Trento
5;3804;38121;Trento
7;3804;38121;Trento
9;3804;38121;Trento
10;3804;38121;Trento
10;3804;38121;Trento
10;3804;38121;Trento
10;3804;38121;Trento
11;3804;38121;Trento
12;3804;38121;Trento
14;3804;38121;Trento
16;3804;38121;Trento
18;3804;38121;Trento
20;3804;38121;Trento
22;3804;38121;Trento
24;3804;38121;Trento
26;3804;38121;Trento
28;3804;38121;Trento
30;3804;38121;Trento
1;3805;38121;Trento
2;3805;38121;Trento
3;3805;38121;Trento
4;3805;38121;Trento
5;3805;38121;Trento
6;3805;38121;Trento
7;3805;38121;Trento
8;3805;38121;Trento
9;3805;38121;Trento
10;3805;38121;Trento
11;3805;38121;Trento
12;3805;38121;Trento
13;3805;38121;Trento
14;3805;38121;Trento
15;3805;38121;Trento
16;3805;38121;Trento
17;3805;38121;Trento
18;3805;38121;Trento
19;3805;38121;Trento
20;3805;38121;Trento
21;3805;38121;Trento
21;3805;38121;Trento
22;3805;38121;Trento
24;3805;38121;Trento
26;3805;38121;Trento
28;3805;38121;Trento
30;3805;38121;Trento
32;3805;38121;Trento
34;3805;38121;Trento
36;3805;38121;Trento
38;3805;38121;Trento
40;3805;38121;Trento
42;3805;38121;Trento
44;3805;38121;Trento
46;3805;38121;Trento
48;3805;38121;Trento
50;3805;38121;Trento
52;3805;38121;Trento
54;3805;38121;Trento
56;3805;38121;Trento
58;3805;38121;Trento
60;3805;38121;Trento
62;3805;38121;Trento
1;3806;38123;Trento
2;3806;38123;Trento
3;3806;38123;Trento
4;3806;38123;Trento
5;3806;38123;Trento
6;3806;38123;Trento
8;3806;38123;Trento
10;3806;38123;Trento
12;3806;38123;Trento
14;3806;38123;Trento
16;3806;38123;Trento
4;5685;38121;Gardolo
22;3806;38123;Trento
3;3807;38121;Trento
4;3807;38121;Trento
9;3807;38122;Ravina
9;3807;38122;Ravina
11;3807;38122;Ravina
11;3807;38122;Ravina
11;3807;38122;Ravina
11;3807;38122;Ravina
11;3807;38122;Ravina
13;3807;38122;Ravina
27;3807;38122;Trento
4;3808;38121;Trento
4;3808;38121;Trento
5;3808;38121;Trento
6;3808;38121;Trento
6;3808;38121;Trento
7;3808;38121;Trento
8;3808;38121;Trento
8;3808;38121;Trento
13;3808;38121;Trento
14;3808;38121;Trento
14;3808;38121;Trento
14;3808;38121;Trento
15;3808;38121;Trento
16;3808;38121;Trento
18;3808;38121;Trento
18;3808;38121;Trento
18;3808;38121;Trento
20;3808;38121;Trento
20;3808;38121;Trento
21;3808;38121;Trento
22;3808;38121;Trento
23;3808;38121;Trento
24;3808;38121;Trento
26;3808;38121;Trento
28;3808;38121;Trento
28;3808;38121;Trento
30;3808;38121;Trento
30;3808;38121;Trento
30;3808;38121;Trento
2;3809;38121;Trento
3;3809;38121;Trento
4;3809;38121;Trento
5;3809;38121;Trento
6;3809;38121;Trento
7;3809;38121;Trento
8;3809;38121;Trento
9;3809;38121;Trento
10;3809;38121;Trento
11;3809;38121;Trento
12;3809;38121;Trento
13;3809;38121;Trento
14;3809;38121;Trento
15;3809;38121;Trento
16;3809;38121;Trento
17;3809;38121;Trento
18;3809;38121;Trento
19;3809;38121;Trento
20;3809;38121;Trento
21;3809;38121;Trento
22;3809;38121;Trento
23;3809;38121;Trento
24;3809;38121;Trento
25;3809;38121;Trento
26;3809;38121;Trento
27;3809;38121;Trento
28;3809;38121;Trento
29;3809;38121;Trento
30;3809;38121;Trento
30;3809;38121;Trento
30;3809;38121;Trento
30;3809;38121;Trento
31;3809;38121;Trento
32;3809;38121;Trento
33;3809;38121;Trento
35;3809;38121;Trento
37;3809;38121;Trento
39;3809;38121;Trento
41;3809;38121;Trento
43;3809;38121;Trento
47;3809;38121;Trento
49;3809;38121;Trento
51;3809;38121;Trento
1;3811;38123;Trento
1;3811;38123;Trento
1;3811;38123;Trento
1;3811;38123;Trento
3;3811;38123;Trento
4;3811;38123;Trento
5;3811;38123;Trento
5;3811;38123;Trento
6;3811;38123;Trento
8;3811;38123;Trento
8;3811;38123;Trento
9;3811;38123;Trento
9;3811;38123;Trento
9;3811;38123;Trento
9;3811;38123;Trento
9;3811;38123;Trento
2;3812;38123;Trento
4;3812;38123;Trento
5;3812;38123;Trento
5;3812;38123;Trento
5;3812;38123;Trento
7;3812;38123;Trento
3;3814;38122;Trento
5;3814;38122;Trento
7;3814;38122;Trento
9;3814;38122;Trento
1;3815;38122;Trento
2;3815;38122;Trento
1;3816;38122;Trento
2;3816;38122;Trento
3;3816;38122;Trento
4;3816;38122;Trento
5;3816;38122;Trento
7;3816;38122;Trento
2;3817;38123;Trento
3;3817;38123;Trento
3;3817;38123;Trento
3;3817;38123;Trento
3;3817;38123;Trento
3;3817;38123;Trento
5;3817;38123;Trento
8;3817;38123;Trento
8;3817;38123;Trento
10;3817;38123;Trento
10;3817;38123;Trento
14;3817;38123;Trento
16;3817;38123;Trento
18;3817;38123;Trento
20;3817;38123;Trento
22;3817;38123;Trento
28;3817;38123;Trento
30;3817;38123;Trento
30;3817;38123;Trento
32;3817;38123;Trento
40;3817;38123;Trento
42;3817;38123;Trento
42;3817;38123;Trento
42;3817;38123;Trento
42;3817;38123;Trento
44;3817;38123;Trento
48;3817;38123;Trento
48;3817;38123;Trento
48;3817;38123;Trento
48;3817;38123;Trento
48;3817;38123;Trento
50;3817;38123;Trento
50;3817;38123;Trento
52;3817;38123;Trento
52;3817;38123;Trento
56;3817;38123;Trento
56;3817;38123;Trento
60;3817;38123;Trento
60;3817;38123;Trento
64;3817;38123;Trento
66;3817;38123;Trento
68;3817;38123;Trento
70;3817;38123;Trento
72;3817;38123;Trento
74;3817;38123;Trento
76;3817;38123;Trento
78;3817;38123;Trento
80;3817;38123;Trento
80;3817;38123;Trento
82;3817;38123;Trento
84;3817;38123;Trento
88;3817;38123;Trento
90;3817;38123;Trento
92;3817;38123;Trento
94;3817;38123;Trento
96;3817;38123;Trento
96;3817;38123;Trento
96;3817;38123;Trento
96;3817;38123;Trento
96;3817;38123;Trento
96;3817;38123;Trento
96;3817;38123;Trento
100;3817;38123;Trento
102;3817;38123;Trento
104;3817;38123;Trento
104/A;3817;38123;Trento
104/B;3817;38123;Trento
104/C;3817;38123;Trento
106;3817;38123;Trento
108;3817;38123;Trento
110;3817;38123;Trento
112;3817;38123;Trento
114;3817;38123;Trento
122;3817;38123;Trento
122;3817;38123;Trento
122;3817;38123;Trento
124;3817;38123;Trento
124;3817;38123;Trento
124;3817;38123;Trento
124;3817;38123;Trento
124;3817;38123;Trento
130;3817;38123;Trento
130;3817;38123;Trento
130;3817;38123;Trento
130;3817;38123;Trento
130;3817;38123;Trento
134;3817;38123;Trento
136;3817;38123;Trento
136;3817;38123;Trento
136;3817;38123;Trento
138;3817;38123;Trento
138;3817;38123;Trento
140;3817;38123;Trento
142;3817;38123;Trento
142;3817;38123;Trento
142;3817;38123;Trento
144;3817;38123;Trento
144;3817;38123;Trento
144;3817;38123;Trento
144;3817;38123;Trento
144;3817;38123;Trento
144;3817;38123;Trento
148;3817;38123;Trento
148;3817;38123;Trento
1;3818;38123;Trento
2;3818;38123;Trento
4;3818;38123;Trento
4;3818;38123;Trento
6;3818;38123;Trento
8;3818;38123;Trento
10;3818;38123;Trento
11;3818;38123;Trento
11;3818;38123;Trento
12;3818;38123;Trento
13;3818;38123;Trento
13;3818;38123;Trento
13/A;3818;38123;Trento
14;3818;38123;Trento
15;3818;38123;Trento
16;3818;38123;Trento
17;3818;38123;Trento
18;3818;38123;Trento
18;3818;38123;Trento
19;3818;38123;Trento
20;3818;38123;Trento
21;3818;38123;Trento
22;3818;38123;Trento
24;3818;38123;Trento
25;3818;38123;Trento
26;3818;38123;Trento
27;3818;38123;Trento
27;3818;38123;Trento
27;3818;38123;Trento
27;3818;38123;Trento
29;3818;38123;Trento
31;3818;38123;Trento
33;3818;38123;Trento
33/A;3818;38123;Trento
33/B;3818;38123;Trento
33/C;3818;38123;Trento
33/D;3818;38123;Trento
33/E;3818;38123;Trento
36;3818;38123;Trento
36/A;3818;38123;Trento
38;3818;38123;Trento
38/A;3818;38123;Trento
39;3818;38123;Trento
40;3818;38123;Trento
40/A;3818;38123;Trento
41;3818;38123;Trento
41/A;3818;38123;Trento
41/B;3818;38123;Trento
42;3818;38123;Trento
42/A;3818;38123;Trento
43;3818;38123;Trento
43/A;3818;38123;Trento
44;3818;38123;Trento
44/A;3818;38123;Trento
45;3818;38123;Trento
45/A;3818;38123;Trento
46;3818;38123;Trento
47;3818;38123;Trento
49;3818;38123;Trento
50;3818;38123;Trento
51;3818;38123;Trento
53;3818;38123;Trento
55;3818;38123;Trento
57;3818;38123;Trento
57;3818;38123;Trento
79;3818;38123;Trento
79;3818;38123;Trento
79;3818;38123;Trento
79;3818;38123;Trento
81;3818;38123;Trento
83;3818;38123;Trento
85;3818;38123;Trento
87;3818;38123;Trento
89;3818;38123;Trento
91;3818;38123;Trento
93;3818;38123;Trento
95;3818;38123;Trento
1;3819;38121;Trento
1;3819;38121;Trento
4;3819;38121;Trento
5;3819;38121;Trento
6;3819;38121;Trento
6;3819;38121;Trento
6;3819;38121;Trento
6/A;3819;38121;Trento
6/A;3819;38121;Trento
7;3819;38121;Trento
8;3819;38121;Trento
9;3819;38121;Trento
10;3819;38121;Trento
11;3819;38121;Trento
12;3819;38121;Trento
13;3819;38121;Trento
13;3819;38121;Trento
14;3819;38121;Trento
15;3819;38121;Trento
16;3819;38121;Trento
17;3819;38121;Trento
17;3819;38121;Trento
17;3819;38121;Trento
17;3819;38121;Trento
18;3819;38121;Trento
18;3819;38121;Trento
18;3819;38121;Trento
21;3819;38121;Trento
2;3820;38121;Trento
4;3820;38121;Trento
6;3820;38121;Trento
8;3820;38121;Trento
10;3820;38121;Trento
11;3820;38121;Trento
11;3820;38121;Trento
11;3820;38121;Trento
12;3820;38121;Trento
13;3820;38121;Trento
1;3821;38122;Trento
3;3821;38122;Trento
4;3821;38122;Trento
5;3821;38122;Trento
6;3821;38122;Trento
7;3821;38122;Trento
7;3821;38122;Trento
8;3821;38122;Trento
9;3821;38122;Trento
10;3821;38122;Trento
12;3821;38122;Trento
13;3821;38122;Trento
13;3821;38122;Trento
14;3821;38122;Trento
15;3821;38122;Trento
15;3821;38122;Trento
15;3821;38122;Trento
2;3822;38122;Trento
3;3822;38122;Trento
3;3822;38122;Trento
3;3822;38122;Trento
3;3822;38122;Trento
3;3822;38122;Trento
3;3822;38122;Trento
3;3822;38122;Trento
4;3822;38122;Trento
6;3822;38122;Trento
7;3822;38122;Trento
7;3822;38122;Trento
9;3822;38122;Trento
9;3822;38122;Trento
11;3822;38122;Trento
13;3822;38122;Trento
13;3822;38122;Trento
13;3822;38122;Trento
17;3822;38122;Trento
17;3822;38122;Trento
17;3822;38122;Trento
1;3823;38123;Ravina
4;3823;38123;Trento
4;3823;38123;Trento
4;3823;38123;Trento
4;3823;38123;Trento
4;3823;38123;Trento
5;3823;38123;Ravina
6;3823;38123;Trento
6;3823;38123;Trento
8;3823;38123;Trento
14;3823;38123;Trento
14;3823;38123;Trento
14;3823;38123;Trento
14;3823;38123;Trento
14;3823;38123;Trento
14;3823;38123;Trento
14;3823;38123;Trento
14;3823;38123;Trento
20;3823;38123;Ravina
24;3823;38123;Ravina
28;3823;38123;Ravina
36;3823;38123;Ravina
40;3823;38123;Ravina
40;3823;38123;Ravina
40;3823;38123;Ravina
4;5690;38121;Gardolo
40;3823;38123;Ravina
42;3823;38123;Ravina
42;3823;38123;Ravina
50;3823;38123;Ravina
50;3823;38123;Ravina
54;3823;38123;Ravina
54;3823;38123;Ravina
24;3824;38123;Trento
24;3824;38123;Trento
2;3824;38123;Trento
3;3824;38123;Trento
3;3824;38123;Trento
3;3824;38123;Trento
3;3824;38123;Trento
7;3824;38123;Mattarello
7;3824;38123;Mattarello
7;3824;38123;Mattarello
8;3824;38123;Trento
8;3824;38123;Trento
8;3824;38123;Trento
9;3824;38123;Mattarello
9;3824;38123;Mattarello
10;3824;38123;Trento
10;3824;38123;Trento
11;3824;38123;Mattarello
11/A;3824;38123;Mattarello
11/A;3824;38123;Mattarello
12;3824;38123;Trento
12;3824;38123;Trento
13;3824;38123;Mattarello
14;3824;38123;Trento
14;3824;38123;Trento
15;3824;38123;Mattarello
16;3824;38123;Trento
16;3824;38123;Trento
17;3824;38123;Mattarello
18;3824;38123;Trento
18;3824;38123;Trento
18;3824;38123;Trento
19;3824;38123;Mattarello
21;3824;38123;Mattarello
22;3824;38123;Trento
22;3824;38123;Trento
23;3824;38123;Mattarello
25;3824;38123;Mattarello
26;3824;38123;Trento
26;3824;38123;Trento
27;3824;38123;Mattarello
28;3824;38123;Trento
28;3824;38123;Trento
29;3824;38123;Mattarello
30;3824;38123;Trento
30;3824;38123;Trento
30;3824;38123;Trento
30;3824;38123;Trento
31;3824;38123;Mattarello
33;3824;38123;Mattarello
40;3824;38123;Trento
42;3824;38123;Trento
42;3824;38123;Trento
42;3824;38123;Trento
42;3824;38123;Trento
42;3824;38123;Trento
42;3824;38123;Trento
42;3824;38123;Trento
42;3824;38123;Trento
42;3824;38123;Trento
42;3824;38123;Trento
42;3824;38123;Trento
42;3824;38123;Trento
42;3824;38123;Trento
46;3824;38123;Trento
46;3824;38123;Trento
48;3824;38123;Trento
48;3824;38123;Trento
50;3824;38123;Trento
50;3824;38123;Trento
52;3824;38123;Trento
52;3824;38123;Trento
52;3824;38123;Trento
52;3824;38123;Trento
60;3824;38123;Mattarello
62;3824;38123;Mattarello
64;3824;38123;Mattarello
66;3824;38123;Mattarello
66;3824;38123;Mattarello
70;3824;38123;Mattarello
74;3824;38123;Mattarello
74;3824;38123;Mattarello
76;3824;38123;Mattarello
76;3824;38123;Mattarello
78;3824;38123;Mattarello
78;3824;38123;Mattarello
80;3824;38123;Mattarello
80;3824;38123;Mattarello
86;3824;38123;Mattarello
88;3824;38123;Mattarello
88;3824;38123;Mattarello
90;3824;38123;Mattarello
90;3824;38123;Mattarello
92;3824;38123;Mattarello
92;3824;38123;Mattarello
94;3824;38123;Mattarello
94;3824;38123;Mattarello
96;3824;38123;Mattarello
96;3824;38123;Mattarello
96;3824;38123;Mattarello
98;3824;38123;Mattarello
98;3824;38123;Mattarello
104;3824;38123;Mattarello
104;3824;38123;Mattarello
104;3824;38123;Mattarello
106;3824;38123;Mattarello
108;3824;38123;Mattarello
108;3824;38123;Mattarello
112;3824;38123;Mattarello
112;3824;38123;Mattarello
114;3824;38123;Mattarello
114;3824;38123;Mattarello
116;3824;38123;Mattarello
116;3824;38123;Mattarello
118;3824;38123;Mattarello
118;3824;38123;Mattarello
120;3824;38123;Mattarello
120;3824;38123;Mattarello
122;3824;38123;Mattarello
122;3824;38123;Mattarello
130;3824;38123;Mattarello
130;3824;38123;Mattarello
134;3824;38123;Mattarello
136;3824;38123;Mattarello
138;3824;38123;Mattarello
140;3824;38123;Mattarello
142;3824;38123;Mattarello
142;3824;38123;Mattarello
144;3824;38123;Mattarello
1;3825;38123;Trento
1;3825;38123;Trento
2;3825;38123;Trento
2;3825;38123;Trento
4;3825;38123;Trento
6;3825;38123;Trento
6;3825;38123;Trento
6;3825;38123;Trento
7;3825;38123;Trento
8;3825;38123;Trento
8;3825;38123;Trento
9;3825;38123;Trento
9;3825;38123;Trento
11;3825;38123;Trento
11;3825;38123;Trento
13;3825;38123;Trento
2;3827;38123;Trento
4;3827;38123;Trento
6;3827;38123;Trento
6/A;3827;38123;Trento
6/A;3827;38123;Trento
6/A;3827;38123;Trento
8;3827;38123;Trento
10;3827;38123;Trento
12;3827;38123;Trento
14;3827;38123;Trento
16;3827;38123;Trento
18;3827;38123;Trento
20;3827;38123;Trento
22;3827;38123;Trento
24;3827;38123;Trento
26;3827;38123;Trento
28;3827;38123;Trento
30;3827;38123;Trento
32;3827;38123;Trento
34;3827;38123;Trento
36;3827;38123;Trento
1;3828;38123;Trento
1;3828;38123;Trento
1;3828;38123;Trento
1;3828;38123;Trento
2;3828;38123;Trento
3;3828;38123;Trento
3;3828;38123;Trento
3;3828;38123;Trento
4;3828;38123;Trento
4;3828;38123;Trento
5;3828;38123;Trento
5;3828;38123;Trento
6;3828;38123;Trento
6;3828;38123;Trento
7;3828;38123;Trento
7;3828;38123;Trento
8;3828;38123;Trento
8;3828;38123;Trento
9;3828;38123;Trento
10;3828;38123;Trento
10;3828;38123;Trento
11;3828;38123;Trento
12;3828;38123;Trento
12;3828;38123;Trento
13;3828;38123;Trento
14;3828;38123;Trento
14;3828;38123;Trento
14;3828;38123;Trento
15;3828;38123;Trento
15;3828;38123;Trento
17;3828;38123;Trento
17;3828;38123;Trento
19;3828;38123;Trento
19;3828;38123;Trento
21;3828;38123;Trento
21;3828;38123;Trento
2;3829;38123;Trento
4;3829;38123;Trento
4;3829;38123;Trento
6;3829;38123;Trento
6;3829;38123;Trento
7;3829;38123;Trento
8;3829;38123;Trento
8;3829;38123;Trento
8;3829;38123;Trento
9;3829;38123;Trento
10;3829;38123;Trento
10;3829;38123;Trento
11;3829;38123;Trento
12;3829;38123;Trento
12;3829;38123;Trento
13;3829;38123;Trento
13;3829;38123;Trento
13;3829;38123;Trento
13/A;3829;38123;Trento
14;3829;38123;Trento
15;3829;38123;Trento
15;3829;38123;Trento
16;3829;38123;Trento
16;3829;38123;Trento
18;3829;38123;Trento
18;3829;38123;Trento
20;3829;38123;Trento
20;3829;38123;Trento
22;3829;38123;Trento
23;3829;38123;Trento
23;3829;38123;Trento
23;3829;38123;Trento
23;3829;38123;Trento
24;3829;38123;Trento
25;3829;38123;Trento
26;3829;38123;Trento
28;3829;38123;Trento
29;3829;38123;Trento
29;3829;38123;Trento
29;3829;38123;Trento
30;3829;38123;Trento
31;3829;38123;Trento
32;3829;38123;Trento
33;3829;38123;Trento
34;3829;38123;Trento
35;3829;38123;Trento
36;3829;38123;Trento
37;3829;38123;Trento
38;3829;38123;Trento
39;3829;38123;Trento
40;3829;38123;Trento
41;3829;38123;Trento
42;3829;38123;Trento
43;3829;38123;Trento
44;3829;38123;Trento
45;3829;38123;Trento
46;3829;38123;Trento
47;3829;38123;Trento
48;3829;38123;Trento
49;3829;38123;Trento
50;3829;38123;Trento
51;3829;38123;Trento
52;3829;38123;Trento
52;3829;38123;Trento
52;3829;38123;Trento
52;3829;38123;Trento
52;3829;38123;Trento
52;3829;38123;Trento
52;3829;38123;Trento
52;3829;38123;Trento
52;3829;38123;Trento
53;3829;38123;Trento
55;3829;38123;Trento
57;3829;38123;Trento
59;3829;38123;Trento
61;3829;38123;Trento
63;3829;38123;Trento
65;3829;38123;Trento
67;3829;38123;Trento
69;3829;38123;Trento
71;3829;38123;Trento
4;5690;38121;Gardolo
73;3829;38123;Trento
75;3829;38123;Trento
77;3829;38123;Trento
79;3829;38123;Trento
79;3829;38123;Trento
81;3829;38123;Trento
3;5040;38121;Gardolo
3;5040;38121;Gardolo
83;3829;38123;Trento
85;3829;38123;Trento
87;3829;38123;Trento
89;3829;38123;Trento
91;3829;38123;Trento
93;3829;38123;Trento
95;3829;38123;Trento
97;3829;38123;Trento
99;3829;38123;Trento
101;3829;38123;Trento
103;3829;38123;Trento
3;3830;38123;Trento
3;3830;38123;Trento
3;3830;38123;Trento
3;3830;38123;Trento
4;3830;38123;Trento
6;3830;38123;Trento
8;3830;38123;Trento
8;3830;38123;Trento
10;3830;38123;Trento
10;3830;38123;Trento
12;3830;38123;Trento
14;3830;38123;Trento
18;3830;38123;Trento
20;3830;38123;Trento
22;3830;38123;Trento
22;3830;38123;Trento
4;5690;38121;Gardolo
24;3830;38123;Trento
24;3830;38123;Trento
24;3830;38123;Trento
28;3830;38123;Trento
28;3830;38123;Trento
28/A;3830;38123;Trento
32;3830;38123;Trento
32;3830;38123;Trento
34;3830;38123;Trento
34;3830;38123;Trento
34;3830;38123;Trento
38;3830;38123;Trento
38;3830;38123;Trento
1;3831;38123;Trento
1;3831;38123;Trento
1;3831;38123;Trento
2;3831;38123;Trento
2;3831;38123;Trento
3;3831;38123;Trento
3;3831;38123;Trento
4;3831;38123;Trento
4;3831;38123;Trento
5;3831;38123;Trento
2;3832;38123;Villazzano
2;3832;38123;Villazzano
2;3832;38123;Villazzano
4;3832;38123;Villazzano
6;3832;38123;Villazzano
8;3832;38123;Villazzano
10;3832;38123;Villazzano
12;3832;38123;Villazzano
12;3832;38123;Villazzano
2;3833;38123;Trento
2;3833;38123;Trento
2;3833;38123;Trento
2;3833;38123;Trento
3;3833;38123;Trento
3;3833;38123;Trento
3;3833;38123;Trento
4;3833;38123;Trento
4;3833;38123;Trento
6;3833;38123;Trento
6;3833;38123;Trento
8;3833;38123;Trento
8;3833;38123;Trento
10;3833;38123;Trento
10;3833;38123;Trento
3;3834;38123;Villazzano
4;3834;38123;Trento
4;3834;38123;Trento
5;3834;38123;Villazzano
6;3834;38123;Trento
10;3834;38123;Trento
11;3834;38123;Villazzano
11;3834;38123;Villazzano
12;3834;38123;Trento
12;3834;38123;Trento
16;3834;38123;Trento
16;3834;38123;Trento
18;3834;38123;Trento
18;3834;38123;Trento
18;3834;38123;Trento
1;3835;38123;Villazzano
1;3835;38123;Villazzano
1;3835;38123;Villazzano
2;3835;38123;Trento
2;3835;38123;Trento
2;3835;38123;Trento
2;3835;38123;Trento
2;3835;38123;Trento
2;3835;38123;Trento
2;3835;38123;Trento
2;3835;38123;Trento
2;3835;38123;Trento
2;3835;38123;Trento
2;3835;38123;Trento
2;3835;38123;Trento
2;3835;38123;Trento
2;3835;38123;Trento
2;3835;38123;Trento
2;3835;38123;Trento
2;3835;38123;Trento
2;3835;38123;Trento
2;3835;38123;Trento
2;3835;38123;Trento
2;3835;38123;Trento
2;3835;38123;Trento
2;3835;38123;Trento
2;3835;38123;Trento
2;3835;38123;Trento
2;3835;38123;Trento
2;3835;38123;Trento
2;3835;38123;Trento
3;3835;38123;Villazzano
3;3835;38123;Villazzano
3;3835;38123;Villazzano
3;3835;38123;Villazzano
3;3835;38123;Villazzano
3;3835;38123;Villazzano
3;3835;38123;Villazzano
3;3835;38123;Villazzano
3;3835;38123;Villazzano
3;3835;38123;Villazzano
3;3835;38123;Villazzano
3;3835;38123;Villazzano
3;3835;38123;Villazzano
3;3835;38123;Villazzano
3;3835;38123;Villazzano
3;3835;38123;Villazzano
3;3835;38123;Villazzano
12;5715;38121;Gardolo
3;3835;38123;Villazzano
3;3835;38123;Villazzano
3;3835;38123;Villazzano
3;3835;38123;Villazzano
3;3835;38123;Villazzano
3;3835;38123;Villazzano
3;3835;38123;Villazzano
3;3835;38123;Villazzano
3;3835;38123;Villazzano
3;3835;38123;Villazzano
3/A;3835;38123;Villazzano
3/B;3835;38123;Villazzano
4;3835;38123;Trento
4;3835;38123;Trento
4;3835;38123;Trento
5;3835;38123;Villazzano
5;3835;38123;Villazzano
6;3835;38123;Trento
6;3835;38123;Trento
7;3835;38123;Villazzano
7;3835;38123;Villazzano
7;3835;38123;Villazzano
7;3835;38123;Villazzano
8;3835;38123;Trento
8;3835;38123;Trento
8;3835;38123;Trento
8;3835;38123;Trento
8;3835;38123;Trento
8;3835;38123;Trento
11;3835;38123;Villazzano
11;3835;38123;Villazzano
1;3836;38123;Villazzano
2;3836;38123;Villazzano
2;3836;38123;Villazzano
2;3836;38123;Villazzano
2;3836;38123;Villazzano
2;3836;38123;Villazzano
2;3836;38123;Villazzano
2;3836;38123;Villazzano
2;3836;38123;Villazzano
2;3836;38123;Villazzano
2;3836;38123;Villazzano
2;3836;38123;Villazzano
3;3836;38123;Trento
3;3836;38123;Trento
4;3836;38123;Trento
4;3836;38123;Trento
4;3836;38123;Trento
4;3836;38123;Trento
4;3836;38123;Trento
4;3836;38123;Trento
4;3836;38123;Trento
5;3836;38123;Trento
5;3836;38123;Trento
6;3836;38123;Trento
7;3836;38123;Trento
7;3836;38123;Trento
8;3836;38123;Trento
9;3836;38123;Trento
9;3836;38123;Trento
9;3836;38123;Trento
10;3836;38123;Trento
11;3836;38123;Trento
11;3836;38123;Trento
12;3836;38123;Trento
12;3836;38123;Trento
14;3836;38123;Trento
16;3836;38123;Trento
16;3836;38123;Trento
18;3836;38123;Trento
18;3836;38123;Trento
18;3836;38123;Trento
20;3836;38123;Trento
20;3836;38123;Trento
22;3836;38123;Trento
22;3836;38123;Trento
22;3836;38123;Trento
22;3836;38123;Trento
22;3836;38123;Trento
24;3836;38123;Trento
24;3836;38123;Trento
26;3836;38123;Trento
26;3836;38123;Trento
28;3836;38123;Trento
28;3836;38123;Trento
30;3836;38123;Trento
30;3836;38123;Trento
32;3836;38123;Trento
32;3836;38123;Trento
1;3837;38122;Trento
2;3837;38122;Trento
3;3837;38122;Trento
4;3837;38122;Trento
5;3837;38122;Trento
6;3837;38122;Trento
7;3837;38122;Trento
8;3837;38122;Trento
9;3837;38122;Trento
10;3837;38122;Trento
11;3837;38122;Trento
12;3837;38122;Trento
13;3837;38122;Trento
14;3837;38122;Trento
15;3837;38122;Trento
16;3837;38122;Trento
17;3837;38122;Trento
18;3837;38122;Trento
19;3837;38122;Trento
20;3837;38122;Trento
21;3837;38122;Trento
22;3837;38122;Trento
23;3837;38122;Trento
24;3837;38122;Trento
25;3837;38122;Trento
26;3837;38122;Trento
27;3837;38122;Trento
28;3837;38122;Trento
29;3837;38122;Trento
31;3837;38122;Trento
32;3837;38122;Trento
33;3837;38122;Trento
34;3837;38122;Trento
35;3837;38122;Trento
36;3837;38122;Trento
37;3837;38122;Trento
38;3837;38122;Trento
40;3837;38122;Trento
1;3838;38122;Trento
2;3838;38122;Trento
3;3838;38122;Trento
4;3838;38122;Trento
5;3838;38122;Trento
6;3838;38122;Trento
7;3838;38122;Trento
8;3838;38122;Trento
9;3838;38122;Trento
10;3838;38122;Trento
11;3838;38122;Trento
12;3838;38122;Trento
13;3838;38122;Trento
15;3838;38122;Trento
17;3838;38122;Trento
2;3839;38122;Trento
2/A;3839;38122;Trento
3;3839;38122;Trento
4;3839;38122;Trento
5;3839;38122;Trento
6;3839;38122;Trento
8;3839;38122;Trento
10;3839;38122;Trento
18;3839;38122;Trento
20;3839;38122;Trento
1;3840;38121;Trento
7;3840;38121;Trento
8;3840;38121;Trento
1;3841;38122;Trento
2;3841;38122;Trento
3;3841;38122;Trento
4;3841;38122;Trento
5;3841;38122;Trento
6;3841;38122;Trento
7;3841;38122;Trento
8;3841;38122;Trento
9;3841;38122;Trento
10;3841;38122;Trento
11;3841;38122;Trento
12;3841;38122;Trento
13;3841;38122;Trento
14;3841;38122;Trento
15;3841;38122;Trento
16;3841;38122;Trento
17;3841;38122;Trento
18;3841;38122;Trento
19;3841;38122;Trento
20;3841;38122;Trento
21;3841;38122;Trento
22;3841;38122;Trento
23;3841;38122;Trento
24;3841;38122;Trento
25;3841;38122;Trento
26;3841;38122;Trento
27;3841;38122;Trento
28;3841;38122;Trento
29;3841;38122;Trento
30;3841;38122;Trento
32;3841;38122;Trento
34;3841;38122;Trento
36;3841;38122;Trento
38;3841;38122;Trento
1;3842;38122;Trento
2;3842;38122;Trento
3;3842;38122;Trento
4;3842;38122;Trento
6;3842;38122;Trento
7;3842;38122;Trento
8;3842;38122;Trento
10;3842;38122;Trento
12;3842;38122;Trento
13;3842;38122;Trento
14;3842;38122;Trento
15;3842;38122;Trento
16;3842;38122;Trento
18;3842;38122;Trento
1;3843;38122;Trento
3;3843;38122;Trento
5;3843;38122;Trento
7;3843;38122;Trento
9;3843;38122;Trento
11;3843;38122;Trento
13;3843;38122;Trento
1;3844;38122;Trento
11;3844;38122;Trento
2;3845;38122;Trento
4;3845;38122;Trento
5;3845;38122;Trento
6;3845;38122;Trento
7;3845;38122;Trento
1;3846;38122;Trento
1;3846;38122;Trento
1;3846;38122;Trento
2;3846;38122;Trento
3;3846;38122;Trento
3;3846;38122;Trento
3;3846;38122;Trento
3;3846;38122;Trento
3;3846;38122;Trento
4;3846;38122;Trento
5;3846;38122;Trento
5;3846;38122;Trento
7;3846;38122;Trento
7;3846;38122;Trento
9;3846;38122;Trento
9;3846;38122;Trento
11;3846;38122;Trento
11;3846;38122;Trento
13;3846;38122;Trento
13;3846;38122;Trento
13;3846;38122;Trento
15;3846;38122;Trento
17;3846;38122;Trento
17;3846;38122;Trento
21;3846;38122;Trento
21;3846;38122;Trento
23;3846;38122;Trento
23;3846;38122;Trento
23;3846;38122;Trento
27;3846;38122;Trento
29;3846;38122;Trento
29;3846;38122;Trento
31;3846;38122;Trento
31;3846;38122;Trento
33;3846;38122;Trento
35;3846;38122;Trento
35;3846;38122;Trento
37;3846;38122;Trento
37;3846;38122;Trento
37;3846;38122;Trento
37;3846;38122;Trento
37;3846;38122;Trento
39;3846;38122;Trento
41;3846;38122;Trento
4;3847;38121;Trento
5;3847;38121;Trento
6;3847;38121;Trento
7;3847;38121;Trento
8;3847;38121;Trento
10;3847;38121;Trento
12;3847;38121;Trento
1;3848;38121;Trento
1;3848;38121;Trento
2;3848;38121;Cognola
3;3848;38121;Trento
4;3848;38121;Cognola
4;3848;38121;Cognola
6;3848;38121;Cognola
6;3848;38121;Cognola
8;3848;38121;Cognola
8;3848;38121;Cognola
9;3848;38121;Trento
9;3848;38121;Trento
9;3848;38121;Trento
13;3848;38121;Trento
13;3848;38121;Trento
15;3848;38121;Trento
15;3848;38121;Trento
2;3850;38121;Trento
4;3850;38121;Trento
6;3850;38121;Trento
8;3850;38121;Trento
14;3850;38121;Gardolo
2;3860;38123;Trento
2;3860;38123;Trento
6;3860;38123;Trento
10;3860;38123;Trento
12;3860;38123;Trento
13;3860;38123;Trento
14;3860;38123;Trento
16;3860;38123;Trento
18;3860;38123;Trento
18;3860;38123;Trento
20;3860;38123;Trento
20;3860;38123;Trento
22;3860;38123;Trento
22;3860;38123;Trento
24;3860;38123;Trento
26;3860;38123;Trento
28;3860;38123;Trento
28;3860;38123;Trento
30;3860;38123;Trento
30;3860;38123;Trento
32;3860;38123;Trento
32;3860;38123;Trento
34;3860;38123;Trento
36;3860;38123;Trento
36;3860;38123;Trento
36;3860;38123;Trento
36;3860;38123;Trento
40;3860;38123;Trento
40;3860;38123;Trento
40;3860;38123;Trento
2;3870;38122;Trento
4;3870;38122;Trento
4;3880;38121;Trento
4;3880;38121;Trento
6;3880;38121;Trento
8;3880;38121;Trento
10;3880;38121;Trento
12;3880;38121;Trento
18;3880;38121;Trento
20;3880;38121;Trento
22;3880;38121;Trento
1;3890;38122;Trento
1;3890;38122;Trento
4;3890;38122;Trento
5;3890;38122;Trento
6;3890;38122;Trento
7;3890;38122;Trento
8;3890;38122;Trento
8;3890;38122;Trento
9;3890;38122;Trento
13;3890;38122;Trento
15;3890;38122;Trento
19;3890;38122;Trento
21;3890;38122;Trento
23;3890;38122;Trento
23;3890;38122;Trento
27;3890;38122;Trento
27;3890;38122;Trento
27;3890;38122;Trento
31;3890;38122;Trento
33;3890;38122;Trento
33;3890;38122;Trento
35;3890;38122;Trento
1;3900;38121;Trento
2;3900;38121;Trento
3;3900;38121;Trento
4;3900;38121;Trento
5;3900;38121;Trento
6;3900;38121;Trento
7;3900;38121;Trento
8;3900;38121;Trento
9;3900;38121;Trento
10;3900;38121;Trento
12;3900;38121;Trento
1;3901;38122;Trento
1;3901;38122;Trento
1;3901;38122;Trento
1;3901;38122;Trento
3;3901;38122;Trento
3;3901;38122;Trento
3;3901;38122;Trento
4;3901;38122;Trento
4;3901;38122;Trento
5;3901;38122;Trento
5;3901;38122;Trento
6;3901;38122;Trento
6/B;3901;38122;Trento
6/C;3901;38122;Trento
6/D;3901;38122;Trento
7;3901;38122;Trento
7;3901;38122;Trento
9;3901;38122;Trento
10;3901;38122;Trento
10;3901;38122;Trento
10;3901;38122;Trento
11;3901;38122;Trento
13;3901;38122;Trento
14;3901;38122;Trento
14;3901;38122;Trento
14;3901;38122;Trento
15;3901;38122;Trento
16;3901;38122;Trento
16;3901;38122;Trento
17;3901;38122;Trento
18;3901;38122;Trento
18;3901;38122;Trento
18;3901;38122;Trento
18;3901;38122;Trento
19;3901;38122;Trento
19;3901;38122;Trento
20;3901;38122;Trento
20;3901;38122;Trento
20;3901;38122;Trento
21;3901;38122;Trento
22;3901;38122;Trento
23;3901;38122;Trento
24;3901;38122;Trento
25;3901;38122;Trento
25;3901;38122;Trento
26;3901;38122;Trento
26;3901;38122;Trento
27;3901;38122;Trento
28;3901;38122;Trento
28;3901;38122;Trento
29;3901;38122;Trento
30;3901;38122;Trento
31;3901;38122;Trento
31;3901;38122;Trento
32;3901;38122;Trento
33;3901;38122;Trento
34;3901;38122;Trento
35;3901;38122;Trento
36;3901;38122;Trento
38;3901;38122;Trento
38;3901;38122;Trento
38;3901;38122;Trento
39;3901;38122;Trento
40;3901;38122;Trento
41;3901;38122;Trento
42;3901;38122;Trento
44;3901;38122;Trento
45;3901;38122;Trento
46;3901;38122;Trento
47;3901;38122;Trento
49;3901;38122;Trento
51;3901;38122;Trento
53;3901;38122;Trento
55;3901;38122;Trento
57;3901;38122;Trento
59;3901;38122;Trento
61;3901;38122;Trento
63;3901;38122;Trento
65;3901;38122;Trento
67;3901;38122;Trento
71;3901;38122;Trento
73;3901;38122;Trento
75;3901;38122;Trento
77;3901;38122;Trento
79;3901;38122;Trento
81;3901;38122;Trento
83;3901;38122;Trento
85;3901;38122;Trento
85;3901;38122;Trento
87;3901;38122;Trento
89;3901;38122;Trento
91;3901;38122;Trento
93;3901;38122;Trento
97;3901;38122;Trento
99;3901;38122;Trento
101;3901;38122;Trento
103;3901;38122;Trento
103;3901;38122;Trento
105;3901;38122;Trento
107;3901;38122;Trento
109;3901;38122;Trento
111;3901;38122;Trento
113;3901;38122;Trento
117;3901;38122;Trento
117;3901;38122;Trento
119;3901;38122;Trento
121;3901;38122;Trento
121;3901;38122;Trento
123;3901;38122;Trento
123;3901;38122;Trento
125;3901;38122;Trento
125;3901;38122;Trento
127;3901;38122;Trento
129;3901;38122;Trento
131;3901;38122;Trento
133;3901;38122;Trento
2;3902;38123;Trento
4;3902;38123;Trento
12;5715;38121;Gardolo
6;3902;38123;Trento
8;3902;38123;Trento
10;3902;38123;Trento
12;3902;38123;Trento
14;3902;38123;Trento
16;3902;38123;Trento
16;3902;38123;Trento
18;3902;38123;Trento
18;3902;38123;Trento
20;3902;38123;Trento
20;3902;38123;Trento
22;3902;38123;Trento
22;3902;38123;Trento
24;3902;38123;Trento
26;3902;38123;Trento
28;3902;38123;Trento
30;3902;38123;Trento
1;3903;38123;Trento
3;3903;38123;Trento
5;3903;38123;Trento
4;3904;38122;Trento
6;3904;38122;Trento
8;3904;38122;Trento
10;3904;38122;Trento
12;3904;38122;Trento
14;3904;38122;Trento
2;3905;38122;Trento
4;3905;38122;Trento
6;3905;38122;Trento
8;3905;38122;Trento
1;3906;38122;Trento
1;3906;38122;Trento
2;3906;38122;Trento
3;3906;38122;Trento
4;3906;38122;Trento
5;3906;38122;Trento
1;3907;38122;Trento
1;5010;38121;Gardolo
01-gen;5010;38121;Gardolo
2;5010;38121;Gardolo
3;5010;38121;Gardolo
3;5010;38121;Gardolo
3;5010;38121;Gardolo
3;5010;38121;Gardolo
4;5010;38121;Gardolo
4;5010;38121;Gardolo
6;5010;38121;Gardolo
6;5010;38121;Gardolo
6;5010;38121;Gardolo
6;5010;38121;Gardolo
8;5010;38121;Gardolo
8;5010;38121;Gardolo
9;5010;38121;Gardolo
9/A;5010;38121;Gardolo
9/A;5010;38121;Gardolo
11;5010;38121;Gardolo
11;5010;38121;Gardolo
15;5010;38121;Gardolo
15;5010;38121;Gardolo
15;5010;38121;Gardolo
15;5010;38121;Gardolo
16;5010;38121;Gardolo
16;5010;38121;Gardolo
17;5010;38121;Gardolo
17;5010;38121;Gardolo
18;5010;38121;Gardolo
20;5010;38121;Gardolo
21;5010;38121;Gardolo
21-gen;5010;38121;Gardolo
22;5010;38121;Gardolo
23;5010;38121;Gardolo
23;5010;38121;Gardolo
24;5010;38121;Gardolo
24;5010;38121;Gardolo
24;5010;38121;Gardolo
24;5010;38121;Gardolo
25;5010;38121;Gardolo
25;5010;38121;Gardolo
26;5010;38121;Gardolo
26;5010;38121;Gardolo
27;5010;38121;Gardolo
27-gen;5010;38121;Gardolo
28;5010;38121;Gardolo
28/A;5010;38121;Gardolo
28/A;5010;38121;Gardolo
29;5010;38121;Gardolo
29;5010;38121;Gardolo
30;5010;38121;Gardolo
30;5010;38121;Gardolo
30;5010;38121;Gardolo
31;5010;38121;Gardolo
31;5010;38121;Gardolo
32;5010;38121;Gardolo
32;5010;38121;Gardolo
33;5010;38121;Gardolo
33;5010;38121;Gardolo
34;5010;38121;Gardolo
34;5010;38121;Gardolo
34;5010;38121;Gardolo
34;5010;38121;Gardolo
34;5010;38121;Gardolo
34;5010;38121;Gardolo
34;5010;38121;Gardolo
34;5010;38121;Gardolo
35;5010;38121;Gardolo
35;5010;38121;Gardolo
35;5010;38121;Gardolo
37;5010;38121;Gardolo
37;5010;38121;Gardolo
38;5010;38121;Gardolo
38;5010;38121;Gardolo
38/A;5010;38121;Gardolo
39;5010;38121;Gardolo
39;5010;38121;Gardolo
41;5010;38121;Gardolo
41;5010;38121;Gardolo
43;5010;38121;Gardolo
43;5010;38121;Gardolo
43;5010;38121;Gardolo
44;5010;38121;Gardolo
45;5010;38121;Gardolo
45;5010;38121;Gardolo
45;5010;38121;Gardolo
45;5010;38121;Gardolo
46;5010;38121;Gardolo
47;5010;38121;Gardolo
48;5010;38121;Gardolo
48;5010;38121;Gardolo
49;5010;38121;Gardolo
49;5010;38121;Gardolo
49;5010;38121;Gardolo
50;5010;38121;Gardolo
50;5010;38121;Gardolo
51;5010;38121;Gardolo
52;5010;38121;Gardolo
52;5010;38121;Gardolo
52/A;5010;38121;Gardolo
52/A;5010;38121;Gardolo
52/A;5010;38121;Gardolo
52/A;5010;38121;Gardolo
52/A;5010;38121;Gardolo
53;5010;38121;Gardolo
53/2;5010;38121;Gardolo
53/A;5010;38121;Gardolo
53/B;5010;38121;Gardolo
54;5010;38121;Gardolo
54;5010;38121;Gardolo
54;5010;38121;Gardolo
55;5010;38121;Gardolo
56;5010;38121;Gardolo
2;5777;38121;Gardolo
56/A;5010;38121;Gardolo
56/A;5010;38121;Gardolo
57;5010;38121;Gardolo
58;5010;38121;Gardolo
58;5010;38121;Gardolo
59;5010;38121;Gardolo
60;5010;38121;Gardolo
61;5010;38121;Gardolo
61;5010;38121;Gardolo
62;5010;38121;Gardolo
63;5010;38121;Gardolo
63;5010;38121;Gardolo
64;5010;38121;Gardolo
65;5010;38121;Gardolo
65;5010;38121;Gardolo
65;5010;38121;Gardolo
66;5010;38121;Gardolo
67;5010;38121;Gardolo
67/1;5010;38121;Gardolo
68;5010;38121;Gardolo
69;5010;38121;Gardolo
69;5010;38121;Gardolo
70;5010;38121;Gardolo
71;5010;38121;Gardolo
71;5010;38121;Gardolo
72;5010;38121;Gardolo
73;5010;38121;Gardolo
73/1;5010;38121;Gardolo
73/2;5010;38121;Gardolo
74;5010;38121;Gardolo
75;5010;38121;Gardolo
75;5010;38121;Gardolo
75;5010;38121;Gardolo
77;5010;38121;Gardolo
77;5010;38121;Gardolo
77;5010;38121;Gardolo
79;5010;38121;Gardolo
81;5010;38121;Gardolo
81;5010;38121;Gardolo
83;5010;38121;Gardolo
85;5010;38121;Gardolo
87;5010;38121;Gardolo
87;5010;38121;Gardolo
87;5010;38121;Gardolo
93;5010;38121;Gardolo
93;5010;38121;Gardolo
95;5010;38121;Gardolo
95;5010;38121;Gardolo
97;5010;38121;Gardolo
97;5010;38121;Gardolo
97;5010;38121;Gardolo
99;5010;38121;Gardolo
101;5010;38121;Gardolo
101;5010;38121;Gardolo
103;5010;38121;Gardolo
103;5010;38121;Gardolo
105;5010;38121;Gardolo
107;5010;38121;Gardolo
107;5010;38121;Gardolo
107;5010;38121;Gardolo
109;5010;38121;Gardolo
111;5010;38121;Gardolo
111/1;5010;38121;Gardolo
113;5010;38121;Gardolo
115;5010;38121;Gardolo
115;5010;38121;Gardolo
115;5010;38121;Gardolo
115;5010;38121;Gardolo
115;5010;38121;Gardolo
115;5010;38121;Gardolo
115;5010;38121;Gardolo
115;5010;38121;Gardolo
115;5010;38121;Gardolo
119;5010;38121;Gardolo
121;5010;38121;Gardolo
121;5010;38121;Gardolo
121;5010;38121;Gardolo
1;5020;38121;Gardolo
2;5020;38121;Gardolo
2;5020;38121;Gardolo
3;5020;38121;Gardolo
4;5020;38121;Gardolo
5;5020;38121;Gardolo
5;5020;38121;Gardolo
6;5020;38121;Gardolo
7;5020;38121;Gardolo
7;5020;38121;Gardolo
7;5020;38121;Gardolo
8;5020;38121;Gardolo
8;5020;38121;Gardolo
9;5020;38121;Gardolo
10;5020;38121;Gardolo
10;5020;38121;Gardolo
10;5020;38121;Gardolo
10;5020;38121;Gardolo
10;5020;38121;Gardolo
11;5020;38121;Gardolo
11;5020;38121;Gardolo
12;5020;38121;Gardolo
13;5020;38121;Gardolo
13;5020;38121;Gardolo
13;5020;38121;Gardolo
14;5020;38121;Gardolo
14;5020;38121;Gardolo
16;5020;38121;Gardolo
17;5020;38121;Gardolo
17;5020;38121;Gardolo
18;5020;38121;Gardolo
18;5020;38121;Gardolo
18;5020;38121;Gardolo
18/A;5020;38121;Gardolo
20;5020;38121;Gardolo
21;5020;38121;Gardolo
21;5020;38121;Gardolo
21;5020;38121;Gardolo
21;5020;38121;Gardolo
22;5020;38121;Gardolo
23;5020;38121;Gardolo
23;5020;38121;Gardolo
23;5020;38121;Gardolo
23;5020;38121;Gardolo
23;5020;38121;Gardolo
23;5020;38121;Gardolo
23;5020;38121;Gardolo
24;5020;38121;Gardolo
25;5020;38121;Gardolo
25;5020;38121;Gardolo
25;5020;38121;Gardolo
26;5020;38121;Gardolo
27;5020;38121;Gardolo
29;5020;38121;Gardolo
31;5020;38121;Gardolo
33;5020;38121;Gardolo
2;5030;38121;Gardolo
3;5030;38121;Gardolo
4;5030;38121;Gardolo
4;5030;38121;Gardolo
6;5030;38121;Gardolo
6;5030;38121;Gardolo
6;5030;38121;Gardolo
8;5030;38121;Gardolo
8;5030;38121;Gardolo
8;5030;38121;Gardolo
9/A;5030;38121;Gardolo
9/B;5030;38121;Gardolo
9/C;5030;38121;Gardolo
9/D;5030;38121;Gardolo
9/E;5030;38121;Gardolo
9/F;5030;38121;Gardolo
9/G;5030;38121;Gardolo
9/H;5030;38121;Gardolo
9/I;5030;38121;Gardolo
9/L;5030;38121;Gardolo
10;5030;38121;Gardolo
10;5030;38121;Gardolo
12;5030;38121;Gardolo
12;5030;38121;Gardolo
15/A;5030;38121;Gardolo
15/A;5030;38121;Gardolo
15/B;5030;38121;Gardolo
15/B;5030;38121;Gardolo
15/C;5030;38121;Gardolo
15/C;5030;38121;Gardolo
17;5030;38121;Gardolo
17;5030;38121;Gardolo
17;5030;38121;Gardolo
17;5030;38121;Gardolo
18;5030;38121;Gardolo
18-gen;5030;38121;Gardolo
19;5030;38121;Gardolo
20;5030;38121;Gardolo
21;5030;38121;Gardolo
21;5030;38121;Gardolo
21;5030;38121;Gardolo
21/A;5030;38121;Gardolo
21/A;5030;38121;Gardolo
21/A;5030;38121;Gardolo
21/A;5030;38121;Gardolo
21/A;5030;38121;Gardolo
22;5030;38121;Gardolo
23;5030;38121;Gardolo
23-gen;5030;38121;Gardolo
24;5030;38121;Gardolo
24-gen;5030;38121;Gardolo
24-feb;5030;38121;Gardolo
24-feb;5030;38121;Gardolo
25;5030;38121;Gardolo
25/A;5030;38121;Gardolo
25/A;5030;38121;Gardolo
25/A;5030;38121;Gardolo
25/A;5030;38121;Gardolo
25/A;5030;38121;Gardolo
26;5030;38121;Gardolo
26;5030;38121;Gardolo
26;5030;38121;Gardolo
27;5030;38121;Gardolo
28;5030;38121;Gardolo
28;5030;38121;Gardolo
29;5030;38121;Gardolo
32;5030;38121;Gardolo
32;5030;38121;Gardolo
45;5030;38121;Gardolo
47;5030;38121;Gardolo
47/1;5030;38121;Gardolo
49;5030;38121;Gardolo
51;5030;38121;Gardolo
51;5030;38121;Gardolo
57;5030;38121;Gardolo
61;5030;38121;Gardolo
2;5038;38121;Gardolo
2;5038;38121;Gardolo
4;5038;38121;Gardolo
4;5038;38121;Gardolo
6;5038;38121;Gardolo
8;5038;38121;Gardolo
9;5038;38121;Gardolo
10;5038;38121;Gardolo
11;5038;38121;Gardolo
14;5038;38121;Gardolo
14/A;5038;38121;Gardolo
15;5038;38121;Gardolo
20;5038;38121;Gardolo
22;5038;38121;Gardolo
24;5038;38121;Gardolo
34;5038;38121;Gardolo
36;5038;38121;Gardolo
2;5040;38121;Gardolo
2/A;5040;38121;Gardolo
2/B;5040;38121;Gardolo
4;5040;38121;Gardolo
5;5040;38121;Gardolo
6;5040;38121;Gardolo
7;5040;38121;Gardolo
10;5040;38121;Gardolo
10;5040;38121;Gardolo
12;5040;38121;Gardolo
12;5040;38121;Gardolo
12;5040;38121;Gardolo
15;5040;38121;Gardolo
15;5040;38121;Gardolo
15;5040;38121;Gardolo
16;5040;38121;Gardolo
16;5040;38121;Gardolo
16;5040;38121;Gardolo
17;5040;38121;Gardolo
17;5040;38121;Gardolo
17;5040;38121;Gardolo
17;5040;38121;Gardolo
18;5040;38121;Gardolo
19;5040;38121;Gardolo
19;5040;38121;Gardolo
19;5040;38121;Gardolo
20;5040;38121;Gardolo
20;5040;38121;Gardolo
21;5040;38121;Gardolo
21;5040;38121;Gardolo
21;5040;38121;Gardolo
21;5040;38121;Gardolo
21;5040;38121;Gardolo
22;5040;38121;Gardolo
24;5040;38121;Gardolo
24;5040;38121;Gardolo
26;5040;38121;Gardolo
26;5040;38121;Gardolo
28;5040;38121;Gardolo
30;5040;38121;Gardolo
32;5040;38121;Gardolo
32;5040;38121;Gardolo
34;5040;38121;Gardolo
34;5040;38121;Gardolo
36;5040;38121;Gardolo
36;5040;38121;Gardolo
42;5040;38121;Gardolo
42;5040;38121;Gardolo
42;5040;38121;Gardolo
42;5040;38121;Gardolo
42;5040;38121;Gardolo
44;5040;38121;Trento
44;5040;38121;Trento
44;5040;38121;Trento
44;5040;38121;Trento
44/A;5040;38121;Trento
1;5070;38121;Gardolo
1;5070;38121;Gardolo
2;5070;38121;Gardolo
2;5070;38121;Gardolo
2;5070;38121;Gardolo
3;5070;38121;Gardolo
4;5070;38121;Gardolo
4;5070;38121;Gardolo
4;5070;38121;Gardolo
5;5070;38121;Gardolo
6;5070;38121;Gardolo
6;5070;38121;Gardolo
7;5070;38121;Gardolo
07-gen;5070;38121;Gardolo
8;5070;38121;Gardolo
8;5070;38121;Gardolo
8;5070;38121;Gardolo
8;5070;38121;Gardolo
9;5070;38121;Gardolo
9;5070;38121;Gardolo
10;5070;38121;Gardolo
10/B;5070;38121;Gardolo
10/C;5070;38121;Gardolo
11;5070;38121;Gardolo
11;5070;38121;Gardolo
11;5070;38121;Gardolo
11;5070;38121;Gardolo
11;5070;38121;Gardolo
11/B;5070;38121;Gardolo
11/B;5070;38121;Gardolo
11/B;5070;38121;Gardolo
12/A;5070;38121;Gardolo
12/B;5070;38121;Gardolo
12/C;5070;38121;Gardolo
12/D;5070;38121;Gardolo
12/E;5070;38121;Gardolo
12/F;5070;38121;Gardolo
13;5070;38121;Gardolo
14;5070;38121;Gardolo
14;5070;38121;Gardolo
15;5070;38121;Gardolo
15;5070;38121;Gardolo
15-gen;5070;38121;Gardolo
15-feb;5070;38121;Gardolo
15-mar;5070;38121;Gardolo
16;5070;38121;Gardolo
17;5070;38121;Gardolo
17;5070;38121;Gardolo
19;5070;38121;Gardolo
19;5070;38121;Gardolo
19/A;5070;38121;Gardolo
19/B;5070;38121;Gardolo
19/C;5070;38121;Gardolo
19/D;5070;38121;Gardolo
19/E;5070;38121;Gardolo
19/F;5070;38121;Gardolo
19/G;5070;38121;Gardolo
19/H;5070;38121;Gardolo
19/L;5070;38121;Gardolo
19/M;5070;38121;Gardolo
19/N;5070;38121;Gardolo
19/P;5070;38121;Gardolo
19/R;5070;38121;Gardolo
19/T;5070;38121;Gardolo
19/U;5070;38121;Gardolo
19/V;5070;38121;Gardolo
19/W;5070;38121;Gardolo
19/Z;5070;38121;Gardolo
21/A;5070;38121;Gardolo
21/B;5070;38121;Gardolo
21/C;5070;38121;Gardolo
21/F;5070;38121;Gardolo
21/G;5070;38121;Gardolo
21/L;5070;38121;Gardolo
21/L;5070;38121;Gardolo
21/M;5070;38121;Gardolo
21/M;5070;38121;Gardolo
21/N;5070;38121;Gardolo
21/N;5070;38121;Gardolo
21/P;5070;38121;Gardolo
21/P;5070;38121;Gardolo
21/R;5070;38121;Gardolo
21/R;5070;38121;Gardolo
21/S;5070;38121;Gardolo
21/S;5070;38121;Gardolo
26;5070;38121;Gardolo
28;5070;38121;Gardolo
28;5070;38121;Gardolo
30;5070;38121;Gardolo
30;5070;38121;Gardolo
30;5070;38121;Gardolo
30;5070;38121;Gardolo
30;5070;38121;Gardolo
32;5070;38121;Gardolo
32;5070;38121;Gardolo
32;5070;38121;Gardolo
32;5070;38121;Gardolo
34;5070;38121;Gardolo
34/1;5070;38121;Gardolo
34/2;5070;38121;Gardolo
34/3;5070;38121;Gardolo
36;5070;38121;Gardolo
36/A;5070;38121;Gardolo
36/B;5070;38121;Gardolo
36/C;5070;38121;Gardolo
36/D;5070;38121;Gardolo
36/E;5070;38121;Gardolo
37;5070;38121;Gardolo
37/1;5070;38121;Gardolo
37/1;5070;38121;Gardolo
37/2;5070;38121;Gardolo
37/2;5070;38121;Gardolo
39;5070;38121;Gardolo
39;5070;38121;Gardolo
39;5070;38121;Gardolo
40;5070;38121;Gardolo
40;5070;38121;Gardolo
42;5070;38121;Gardolo
43;5070;38121;Gardolo
43;5070;38121;Gardolo
44;5070;38121;Gardolo
45;5070;38121;Gardolo
45;5070;38121;Gardolo
46;5070;38121;Gardolo
46;5070;38121;Gardolo
46;5070;38121;Gardolo
47;5070;38121;Gardolo
48;5070;38121;Gardolo
48/1;5070;38121;Gardolo
48/2;5070;38121;Gardolo
48/3;5070;38121;Gardolo
48/4;5070;38121;Gardolo
48/A;5070;38121;Gardolo
48/B;5070;38121;Gardolo
48/C;5070;38121;Gardolo
48/D;5070;38121;Gardolo
49;5070;38121;Gardolo
50;5070;38121;Gardolo
50;5070;38121;Gardolo
50;5070;38121;Gardolo
50;5070;38121;Gardolo
50;5070;38121;Gardolo
59;5070;38121;Gardolo
59/A;5070;38121;Gardolo
61;5070;38121;Gardolo
63;5070;38121;Gardolo
63;5070;38121;Gardolo
65;5070;38121;Gardolo
1;5080;38121;Gardolo
3;5080;38121;Gardolo
4;5080;38121;Gardolo
4;5080;38121;Gardolo
5;5080;38121;Gardolo
5;5080;38121;Gardolo
7;5080;38121;Gardolo
8;5080;38121;Gardolo
8;5080;38121;Gardolo
9;5080;38121;Gardolo
11;5080;38121;Gardolo
13;5080;38121;Gardolo
15;5080;38121;Gardolo
15;5080;38121;Gardolo
19;5080;38121;Gardolo
19;5080;38121;Gardolo
20-gen;5080;38121;Gardolo
20-feb;5080;38121;Gardolo
20-mar;5080;38121;Gardolo
20-mar;5080;38121;Gardolo
20-apr;5080;38121;Gardolo
20-apr;5080;38121;Gardolo
20-mag;5080;38121;Gardolo
20-mag;5080;38121;Gardolo
20-giu;5080;38121;Gardolo
20-giu;5080;38121;Gardolo
20-giu;5080;38121;Gardolo
20-giu;5080;38121;Gardolo
22;5080;38121;Gardolo
22-gen;5080;38121;Gardolo
22-ott;5080;38121;Gardolo
22-ott;5080;38121;Gardolo
22-feb;5080;38121;Gardolo
22-mar;5080;38121;Gardolo
22-mar;5080;38121;Gardolo
22-apr;5080;38121;Gardolo
22-apr;5080;38121;Gardolo
22-apr;5080;38121;Gardolo
22-mag;5080;38121;Gardolo
22-mag;5080;38121;Gardolo
22-giu;5080;38121;Gardolo
22-giu;5080;38121;Gardolo
22-lug;5080;38121;Gardolo
22-lug;5080;38121;Gardolo
22-ago;5080;38121;Gardolo
22-set;5080;38121;Gardolo
22-set;5080;38121;Gardolo
22-set;5080;38121;Gardolo
23;5080;38121;Gardolo
23;5080;38121;Gardolo
23/A;5080;38121;Gardolo
23/B;5080;38121;Gardolo
23/B;5080;38121;Gardolo
23/B;5080;38121;Gardolo
23/C;5080;38121;Gardolo
23/D;5080;38121;Gardolo
24;5080;38121;Gardolo
24;5080;38121;Gardolo
25;5080;38121;Gardolo
25;5080;38121;Gardolo
25;5080;38121;Gardolo
26;5080;38121;Gardolo
26;5080;38121;Gardolo
26;5080;38121;Gardolo
27;5080;38121;Gardolo
28;5080;38121;Gardolo
28/A;5080;38121;Gardolo
28/A;5080;38121;Gardolo
28/B;5080;38121;Gardolo
28/B;5080;38121;Gardolo
29;5080;38121;Gardolo
29/A;5080;38121;Gardolo
29/A;5080;38121;Gardolo
29/B;5080;38121;Gardolo
29/C;5080;38121;Gardolo
29/C;5080;38121;Gardolo
29/C;5080;38121;Gardolo
29/C;5080;38121;Gardolo
30;5080;38121;Gardolo
30;5080;38121;Gardolo
31;5080;38121;Gardolo
31;5080;38121;Gardolo
31;5080;38121;Gardolo
31-gen;5080;38121;Gardolo
31-gen;5080;38121;Gardolo
31-gen;5080;38121;Gardolo
31-gen;5080;38121;Gardolo
31/2;5080;38121;Gardolo
31/2;5080;38121;Gardolo
31/A;5080;38121;Gardolo
31/A;5080;38121;Gardolo
32;5080;38121;Gardolo
32;5080;38121;Gardolo
33;5080;38121;Gardolo
33;5080;38121;Gardolo
33;5080;38121;Gardolo
33;5080;38121;Gardolo
34;5080;38121;Gardolo
34;5080;38121;Gardolo
34;5080;38121;Gardolo
34;5080;38121;Gardolo
34;5080;38121;Gardolo
34/1;5080;38121;Gardolo
34/2;5080;38121;Gardolo
34/3;5080;38121;Gardolo
34/4;5080;38121;Gardolo
35;5080;38121;Gardolo
35;5080;38121;Gardolo
36;5080;38121;Gardolo
36;5080;38121;Gardolo
36/1;5080;38121;Gardolo
36/1;5080;38121;Gardolo
36/1;5080;38121;Gardolo
36/1;5080;38121;Gardolo
37;5080;38121;Gardolo
37/A;5080;38121;Gardolo
38;5080;38121;Gardolo
38;5080;38121;Gardolo
43;5080;38121;Gardolo
44;5080;38121;Gardolo
44;5080;38121;Gardolo
44;5080;38121;Gardolo
44;5080;38121;Gardolo
44/1;5080;38121;Gardolo
44/1;5080;38121;Gardolo
44/1;5080;38121;Gardolo
44/1;5080;38121;Gardolo
44/1;5080;38121;Gardolo
44/1;5080;38121;Gardolo
44/1;5080;38121;Gardolo
44/1;5080;38121;Gardolo
44/1;5080;38121;Gardolo
44/1;5080;38121;Gardolo
44/1;5080;38121;Gardolo
44/1;5080;38121;Gardolo
45;5080;38121;Gardolo
46;5080;38121;Gardolo
46;5080;38121;Gardolo
46;5080;38121;Gardolo
46/1;5080;38121;Gardolo
46/1;5080;38121;Gardolo
46/1;5080;38121;Gardolo
46/1;5080;38121;Gardolo
46/1;5080;38121;Gardolo
46/1;5080;38121;Gardolo
46/1;5080;38121;Gardolo
46/1;5080;38121;Gardolo
46/1;5080;38121;Gardolo
47;5080;38121;Gardolo
48;5080;38121;Gardolo
48/1;5080;38121;Gardolo
48/2;5080;38121;Gardolo
49;5080;38121;Gardolo
50;5080;38121;Gardolo
51;5080;38121;Gardolo
51/2;5080;38121;Gardolo
53;5080;38121;Gardolo
54;5080;38121;Gardolo
55;5080;38121;Gardolo
55/A;5080;38121;Gardolo
55/A;5080;38121;Gardolo
55/B;5080;38121;Gardolo
55/B;5080;38121;Gardolo
56;5080;38121;Gardolo
57;5080;38121;Gardolo
57;5080;38121;Gardolo
57;5080;38121;Gardolo
57;5080;38121;Gardolo
57;5080;38121;Gardolo
58;5080;38121;Gardolo
59;5080;38121;Gardolo
59;5080;38121;Gardolo
62;5080;38121;Gardolo
62;5080;38121;Gardolo
62;5080;38121;Gardolo
66;5080;38121;Gardolo
66;5080;38121;Gardolo
66;5080;38121;Gardolo
1;5090;38121;Gardolo
1;5090;38121;Gardolo
1/A;5090;38121;Gardolo
1/B;5090;38121;Gardolo
1/C;5090;38121;Gardolo
1/D;5090;38121;Gardolo
2;5090;38121;Gardolo
3;5090;38121;Gardolo
3;5090;38121;Gardolo
3;5090;38121;Gardolo
3;5090;38121;Gardolo
4;5090;38121;Gardolo
4;5090;38121;Gardolo
4/A;5090;38121;Gardolo
4/B;5090;38121;Gardolo
5;5090;38121;Gardolo
05-gen;5090;38121;Gardolo
6;5090;38121;Gardolo
6;5090;38121;Gardolo
7;5090;38121;Gardolo
7;5090;38121;Gardolo
7;5090;38121;Gardolo
7;5090;38121;Gardolo
8;5090;38121;Gardolo
8;5090;38121;Gardolo
8;5090;38121;Gardolo
8;5090;38121;Gardolo
8;5090;38121;Gardolo
9;5090;38121;Gardolo
9;5090;38121;Gardolo
9;5090;38121;Gardolo
10;5090;38121;Gardolo
11;5090;38121;Gardolo
12;5090;38121;Gardolo
12;5090;38121;Gardolo
13;5090;38121;Gardolo
13;5090;38121;Gardolo
14;5090;38121;Gardolo
14;5090;38121;Gardolo
14;5090;38121;Gardolo
15;5090;38121;Gardolo
16;5090;38121;Gardolo
16;5090;38121;Gardolo
17;5090;38121;Gardolo
18;5090;38121;Gardolo
18;5090;38121;Gardolo
18;5090;38121;Gardolo
18;5090;38121;Gardolo
19;5090;38121;Gardolo
19;5090;38121;Gardolo
20;5090;38121;Gardolo
21;5090;38121;Gardolo
21;5090;38121;Gardolo
21;5090;38121;Gardolo
21-gen;5090;38121;Gardolo
21-feb;5090;38121;Gardolo
21-mar;5090;38121;Gardolo
21-apr;5090;38121;Gardolo
21-apr;5090;38121;Gardolo
22;5090;38121;Gardolo
22;5090;38121;Gardolo
22;5090;38121;Gardolo
23;5090;38121;Gardolo
23-gen;5090;38121;Gardolo
23-feb;5090;38121;Gardolo
23-feb;5090;38121;Gardolo
25;5090;38121;Gardolo
25-gen;5090;38121;Gardolo
27;5090;38121;Gardolo
27-gen;5090;38121;Gardolo
28;5090;38121;Gardolo
28;5090;38121;Gardolo
28;5090;38121;Gardolo
29;5090;38121;Gardolo
30;5090;38121;Gardolo
31;5090;38121;Gardolo
31;5090;38121;Gardolo
33;5090;38121;Gardolo
33;5090;38121;Gardolo
33;5090;38121;Gardolo
33;5090;38121;Gardolo
34;5090;38121;Gardolo
34/A;5090;38121;Gardolo
34/B;5090;38121;Gardolo
35;5090;38121;Gardolo
35;5090;38121;Gardolo
36;5090;38121;Gardolo
36;5090;38121;Gardolo
37;5090;38121;Gardolo
38;5090;38121;Gardolo
39;5090;38121;Gardolo
40;5090;38121;Gardolo
41;5090;38121;Gardolo
42;5090;38121;Gardolo
44;5090;38121;Gardolo
45;5090;38121;Gardolo
46;5090;38121;Gardolo
46/1;5090;38121;Gardolo
47;5090;38121;Gardolo
48;5090;38121;Gardolo
49;5090;38121;Gardolo
50;5090;38121;Gardolo
52;5090;38121;Gardolo
53;5090;38121;Gardolo
53;5090;38121;Gardolo
54;5090;38121;Gardolo
55;5090;38121;Gardolo
55;5090;38121;Gardolo
55;5090;38121;Gardolo
56;5090;38121;Gardolo
57;5090;38121;Gardolo
57;5090;38121;Gardolo
57/2;5090;38121;Gardolo
57/2;5090;38121;Gardolo
58;5090;38121;Gardolo
59;5090;38121;Gardolo
60;5090;38121;Gardolo
61;5090;38121;Gardolo
62;5090;38121;Gardolo
62;5090;38121;Gardolo
62;5090;38121;Gardolo
62;5090;38121;Gardolo
62;5090;38121;Gardolo
62;5090;38121;Gardolo
62;5090;38121;Gardolo
62;5090;38121;Gardolo
63;5090;38121;Gardolo
64;5090;38121;Gardolo
64;5090;38121;Gardolo
65;5090;38121;Gardolo
65;5090;38121;Gardolo
65/1;5090;38121;Gardolo
66;5090;38121;Gardolo
66;5090;38121;Gardolo
67;5090;38121;Gardolo
67/1;5090;38121;Gardolo
67/2;5090;38121;Gardolo
69;5090;38121;Gardolo
69/1;5090;38121;Gardolo
69/2;5090;38121;Gardolo
71;5090;38121;Gardolo
71;5090;38121;Gardolo
71;5090;38121;Gardolo
73;5090;38121;Gardolo
75;5090;38121;Gardolo
75;5090;38121;Gardolo
75;5090;38121;Gardolo
77;5090;38121;Gardolo
77;5090;38121;Gardolo
77;5090;38121;Gardolo
2;5093;38121;Gardolo
4;5093;38121;Gardolo
6;5093;38121;Gardolo
8;5093;38121;Gardolo
10;5093;38121;Gardolo
10;5093;38121;Gardolo
12;5093;38121;Gardolo
14;5093;38121;Gardolo
14;5093;38121;Gardolo
2;5101;38121;Gardolo
3;5101;38121;Gardolo
3;5101;38121;Gardolo
4;5101;38121;Gardolo
4;5101;38121;Gardolo
4;5101;38121;Gardolo
4;5101;38121;Gardolo
4;5101;38121;Gardolo
4;5101;38121;Gardolo
4;5101;38121;Gardolo
4;5101;38121;Gardolo
5;5101;38121;Gardolo
5;5101;38121;Gardolo
5;5101;38121;Gardolo
5;5101;38121;Gardolo
5/A;5101;38121;Gardolo
5/A;5101;38121;Gardolo
5/B;5101;38121;Gardolo
5/B;5101;38121;Gardolo
5/B;5101;38121;Gardolo
5/B;5101;38121;Gardolo
5/B;5101;38121;Gardolo
6;5101;38121;Gardolo
6;5101;38121;Gardolo
6;5101;38121;Gardolo
6;5101;38121;Gardolo
7;5101;38121;Gardolo
7;5101;38121;Gardolo
8;5101;38121;Gardolo
8;5101;38121;Gardolo
8;5101;38121;Gardolo
8;5101;38121;Gardolo
8;5101;38121;Gardolo
8;5101;38121;Gardolo
8;5101;38121;Gardolo
8/A;5101;38121;Gardolo
9;5101;38121;Gardolo
9;5101;38121;Gardolo
9;5101;38121;Gardolo
9;5101;38121;Gardolo
10;5101;38121;Gardolo
11;5101;38121;Gardolo
11;5101;38121;Gardolo
12;5101;38121;Gardolo
12/A;5101;38121;Gardolo
13;5101;38121;Gardolo
14;5101;38121;Gardolo
14;5101;38121;Gardolo
15;5101;38121;Gardolo
16;5101;38121;Gardolo
16/A;5101;38121;Gardolo
17;5101;38121;Gardolo
18;5101;38121;Gardolo
19;5101;38121;Gardolo
19;5101;38121;Gardolo
20;5101;38121;Gardolo
21;5101;38121;Gardolo
21;5101;38121;Gardolo
22-feb;5101;38121;Gardolo
22-mar;5101;38121;Gardolo
23;5101;38121;Gardolo
24;5101;38121;Gardolo
24;5101;38121;Gardolo
24/A;5101;38121;Gardolo
24/A;5101;38121;Gardolo
25;5101;38121;Gardolo
26;5101;38121;Gardolo
27;5101;38121;Gardolo
28;5101;38121;Gardolo
28-gen;5101;38121;Gardolo
28-feb;5101;38121;Gardolo
29;5101;38121;Gardolo
29/A;5101;38121;Gardolo
29/B;5101;38121;Gardolo
30;5101;38121;Gardolo
31;5101;38121;Gardolo
31;5101;38121;Gardolo
31/A;5101;38121;Gardolo
32;5101;38121;Gardolo
32;5101;38121;Gardolo
33;5101;38121;Gardolo
34;5101;38121;Gardolo
34;5101;38121;Gardolo
34;5101;38121;Gardolo
34;5101;38121;Gardolo
34;5101;38121;Gardolo
34/A;5101;38121;Gardolo
35;5101;38121;Gardolo
36;5101;38121;Gardolo
36;5101;38121;Gardolo
37;5101;38121;Gardolo
37;5101;38121;Gardolo
37;5101;38121;Gardolo
37/A;5101;38121;Gardolo
38;5101;38121;Gardolo
38/1;5101;38121;Gardolo
39;5101;38121;Gardolo
39;5101;38121;Gardolo
39;5101;38121;Gardolo
39/A;5101;38121;Gardolo
39/A;5101;38121;Gardolo
39/A;5101;38121;Gardolo
40;5101;38121;Gardolo
40;5101;38121;Gardolo
40;5101;38121;Gardolo
40/2;5101;38121;Gardolo
40/3;5101;38121;Gardolo
40/A;5101;38121;Gardolo
41;5101;38121;Gardolo
41;5101;38121;Gardolo
41/A;5101;38121;Gardolo
41/A;5101;38121;Gardolo
42;5101;38121;Gardolo
42/1;5101;38121;Gardolo
42/2;5101;38121;Gardolo
42/3;5101;38121;Gardolo
43;5101;38121;Gardolo
43;5101;38121;Gardolo
43/A;5101;38121;Gardolo
43/A;5101;38121;Gardolo
43/A;5101;38121;Gardolo
43/A;5101;38121;Gardolo
43/A;5101;38121;Gardolo
44;5101;38121;Gardolo
44;5101;38121;Gardolo
45;5101;38121;Gardolo
45;5101;38121;Gardolo
45/A;5101;38121;Gardolo
45/A;5101;38121;Gardolo
46;5101;38121;Gardolo
46;5101;38121;Gardolo
47;5101;38121;Gardolo
48;5101;38121;Gardolo
49;5101;38121;Gardolo
49;5101;38121;Gardolo
50;5101;38121;Gardolo
51;5101;38121;Gardolo
51/1;5101;38121;Gardolo
51/2;5101;38121;Gardolo
52;5101;38121;Gardolo
54;5101;38121;Gardolo
54;5101;38121;Gardolo
54;5101;38121;Gardolo
56;5101;38121;Gardolo
56;5101;38121;Gardolo
57;5101;38121;Gardolo
57/1;5101;38121;Gardolo
58;5101;38121;Gardolo
58;5101;38121;Gardolo
59;5101;38121;Gardolo
59;5101;38121;Gardolo
60;5101;38121;Gardolo
61;5101;38121;Gardolo
61;5101;38121;Gardolo
62;5101;38121;Gardolo
62;5101;38121;Gardolo
63;5101;38121;Gardolo
63;5101;38121;Gardolo
64;5101;38121;Gardolo
64;5101;38121;Gardolo
64/1;5101;38121;Gardolo
64/2;5101;38121;Gardolo
64/3;5101;38121;Gardolo
64/4;5101;38121;Gardolo
64/5;5101;38121;Gardolo
64/6;5101;38121;Meano
64/6;5101;38121;Meano
65;5101;38121;Gardolo
65;5101;38121;Gardolo
66;5101;38121;Gardolo
66;5101;38121;Gardolo
67;5101;38121;Gardolo
67;5101;38121;Gardolo
68;5101;38121;Gardolo
68;5101;38121;Gardolo
69;5101;38121;Gardolo
69;5101;38121;Gardolo
69;5101;38121;Gardolo
70;5101;38121;Gardolo
70;5101;38121;Gardolo
70;5101;38121;Gardolo
71;5101;38121;Gardolo
72;5101;38121;Gardolo
73;5101;38121;Gardolo
73;5101;38121;Gardolo
74;5101;38121;Gardolo
74/A;5101;38121;Gardolo
76;5101;38121;Gardolo
77;5101;38121;Gardolo
78;5101;38121;Gardolo
78;5101;38121;Gardolo
78;5101;38121;Gardolo
79;5101;38121;Gardolo
80;5101;38121;Gardolo
80;5101;38121;Gardolo
80;5101;38121;Gardolo
81;5101;38121;Gardolo
81/A;5101;38121;Gardolo
82;5101;38121;Gardolo
82;5101;38121;Gardolo
82;5101;38121;Gardolo
83;5101;38121;Gardolo
83;5101;38121;Gardolo
83/A;5101;38121;Gardolo
84;5101;38121;Gardolo
84;5101;38121;Gardolo
84;5101;38121;Gardolo
84;5101;38121;Gardolo
85;5101;38121;Gardolo
85/A;5101;38121;Gardolo
87;5101;38121;Gardolo
87;5101;38121;Gardolo
89;5101;38121;Gardolo
93;5101;38121;Gardolo
93;5101;38121;Gardolo
95;5101;38121;Gardolo
3;5102;38121;Gardolo
3;5102;38121;Gardolo
5;5102;38121;Gardolo
5;5102;38121;Gardolo
7;5102;38121;Gardolo
7;5102;38121;Gardolo
9;5102;38121;Gardolo
9;5102;38121;Gardolo
9;5102;38121;Gardolo
10;5102;38121;Gardolo
10;5102;38121;Gardolo
11;5102;38121;Gardolo
11;5102;38121;Gardolo
12;5102;38121;Gardolo
12;5102;38121;Gardolo
14;5102;38121;Gardolo
14;5102;38121;Gardolo
15;5102;38121;Gardolo
17;5102;38121;Gardolo
17;5102;38121;Gardolo
20;5102;38121;Gardolo
20;5102;38121;Gardolo
20;5102;38121;Gardolo
21;5102;38121;Gardolo
21;5102;38121;Gardolo
22;5102;38121;Gardolo
22;5102;38121;Gardolo
24;5102;38121;Gardolo
26;5102;38121;Gardolo
27;5102;38121;Gardolo
28;5102;38121;Gardolo
28;5102;38121;Gardolo
28;5102;38121;Gardolo
29;5102;38121;Gardolo
29;5102;38121;Gardolo
30;5102;38121;Gardolo
30;5102;38121;Gardolo
31;5102;38121;Gardolo
31;5102;38121;Gardolo
32;5102;38121;Gardolo
34;5102;38121;Gardolo
34;5102;38121;Gardolo
34;5102;38121;Gardolo
35;5102;38121;Gardolo
35;5102;38121;Gardolo
35;5102;38121;Gardolo
37;5102;38121;Gardolo
37;5102;38121;Gardolo
38;5102;38121;Gardolo
38;5102;38121;Gardolo
38;5102;38121;Gardolo
38;5102;38121;Gardolo
38;5102;38121;Gardolo
40;5102;38121;Gardolo
40;5102;38121;Gardolo
40;5102;38121;Gardolo
40;5102;38121;Gardolo
40;5102;38121;Gardolo
40;5102;38121;Gardolo
40;5102;38121;Gardolo
40;5102;38121;Gardolo
42;5102;38121;Gardolo
44;5102;38121;Gardolo
45;5102;38121;Gardolo
45;5102;38121;Gardolo
45;5102;38121;Gardolo
46;5102;38121;Gardolo
46;5102;38121;Gardolo
47;5102;38121;Gardolo
49;5102;38121;Gardolo
49;5102;38121;Gardolo
49;5102;38121;Gardolo
51;5102;38121;Gardolo
52;5102;38121;Gardolo
53;5102;38121;Gardolo
57;5102;38121;Gardolo
59;5102;38121;Gardolo
60;5102;38121;Gardolo
61;5102;38121;Gardolo
62;5102;38121;Gardolo
62;5102;38121;Gardolo
62;5102;38121;Gardolo
63;5102;38121;Gardolo
65;5102;38121;Gardolo
67;5102;38121;Gardolo
68;5102;38121;Gardolo
68;5102;38121;Gardolo
69;5102;38121;Gardolo
69;5102;38121;Gardolo
70;5102;38121;Gardolo
70;5102;38121;Gardolo
70;5102;38121;Gardolo
70;5102;38121;Gardolo
71;5102;38121;Gardolo
71;5102;38121;Gardolo
72;5102;38121;Gardolo
73;5102;38121;Gardolo
74;5102;38121;Gardolo
74;5102;38121;Gardolo
74;5102;38121;Gardolo
74;5102;38121;Gardolo
74;5102;38121;Gardolo
75;5102;38121;Gardolo
78;5102;38121;Gardolo
78;5102;38121;Gardolo
80;5102;38121;Gardolo
81;5102;38121;Gardolo
82;5102;38121;Gardolo
83;5102;38121;Gardolo
84;5102;38121;Gardolo
84;5102;38121;Gardolo
85;5102;38121;Gardolo
86;5102;38121;Gardolo
86;5102;38121;Gardolo
87;5102;38121;Gardolo
88;5102;38121;Gardolo
89;5102;38121;Gardolo
89;5102;38121;Gardolo
90;5102;38121;Gardolo
91;5102;38121;Gardolo
92;5102;38121;Gardolo
93;5102;38121;Gardolo
93;5102;38121;Gardolo
94;5102;38121;Gardolo
96;5102;38121;Gardolo
100;5102;38121;Gardolo
102;5102;38121;Gardolo
104;5102;38121;Gardolo
108;5102;38121;Gardolo
110;5102;38121;Gardolo
120;5102;38121;Gardolo
120;5102;38121;Gardolo
122;5102;38121;Gardolo
122;5102;38121;Gardolo
122;5102;38121;Gardolo
122;5102;38121;Gardolo
124;5102;38121;Gardolo
126;5102;38121;Gardolo
126;5102;38121;Gardolo
136;5102;38121;Gardolo
138;5102;38121;Gardolo
140;5102;38121;Gardolo
140/A;5102;38121;Gardolo
142;5102;38121;Gardolo
144;5102;38121;Gardolo
146;5102;38121;Gardolo
148;5102;38121;Gardolo
150;5102;38121;Gardolo
152;5102;38121;Gardolo
154;5102;38121;Gardolo
156;5102;38121;Gardolo
160;5102;38121;Gardolo
160/A;5102;38121;Gardolo
162;5102;38121;Gardolo
162/A;5102;38121;Gardolo
162/B;5102;38121;Gardolo
162/C;5102;38121;Gardolo
162/D;5102;38121;Gardolo
162/E;5102;38121;Gardolo
162/F;5102;38121;Gardolo
164;5102;38121;Gardolo
164/A;5102;38121;Gardolo
164/B;5102;38121;Gardolo
164/C;5102;38121;Gardolo
164/D;5102;38121;Gardolo
164/E;5102;38121;Gardolo
164/F;5102;38121;Gardolo
166;5102;38121;Gardolo
166/A;5102;38121;Gardolo
166/B;5102;38121;Gardolo
166/C;5102;38121;Gardolo
166/D;5102;38121;Gardolo
166/E;5102;38121;Gardolo
166/F;5102;38121;Gardolo
166/G;5102;38121;Gardolo
170;5102;38121;Gardolo
170;5102;38121;Gardolo
172;5102;38121;Gardolo
172;5102;38121;Gardolo
172;5102;38121;Gardolo
172;5102;38121;Gardolo
172;5102;38121;Gardolo
174;5102;38121;Gardolo
174;5102;38121;Gardolo
176;5102;38121;Gardolo
176;5102;38121;Gardolo
178;5102;38121;Gardolo
180;5102;38121;Gardolo
180;5102;38121;Gardolo
182;5102;38121;Gardolo
182;5102;38121;Gardolo
184;5102;38121;Gardolo
186;5102;38121;Gardolo
188;5102;38121;Gardolo
188;5102;38121;Gardolo
188;5102;38121;Gardolo
190;5102;38121;Gardolo
192;5102;38121;Gardolo
192;5102;38121;Gardolo
194;5102;38121;Gardolo
196;5102;38121;Gardolo
198;5102;38121;Gardolo
200;5102;38121;Gardolo
200;5102;38121;Gardolo
202;5102;38121;Gardolo
204;5102;38121;Gardolo
206;5102;38121;Gardolo
206;5102;38121;Gardolo
208;5102;38121;Gardolo
208;5102;38121;Gardolo
208;5102;38121;Gardolo
210;5102;38121;Gardolo
212;5102;38121;Gardolo
214;5102;38121;Gardolo
216;5102;38121;Gardolo
218;5102;38121;Gardolo
220;5102;38121;Gardolo
222;5102;38121;Gardolo
224;5102;38121;Gardolo
226;5102;38121;Gardolo
228;5102;38121;Gardolo
230;5102;38121;Gardolo
230;5102;38121;Gardolo
230;5102;38121;Gardolo
232;5102;38121;Meano
232;5102;38121;Meano
234;5102;38121;Gardolo
234;5102;38121;Gardolo
236;5102;38121;Gardolo
236;5102;38121;Gardolo
238;5102;38121;Gardolo
238;5102;38121;Gardolo
238/A;5102;38121;Gardolo
238/A;5102;38121;Gardolo
238/A;5102;38121;Gardolo
240;5102;38121;Gardolo
242;5102;38121;Gardolo
242;5102;38121;Gardolo
244;5102;38121;Gardolo
248;5102;38121;Gardolo
248;5102;38121;Gardolo
250;5102;38121;Gardolo
250;5102;38121;Gardolo
250;5102;38121;Gardolo
3;5105;38121;Gardolo
4;5105;38121;Gardolo
4;5105;38121;Gardolo
4;5105;38121;Gardolo
5;5105;38121;Gardolo
6;5105;38121;Gardolo
6;5105;38121;Gardolo
6;5105;38121;Gardolo
7;5105;38121;Gardolo
9;5105;38121;Gardolo
9;5105;38121;Gardolo
10;5105;38121;Gardolo
10;5105;38121;Gardolo
10;5105;38121;Gardolo
10;5105;38121;Gardolo
1;5125;38121;Gardolo
1;5125;38121;Gardolo
1;5125;38121;Gardolo
3;5125;38121;Gardolo
3;5125;38121;Gardolo
4;5125;38121;Gardolo
4;5125;38121;Gardolo
4;5125;38121;Gardolo
6;5125;38121;Gardolo
6;5125;38121;Gardolo
7;5125;38121;Gardolo
7;5125;38121;Gardolo
7;5125;38121;Gardolo
8;5125;38121;Gardolo
8;5125;38121;Gardolo
8;5125;38121;Gardolo
10;5125;38121;Gardolo
10;5125;38121;Gardolo
10;5125;38121;Gardolo
10;5125;38121;Gardolo
10;5125;38121;Gardolo
10;5125;38121;Gardolo
10;5125;38121;Gardolo
12;5125;38121;Gardolo
12;5125;38121;Gardolo
12;5125;38121;Gardolo
12;5125;38121;Gardolo
12;5125;38121;Gardolo
12;5125;38121;Gardolo
13;5125;38121;Gardolo
13;5125;38121;Gardolo
13;5125;38121;Gardolo
19;5125;38121;Gardolo
19;5125;38121;Gardolo
21;5125;38121;Gardolo
21;5125;38121;Gardolo
25;5125;38121;Gardolo
25;5125;38121;Gardolo
33;5125;38121;Gardolo
1;5160;38121;Gardolo
1;5160;38121;Gardolo
1/A;5160;38121;Gardolo
1/A;5160;38121;Gardolo
2;5160;38121;Gardolo
2;5160;38121;Gardolo
2;5160;38121;Gardolo
3;5160;38121;Gardolo
3;5160;38121;Gardolo
4;5160;38121;Gardolo
4;5160;38121;Gardolo
4;5160;38121;Gardolo
6;5160;38121;Gardolo
6;5160;38121;Gardolo
6;5160;38121;Gardolo
1;5170;38121;Gardolo
1;5170;38121;Gardolo
01-gen;5170;38121;Gardolo
1/A;5170;38121;Gardolo
1/A;5170;38121;Gardolo
1/B;5170;38121;Gardolo
1/B;5170;38121;Gardolo
2;5170;38121;Gardolo
02-gen;5170;38121;Gardolo
02-feb;5170;38121;Gardolo
02-mar;5170;38121;Gardolo
02-apr;5170;38121;Gardolo
3;5170;38121;Gardolo
4;5170;38121;Gardolo
04-gen;5170;38121;Gardolo
5;5170;38121;Gardolo
6;5170;38121;Gardolo
7;5170;38121;Gardolo
8;5170;38121;Gardolo
8;5170;38121;Gardolo
8;5170;38121;Gardolo
8;5170;38121;Gardolo
9;5170;38121;Gardolo
09-gen;5170;38121;Gardolo
11;5170;38121;Gardolo
12;5170;38121;Gardolo
13;5170;38121;Gardolo
15;5170;38121;Gardolo
17;5170;38121;Gardolo
21;5170;38121;Gardolo
21;5170;38121;Gardolo
21;5170;38121;Gardolo
21;5170;38121;Gardolo
2;5200;38121;Gardolo
2;5200;38121;Gardolo
2;5200;38121;Gardolo
4;5200;38121;Gardolo
4;5200;38121;Gardolo
6;5200;38121;Gardolo
8;5200;38121;Gardolo
8;5200;38121;Gardolo
8;5200;38121;Gardolo
10;5200;38121;Gardolo
10;5200;38121;Gardolo
12;5200;38121;Gardolo
12;5200;38121;Gardolo
12/A;5200;38121;Gardolo
12/A;5200;38121;Gardolo
16;5200;38121;Gardolo
16;5200;38121;Gardolo
18;5200;38121;Gardolo
18;5200;38121;Gardolo
1;5210;38121;Gardolo
2;5210;38121;Gardolo
3;5210;38121;Gardolo
3;5210;38121;Gardolo
4;5210;38121;Gardolo
4;5210;38121;Gardolo
4;5210;38121;Gardolo
5;5210;38121;Gardolo
5;5210;38121;Gardolo
6;5210;38121;Gardolo
6;5210;38121;Gardolo
6;5210;38121;Gardolo
8;5210;38121;Gardolo
8/A;5210;38121;Gardolo
8/B;5210;38121;Gardolo
10;5210;38121;Gardolo
10;5210;38121;Gardolo
12;5210;38121;Gardolo
12;5210;38121;Gardolo
14;5210;38121;Gardolo
14;5210;38121;Gardolo
16;5210;38121;Gardolo
16;5210;38121;Gardolo
16/A;5210;38121;Gardolo
16/A;5210;38121;Gardolo
1;5240;38121;Gardolo
1;5240;38121;Gardolo
01-gen;5240;38121;Gardolo
3;5240;38121;Gardolo
5;5240;38121;Gardolo
7;5240;38121;Gardolo
11;5240;38121;Gardolo
11-gen;5240;38121;Gardolo
12;5240;38121;Gardolo
12;5240;38121;Gardolo
13;5240;38121;Gardolo
14;5240;38121;Gardolo
15;5240;38121;Gardolo
16;5240;38121;Gardolo
17;5240;38121;Gardolo
17;5240;38121;Gardolo
18;5240;38121;Gardolo
18;5240;38121;Gardolo
19;5240;38121;Gardolo
19;5240;38121;Gardolo
19;5240;38121;Gardolo
21;5240;38121;Gardolo
23;5240;38121;Gardolo
25;5240;38121;Gardolo
25;5240;38121;Gardolo
26;5240;38121;Gardolo
26;5240;38121;Gardolo
27;5240;38121;Gardolo
27;5240;38121;Gardolo
27;5240;38121;Gardolo
29;5240;38121;Gardolo
31;5240;38121;Gardolo
31;5240;38121;Gardolo
1/B;5260;38121;Gardolo
2;5260;38121;Gardolo
2/A;5260;38121;Gardolo
2/B;5260;38121;Gardolo
2/D;5260;38121;Gardolo
2/D;5260;38121;Gardolo
3;5260;38121;Gardolo
4;5260;38121;Gardolo
4/B;5260;38121;Gardolo
4/B;5260;38121;Gardolo
5;5260;38121;Gardolo
5/A;5260;38121;Gardolo
5/A;5260;38121;Gardolo
5/A;5260;38121;Gardolo
6;5260;38121;Gardolo
6;5260;38121;Gardolo
7;5260;38121;Gardolo
7;5260;38121;Gardolo
8;5260;38121;Gardolo
8;5260;38121;Gardolo
9;5260;38121;Gardolo
09-gen;5260;38121;Gardolo
09-gen;5260;38121;Gardolo
09-gen;5260;38121;Gardolo
09-feb;5260;38121;Gardolo
09-feb;5260;38121;Gardolo
09-feb;5260;38121;Gardolo
13;5685;38121;Gardolo
10;5260;38121;Gardolo
10;5260;38121;Gardolo
10/A;5260;38121;Gardolo
10/A;5260;38121;Gardolo
10/B;5260;38121;Gardolo
10/B;5260;38121;Gardolo
10/C;5260;38121;Gardolo
10/C;5260;38121;Gardolo
10/C;5260;38121;Gardolo
11;5260;38121;Gardolo
12;5260;38121;Gardolo
12;5260;38121;Gardolo
12;5260;38121;Gardolo
13;5260;38121;Gardolo
13;5260;38121;Gardolo
14;5260;38121;Gardolo
14/A;5260;38121;Gardolo
14/A;5260;38121;Gardolo
14/B;5260;38121;Gardolo
14/B;5260;38121;Gardolo
14/B;5260;38121;Gardolo
14/B;5260;38121;Gardolo
14/B;5260;38121;Gardolo
14/C;5260;38121;Gardolo
15;5260;38121;Gardolo
15-gen;5260;38121;Gardolo
15-feb;5260;38121;Gardolo
16;5260;38121;Gardolo
16;5260;38121;Gardolo
17;5260;38121;Gardolo
18;5260;38121;Gardolo
18;5260;38121;Gardolo
18/B;5260;38121;Gardolo
18/B;5260;38121;Gardolo
18/B;5260;38121;Gardolo
18/B;5260;38121;Gardolo
18/B;5260;38121;Gardolo
19;5260;38121;Gardolo
19-gen;5260;38121;Gardolo
20;5260;38121;Gardolo
20;5260;38121;Gardolo
20;5260;38121;Gardolo
20;5260;38121;Gardolo
20/A;5260;38121;Gardolo
20/A;5260;38121;Gardolo
21;5260;38121;Gardolo
21-gen;5260;38121;Gardolo
21-feb;5260;38121;Gardolo
21-mar;5260;38121;Gardolo
21-apr;5260;38121;Gardolo
21-mag;5260;38121;Gardolo
21-giu;5260;38121;Gardolo
21-giu;5260;38121;Gardolo
21/A;5260;38121;Gardolo
21/B;5260;38121;Gardolo
21/B;5260;38121;Gardolo
21/C;5260;38121;Gardolo
21/C;5260;38121;Gardolo
21/D;5260;38121;Gardolo
21/D;5260;38121;Gardolo
23;5260;38121;Gardolo
24;5260;38121;Gardolo
24;5260;38121;Gardolo
24;5260;38121;Gardolo
24;5260;38121;Gardolo
25;5260;38121;Gardolo
26;5260;38121;Gardolo
26;5260;38121;Gardolo
27;5260;38121;Gardolo
28;5260;38121;Gardolo
28-feb;5260;38121;Gardolo
28-feb;5260;38121;Gardolo
28-mar;5260;38121;Gardolo
28-mar;5260;38121;Gardolo
28-apr;5260;38121;Gardolo
28-mag;5260;38121;Gardolo
28-mag;5260;38121;Gardolo
28-mag;5260;38121;Gardolo
29;5260;38121;Gardolo
30;5260;38121;Gardolo
31;5260;38121;Gardolo
32;5260;38121;Gardolo
32;5260;38121;Gardolo
32/1;5260;38121;Gardolo
32/1;5260;38121;Gardolo
32/2;5260;38121;Gardolo
32/3;5260;38121;Gardolo
32/4;5260;38121;Gardolo
32/5;5260;38121;Gardolo
32/6;5260;38121;Gardolo
32/6;5260;38121;Gardolo
32/7;5260;38121;Gardolo
33;5260;38121;Gardolo
34;5260;38121;Gardolo
36;5260;38121;Gardolo
40;5260;38121;Gardolo
40;5260;38121;Gardolo
40;5260;38121;Gardolo
41;5260;38121;Gardolo
42;5260;38121;Gardolo
42;5260;38121;Gardolo
42;5260;38121;Gardolo
42;5260;38121;Gardolo
44;5260;38121;Gardolo
44;5260;38121;Gardolo
44;5260;38121;Gardolo
45;5260;38121;Gardolo
46;5260;38121;Gardolo
46;5260;38121;Gardolo
46;5260;38121;Gardolo
46;5260;38121;Gardolo
49;5260;38121;Gardolo
51;5260;38121;Gardolo
53;5260;38121;Gardolo
61;5260;38121;Gardolo
61;5260;38121;Gardolo
61;5260;38121;Gardolo
63;5260;38121;Gardolo
63;5260;38121;Gardolo
2;5270;38121;Gardolo
2/A;5270;38121;Gardolo
3;5270;38121;Gardolo
3;5270;38121;Gardolo
5;5270;38121;Gardolo
5;5270;38121;Gardolo
5;5270;38121;Gardolo
6;5270;38121;Gardolo
6;5270;38121;Gardolo
8;5270;38121;Gardolo
8;5270;38121;Gardolo
10;5270;38121;Gardolo
10;5270;38121;Gardolo
10;5270;38121;Gardolo
12;5270;38121;Gardolo
12;5270;38121;Gardolo
12;5270;38121;Gardolo
1;5280;38121;Gardolo
3;5280;38121;Gardolo
3;5280;38121;Gardolo
5;5280;38121;Gardolo
7;5280;38121;Gardolo
7;5280;38121;Gardolo
7;5280;38121;Gardolo
7;5280;38121;Gardolo
7;5280;38121;Gardolo
7;5280;38121;Gardolo
9;5280;38121;Gardolo
11;5280;38121;Gardolo
13;5280;38121;Gardolo
7;5290;38121;Gardolo
9;5290;38121;Gardolo
11;5290;38121;Gardolo
11;5290;38121;Gardolo
13;5290;38121;Gardolo
15;5290;38121;Gardolo
17;5290;38121;Gardolo
17;5290;38121;Gardolo
17;5290;38121;Gardolo
19;5290;38121;Gardolo
21;5290;38121;Gardolo
21-gen;5290;38121;Gardolo
22;5290;38121;Gardolo
22/A;5290;38121;Gardolo
22/A;5290;38121;Gardolo
22/A;5290;38121;Gardolo
22/A;5290;38121;Gardolo
23;5290;38121;Gardolo
23-gen;5290;38121;Gardolo
23-gen;5290;38121;Gardolo
23-feb;5290;38121;Gardolo
23-feb;5290;38121;Gardolo
23-apr;5290;38121;Gardolo
23-mag;5290;38121;Gardolo
23-giu;5290;38121;Gardolo
24;5290;38121;Gardolo
24;5290;38121;Gardolo
24-gen;5290;38121;Gardolo
25;5290;38121;Gardolo
25;5290;38121;Gardolo
26;5290;38121;Gardolo
26;5290;38121;Gardolo
26;5290;38121;Gardolo
27;5290;38121;Gardolo
28;5290;38121;Gardolo
28;5290;38121;Gardolo
28;5290;38121;Gardolo
29;5290;38121;Gardolo
30;5290;38121;Gardolo
30;5290;38121;Gardolo
30;5290;38121;Gardolo
34;5290;38121;Gardolo
34;5290;38121;Gardolo
34/1;5290;38121;Gardolo
35;5290;38121;Gardolo
35;5290;38121;Gardolo
35;5290;38121;Gardolo
35;5290;38121;Gardolo
35/1;5290;38121;Gardolo
35/1;5290;38121;Gardolo
35/1;5290;38121;Gardolo
35/1;5290;38121;Gardolo
36;5290;38121;Gardolo
36/A;5290;38121;Gardolo
36/B;5290;38121;Gardolo
37;5290;38121;Gardolo
37;5290;38121;Gardolo
38;5290;38121;Gardolo
38;5290;38121;Gardolo
38;5290;38121;Gardolo
39;5290;38121;Gardolo
40;5290;38121;Gardolo
40/A;5290;38121;Gardolo
41;5290;38121;Gardolo
41;5290;38121;Gardolo
42;5290;38121;Gardolo
42/1;5290;38121;Gardolo
42/1;5290;38121;Gardolo
43;5290;38121;Gardolo
43;5290;38121;Gardolo
43;5290;38121;Gardolo
44;5290;38121;Gardolo
44/1;5290;38121;Gardolo
44/2;5290;38121;Gardolo
44/2;5290;38121;Gardolo
44/3;5290;38121;Gardolo
44/3;5290;38121;Gardolo
44/4;5290;38121;Gardolo
44/A;5290;38121;Gardolo
44/B;5290;38121;Gardolo
44/B;5290;38121;Gardolo
45;5290;38121;Gardolo
45;5290;38121;Gardolo
46;5290;38121;Gardolo
46;5290;38121;Gardolo
46;5290;38121;Gardolo
47;5290;38121;Gardolo
47;5290;38121;Gardolo
47/1;5290;38121;Gardolo
48;5290;38121;Gardolo
48;5290;38121;Gardolo
49;5290;38121;Gardolo
49;5290;38121;Gardolo
50;5290;38121;Gardolo
50;5290;38121;Gardolo
50;5290;38121;Gardolo
51;5290;38121;Gardolo
51;5290;38121;Gardolo
52;5290;38121;Gardolo
52;5290;38121;Gardolo
53;5290;38121;Gardolo
53;5290;38121;Gardolo
61;5290;38121;Gardolo
61;5290;38121;Gardolo
61;5290;38121;Gardolo
65;5290;38121;Gardolo
66;5290;38121;Gardolo
66;5290;38121;Gardolo
66;5290;38121;Gardolo
67;5290;38121;Gardolo
70;5290;38121;Gardolo
70/1;5290;38121;Gardolo
70/1;5290;38121;Gardolo
70/2;5290;38121;Gardolo
70/3;5290;38121;Gardolo
70/4;5290;38121;Gardolo
71;5290;38121;Gardolo
71;5290;38121;Gardolo
71;5290;38121;Gardolo
73;5290;38121;Gardolo
73;5290;38121;Gardolo
73;5290;38121;Gardolo
74;5290;38121;Gardolo
74;5290;38121;Gardolo
74;5290;38121;Gardolo
74;5290;38121;Gardolo
74;5290;38121;Gardolo
74/1;5290;38121;Gardolo
74/2;5290;38121;Gardolo
76;5290;38121;Gardolo
76;5290;38121;Gardolo
76/1;5290;38121;Gardolo
78;5290;38121;Gardolo
78/1;5290;38121;Gardolo
78/1;5290;38121;Gardolo
78/1;5290;38121;Gardolo
78/1;5290;38121;Gardolo
78/A;5290;38121;Gardolo
80;5290;38121;Gardolo
82;5290;38121;Gardolo
84;5290;38121;Gardolo
86;5290;38121;Gardolo
86/A;5290;38121;Gardolo
88;5290;38121;Gardolo
88;5290;38121;Gardolo
90;5290;38121;Gardolo
92;5290;38121;Gardolo
93;5290;38121;Gardolo
93;5290;38121;Gardolo
93;5290;38121;Gardolo
93/1;5290;38121;Gardolo
93/1;5290;38121;Gardolo
93/1;5290;38121;Gardolo
93/1;5290;38121;Gardolo
93/1;5290;38121;Gardolo
93/2;5290;38121;Gardolo
93/3;5290;38121;Gardolo
93/B;5290;38121;Gardolo
93/B;5290;38121;Gardolo
93/B;5290;38121;Gardolo
93/B;5290;38121;Gardolo
93/B;5290;38121;Gardolo
93/B;5290;38121;Gardolo
93/B;5290;38121;Gardolo
93/B;5290;38121;Gardolo
93/B;5290;38121;Gardolo
93/B;5290;38121;Gardolo
93/B;5290;38121;Gardolo
93/B;5290;38121;Gardolo
93/B;5290;38121;Gardolo
93/B;5290;38121;Gardolo
93/B;5290;38121;Gardolo
93/B;5290;38121;Gardolo
93/B;5290;38121;Gardolo
94;5290;38121;Gardolo
95;5290;38121;Gardolo
95;5290;38121;Gardolo
95;5290;38121;Gardolo
95;5290;38121;Gardolo
95;5290;38121;Gardolo
95;5290;38121;Gardolo
95;5290;38121;Gardolo
95/B;5290;38121;Gardolo
96;5290;38121;Gardolo
96/1;5290;38121;Gardolo
96/1;5290;38121;Gardolo
97;5290;38121;Gardolo
98;5290;38121;Gardolo
98;5290;38121;Gardolo
98;5290;38121;Gardolo
98;5290;38121;Gardolo
98;5290;38121;Gardolo
98/A;5290;38121;Gardolo
98/B;5290;38121;Gardolo
99;5290;38121;Gardolo
99;5290;38121;Gardolo
99;5290;38121;Gardolo
99;5290;38121;Gardolo
99;5290;38121;Gardolo
100;5290;38121;Gardolo
100;5290;38121;Gardolo
100;5290;38121;Gardolo
101;5290;38121;Gardolo
102;5290;38121;Gardolo
103;5290;38121;Gardolo
103;5290;38121;Gardolo
104;5290;38121;Gardolo
106;5290;38121;Gardolo
106;5290;38121;Gardolo
106;5290;38121;Gardolo
107;5290;38121;Gardolo
109;5290;38121;Gardolo
109;5290;38121;Gardolo
111;5290;38121;Gardolo
111;5290;38121;Gardolo
112;5290;38121;Gardolo
112/A;5290;38121;Gardolo
112/B;5290;38121;Gardolo
112/C;5290;38121;Gardolo
114;5290;38121;Gardolo
114;5290;38121;Gardolo
116;5290;38121;Gardolo
116;5290;38121;Gardolo
116;5290;38121;Gardolo
116;5290;38121;Gardolo
116;5290;38121;Gardolo
118;5290;38121;Gardolo
1;5300;38121;Gardolo
1;5300;38121;Gardolo
2;5300;38121;Gardolo
2;5300;38121;Gardolo
2;5300;38121;Gardolo
3;5300;38121;Gardolo
4;5300;38121;Gardolo
4;5300;38121;Gardolo
4;5300;38121;Gardolo
4/A;5300;38121;Gardolo
4/A;5300;38121;Gardolo
4/A;5300;38121;Gardolo
4/A;5300;38121;Gardolo
4/A;5300;38121;Gardolo
4/A;5300;38121;Gardolo
5;5300;38121;Gardolo
5;5300;38121;Gardolo
6;5300;38121;Gardolo
9;5300;38121;Gardolo
9;5300;38121;Gardolo
9;5300;38121;Gardolo
10;5300;38121;Gardolo
11;5300;38121;Gardolo
12;5300;38121;Gardolo
13;5300;38121;Gardolo
14;5300;38121;Gardolo
15;5300;38121;Gardolo
15;5300;38121;Gardolo
16;5300;38121;Gardolo
17;5300;38121;Gardolo
17;5300;38121;Gardolo
18;5300;38121;Gardolo
19;5300;38121;Gardolo
20;5300;38121;Gardolo
20;5300;38121;Gardolo
21;5300;38121;Gardolo
22;5300;38121;Gardolo
22;5300;38121;Gardolo
23;5300;38121;Gardolo
24;5300;38121;Gardolo
25;5300;38121;Gardolo
27;5300;38121;Gardolo
29;5300;38121;Gardolo
30;5300;38121;Gardolo
30;5300;38121;Gardolo
32;5300;38121;Gardolo
34;5300;38121;Gardolo
35;5300;38121;Gardolo
36;5300;38121;Gardolo
37;5300;38121;Gardolo
38;5300;38121;Gardolo
39;5300;38121;Gardolo
39;5300;38121;Gardolo
40;5300;38121;Gardolo
40;5300;38121;Gardolo
42;5300;38121;Gardolo
44;5300;38121;Gardolo
46;5300;38121;Gardolo
46;5300;38121;Gardolo
48;5300;38121;Gardolo
50;5300;38121;Gardolo
50;5300;38121;Gardolo
50;5300;38121;Gardolo
51;5300;38121;Gardolo
52;5300;38121;Gardolo
54;5300;38121;Gardolo
56;5300;38121;Gardolo
56;5300;38121;Gardolo
58;5300;38121;Gardolo
60;5300;38121;Gardolo
64;5300;38121;Gardolo
68;5300;38121;Gardolo
70;5300;38121;Gardolo
74;5300;38121;Gardolo
76;5300;38121;Gardolo
76/A;5300;38121;Gardolo
76/A;5300;38121;Gardolo
76/A;5300;38121;Gardolo
76/B;5300;38121;Gardolo
76/B;5300;38121;Gardolo
78;5300;38121;Gardolo
78/A;5300;38121;Gardolo
78/B;5300;38121;Gardolo
80;5300;38121;Gardolo
82;5300;38121;Gardolo
84;5300;38121;Gardolo
84;5300;38121;Gardolo
3;5310;38121;Gardolo
3;5310;38121;Gardolo
5;5310;38121;Gardolo
5;5310;38121;Gardolo
9;5310;38121;Gardolo
9;5310;38121;Gardolo
12;5310;38121;Gardolo
14;5310;38121;Gardolo
16;5310;38121;Gardolo
18;5310;38121;Gardolo
18;5310;38121;Gardolo
18;5310;38121;Gardolo
18;5310;38121;Gardolo
18;5310;38121;Gardolo
1;5330;38121;Gardolo
1;5330;38121;Gardolo
1;5330;38121;Gardolo
01-gen;5330;38121;Gardolo
01-gen;5330;38121;Gardolo
2;5330;38121;Gardolo
4;5330;38121;Gardolo
4;5330;38121;Gardolo
4;5330;38121;Gardolo
5;5330;38121;Gardolo
7;5330;38121;Gardolo
9;5330;38121;Gardolo
11;5330;38121;Gardolo
11;5330;38121;Gardolo
11;5330;38121;Gardolo
13;5330;38121;Gardolo
13;5330;38121;Gardolo
1;5340;38121;Gardolo
1/A;5340;38121;Gardolo
1/A;5340;38121;Gardolo
1/A;5340;38121;Gardolo
2;5340;38121;Gardolo
2/A;5340;38121;Gardolo
2/A;5340;38121;Gardolo
4;5340;38121;Gardolo
04-gen;5340;38121;Gardolo
04-feb;5340;38121;Gardolo
5;5340;38121;Gardolo
6;5340;38121;Gardolo
7;5340;38121;Gardolo
8;5340;38121;Gardolo
8;5340;38121;Gardolo
08-gen;5340;38121;Gardolo
08-feb;5340;38121;Gardolo
08-mar;5340;38121;Gardolo
12;5340;38121;Gardolo
12;5340;38121;Gardolo
12;5340;38121;Gardolo
13;5340;38121;Gardolo
13/C;5340;38121;Gardolo
13/E;5340;38121;Gardolo
14;5340;38121;Gardolo
14;5340;38121;Gardolo
15;5340;38121;Gardolo
15;5340;38121;Gardolo
16;5340;38121;Gardolo
17;5340;38121;Gardolo
17;5340;38121;Gardolo
18;5340;38121;Gardolo
18;5340;38121;Gardolo
18;5340;38121;Gardolo
19;5340;38121;Gardolo
19;5340;38121;Gardolo
19/A;5340;38121;Gardolo
20;5340;38121;Gardolo
20;5340;38121;Gardolo
21;5340;38121;Gardolo
21;5340;38121;Gardolo
22;5340;38121;Gardolo
22;5340;38121;Gardolo
22-gen;5340;38121;Gardolo
22-feb;5340;38121;Gardolo
22-mag;5340;38121;Gardolo
22-giu;5340;38121;Gardolo
22-lug;5340;38121;Gardolo
22-ago;5340;38121;Gardolo
22-set;5340;38121;Gardolo
24;5340;38121;Gardolo
24-feb;5340;38121;Gardolo
24-mar;5340;38121;Gardolo
24-apr;5340;38121;Gardolo
24-mag;5340;38121;Gardolo
24/A;5340;38121;Gardolo
24/A;5340;38121;Gardolo
26;5340;38121;Gardolo
26;5340;38121;Gardolo
28;5340;38121;Gardolo
29;5340;38121;Gardolo
29;5340;38121;Gardolo
30;5340;38121;Gardolo
30;5340;38121;Gardolo
30;5340;38121;Gardolo
31;5340;38121;Gardolo
31;5340;38121;Gardolo
32;5340;38121;Gardolo
32/1;5340;38121;Gardolo
32/2;5340;38121;Gardolo
32/3;5340;38121;Gardolo
32/4;5340;38121;Gardolo
32/5;5340;38121;Gardolo
32/6;5340;38121;Gardolo
32/6;5340;38121;Gardolo
32/7;5340;38121;Gardolo
32/8;5340;38121;Gardolo
33;5340;38121;Gardolo
33;5340;38121;Gardolo
34;5340;38121;Gardolo
35;5340;38121;Gardolo
35;5340;38121;Gardolo
36;5340;38121;Gardolo
36/1;5340;38121;Gardolo
36/2;5340;38121;Gardolo
38;5340;38121;Gardolo
38;5340;38121;Gardolo
38;5340;38121;Gardolo
40;5340;38121;Gardolo
42;5340;38121;Gardolo
42;5340;38121;Gardolo
42;5340;38121;Gardolo
44;5340;38121;Gardolo
46;5340;38121;Gardolo
48;5340;38121;Gardolo
50;5340;38121;Gardolo
52;5340;38121;Gardolo
54;5340;38121;Gardolo
56;5340;38121;Gardolo
58;5340;38121;Gardolo
58;5340;38121;Gardolo
58;5340;38121;Gardolo
58;5340;38121;Gardolo
60;5340;38121;Gardolo
62;5340;38121;Gardolo
62;5340;38121;Gardolo
64;5340;38121;Gardolo
64;5340;38121;Gardolo
64/1;5340;38121;Gardolo
64/2;5340;38121;Gardolo
64/3;5340;38121;Gardolo
64/4;5340;38121;Gardolo
66;5340;38121;Gardolo
66;5340;38121;Gardolo
70;5340;38121;Gardolo
70;5340;38121;Gardolo
72;5340;38121;Gardolo
72;5340;38121;Gardolo
72;5340;38121;Gardolo
72;5340;38121;Gardolo
78;5340;38121;Gardolo
78;5340;38121;Gardolo
80;5340;38121;Gardolo
80;5340;38121;Gardolo
82;5340;38121;Gardolo
82/A;5340;38121;Gardolo
82/A;5340;38121;Gardolo
82/A;5340;38121;Gardolo
84;5340;38121;Gardolo
90;5340;38121;Gardolo
90;5340;38121;Gardolo
3;5341;38121;Gardolo
3;5341;38121;Gardolo
4;5341;38121;Gardolo
6;5341;38121;Gardolo
6;5341;38121;Gardolo
8;5341;38121;Gardolo
8;5341;38121;Gardolo
10;5341;38121;Gardolo
11;5341;38121;Gardolo
12;5341;38121;Gardolo
16;5341;38121;Gardolo
16;5341;38121;Gardolo
1;5370;38121;Gardolo
2;5370;38121;Gardolo
3;5370;38121;Gardolo
4;5370;38121;Gardolo
4;5370;38121;Gardolo
5;5370;38121;Gardolo
6;5370;38121;Gardolo
7;5370;38121;Gardolo
7;5370;38121;Gardolo
7;5370;38121;Gardolo
8;5370;38121;Gardolo
9;5370;38121;Gardolo
10;5370;38121;Gardolo
11;5370;38121;Gardolo
15;5370;38121;Gardolo
18;5370;38121;Gardolo
20;5370;38121;Gardolo
22;5370;38121;Gardolo
22/A;5370;38121;Gardolo
22/A;5370;38121;Gardolo
22/B;5370;38121;Gardolo
22/B;5370;38121;Gardolo
22/B;5370;38121;Gardolo
24;5370;38121;Gardolo
24;5370;38121;Gardolo
26;5370;38121;Gardolo
28;5370;38121;Gardolo
30;5370;38121;Gardolo
30;5370;38121;Gardolo
30/A;5370;38121;Gardolo
30/A;5370;38121;Gardolo
30/A;5370;38121;Gardolo
32;5370;38121;Gardolo
32;5370;38121;Gardolo
32;5370;38121;Gardolo
36;5370;38121;Gardolo
36;5370;38121;Gardolo
1;5380;38121;Gardolo
2;5380;38121;Gardolo
3;5380;38121;Gardolo
3;5380;38121;Gardolo
4;5380;38121;Gardolo
5;5380;38121;Gardolo
6;5380;38121;Gardolo
6;5380;38121;Gardolo
7;5380;38121;Gardolo
9;5380;38121;Gardolo
11;5380;38121;Gardolo
13;5380;38121;Gardolo
15;5380;38121;Gardolo
1;5420;38121;Gardolo
1;5420;38121;Gardolo
1;5420;38121;Gardolo
2;5420;38121;Gardolo
4;5420;38121;Gardolo
5;5420;38121;Gardolo
6;5420;38121;Gardolo
7;5420;38121;Gardolo
7;5420;38121;Gardolo
7;5420;38121;Gardolo
7;5420;38121;Gardolo
7;5420;38121;Gardolo
7;5420;38121;Gardolo
7;5420;38121;Gardolo
7;5420;38121;Gardolo
7;5420;38121;Gardolo
8;5420;38121;Gardolo
9;5420;38121;Gardolo
9;5420;38121;Gardolo
9;5420;38121;Gardolo
9;5420;38121;Gardolo
9;5420;38121;Gardolo
9;5420;38121;Gardolo
9;5420;38121;Gardolo
9;5420;38121;Gardolo
9;5420;38121;Gardolo
9;5420;38121;Gardolo
11;5420;38121;Gardolo
11;5420;38121;Gardolo
11;5420;38121;Gardolo
11;5420;38121;Gardolo
13;5420;38121;Gardolo
13;5420;38121;Gardolo
15;5420;38121;Gardolo
16;5420;38121;Gardolo
16;5420;38121;Gardolo
17;5420;38121;Gardolo
18;5420;38121;Gardolo
18;5420;38121;Gardolo
18;5420;38121;Gardolo
19;5420;38121;Gardolo
20;5420;38121;Gardolo
20;5420;38121;Gardolo
21;5420;38121;Gardolo
22;5420;38121;Gardolo
22;5420;38121;Gardolo
23;5420;38121;Gardolo
23;5420;38121;Gardolo
24;5420;38121;Gardolo
24;5420;38121;Gardolo
24;5420;38121;Gardolo
25;5420;38121;Gardolo
25;5420;38121;Gardolo
27;5420;38121;Gardolo
28;5420;38121;Gardolo
28;5420;38121;Gardolo
28/A;5420;38121;Gardolo
28/A;5420;38121;Gardolo
29;5420;38121;Gardolo
30;5420;38121;Gardolo
30;5420;38121;Gardolo
31;5420;38121;Gardolo
31;5420;38121;Gardolo
32;5420;38121;Gardolo
34;5420;38121;Gardolo
36;5420;38121;Gardolo
3;5440;38121;Gardolo
4;5440;38121;Gardolo
4;5440;38121;Gardolo
4;5440;38121;Gardolo
5;5440;38121;Gardolo
7;5440;38121;Gardolo
7/A;5440;38121;Gardolo
7/A;5440;38121;Gardolo
7/B;5440;38121;Gardolo
7/B;5440;38121;Gardolo
13;5440;38121;Gardolo
13;5440;38121;Gardolo
13;5440;38121;Gardolo
13;5440;38121;Gardolo
16;5440;38121;Gardolo
16;5440;38121;Gardolo
18;5440;38121;Gardolo
18;5440;38121;Gardolo
18;5440;38121;Gardolo
19;5440;38121;Gardolo
19;5440;38121;Gardolo
19;5440;38121;Gardolo
28;5440;38121;Gardolo
30;5440;38121;Gardolo
31;5440;38121;Gardolo
33;5440;38121;Gardolo
35;5440;38121;Gardolo
37;5440;38121;Gardolo
37;5440;38121;Gardolo
39;5440;38121;Gardolo
39;5440;38121;Gardolo
41;5440;38121;Gardolo
41;5440;38121;Gardolo
43;5440;38121;Gardolo
43;5440;38121;Gardolo
45;5440;38121;Gardolo
45;5440;38121;Gardolo
47;5440;38121;Gardolo
47;5440;38121;Gardolo
49;5440;38121;Gardolo
49;5440;38121;Gardolo
51;5440;38121;Gardolo
51;5440;38121;Gardolo
53;5440;38121;Gardolo
53;5440;38121;Gardolo
53;5440;38121;Gardolo
55;5440;38121;Gardolo
57;5440;38121;Gardolo
59;5440;38121;Gardolo
1;5460;38121;Gardolo
1;5460;38121;Gardolo
2;5460;38121;Gardolo
2;5460;38121;Gardolo
3;5460;38121;Gardolo
5;5460;38121;Gardolo
5;5460;38121;Gardolo
5;5460;38121;Gardolo
7;5460;38121;Gardolo
11;5460;38121;Gardolo
13;5460;38121;Gardolo
15;5460;38121;Gardolo
20;5460;38121;Gardolo
21;5460;38121;Gardolo
22;5460;38121;Gardolo
23;5460;38121;Gardolo
24;5460;38121;Gardolo
26;5460;38121;Gardolo
31;5460;38121;Gardolo
31;5460;38121;Gardolo
31;5460;38121;Gardolo
33;5460;38121;Gardolo
33;5460;38121;Gardolo
37;5460;38121;Gardolo
39;5460;38121;Gardolo
43;5460;38121;Gardolo
43;5460;38121;Gardolo
45;5460;38121;Gardolo
45;5460;38121;Gardolo
51;5460;38121;Gardolo
51;5460;38121;Gardolo
51;5460;38121;Gardolo
53;5460;38121;Gardolo
53;5460;38121;Gardolo
61;5460;38121;Gardolo
63;5460;38121;Gardolo
63;5460;38121;Gardolo
65;5460;38121;Gardolo
65;5460;38121;Gardolo
67;5460;38121;Gardolo
5;5470;38121;Gardolo
7;5470;38121;Gardolo
9;5470;38121;Gardolo
11;5470;38121;Gardolo
12;5470;38121;Gardolo
12;5470;38121;Gardolo
13;5470;38121;Gardolo
14;5470;38121;Gardolo
14;5470;38121;Gardolo
15;5470;38121;Gardolo
16;5470;38121;Gardolo
16;5470;38121;Gardolo
18;5470;38121;Gardolo
18;5470;38121;Gardolo
19;5470;38121;Gardolo
19;5470;38121;Gardolo
20;5470;38121;Gardolo
20;5470;38121;Gardolo
24;5470;38121;Gardolo
24;5470;38121;Gardolo
24;5470;38121;Gardolo
30;5470;38121;Gardolo
30;5470;38121;Gardolo
36;5470;38121;Gardolo
36;5470;38121;Gardolo
36;5470;38121;Gardolo
2;5480;38121;Gardolo
3;5480;38121;Gardolo
4;5480;38121;Gardolo
5;5480;38121;Gardolo
7;5480;38121;Gardolo
8;5480;38121;Gardolo
9;5480;38121;Gardolo
10;5480;38121;Gardolo
1;5490;38121;Gardolo
1;5490;38121;Gardolo
1;5490;38121;Gardolo
1;5490;38121;Gardolo
2;5490;38121;Gardolo
4;5490;38121;Gardolo
4;5490;38121;Gardolo
4;5490;38121;Gardolo
4;5490;38121;Gardolo
6;5490;38121;Gardolo
10;5490;38121;Gardolo
11;5490;38121;Gardolo
11;5490;38121;Gardolo
11;5490;38121;Gardolo
20;5490;38121;Gardolo
20;5490;38121;Gardolo
21;5490;38121;Gardolo
21;5490;38121;Gardolo
21;5490;38121;Gardolo
22;5490;38121;Gardolo
22;5490;38121;Gardolo
28;5490;38121;Gardolo
28;5490;38121;Gardolo
2;5500;38121;Gardolo
3;5500;38121;Gardolo
4;5500;38121;Gardolo
5;5500;38121;Gardolo
6;5500;38121;Gardolo
7;5500;38121;Gardolo
8;5500;38121;Gardolo
8;5500;38121;Gardolo
9;5500;38121;Gardolo
10;5500;38121;Gardolo
11;5500;38121;Gardolo
12;5500;38121;Gardolo
13;5500;38121;Gardolo
14;5500;38121;Gardolo
15;5500;38121;Gardolo
17;5500;38121;Gardolo
18;5500;38121;Gardolo
18;5500;38121;Gardolo
19;5500;38121;Gardolo
21;5500;38121;Gardolo
1;5510;38121;Gardolo
3;5510;38121;Gardolo
4;5510;38121;Gardolo
6;5510;38121;Gardolo
7;5510;38121;Gardolo
8;5510;38121;Gardolo
9;5510;38121;Gardolo
10;5510;38121;Gardolo
11;5510;38121;Gardolo
1;5520;38121;Gardolo
2;5520;38121;Gardolo
4;5520;38121;Gardolo
5;5520;38121;Gardolo
5;5520;38121;Gardolo
6;5520;38121;Gardolo
7;5520;38121;Gardolo
8;5520;38121;Gardolo
9;5520;38121;Gardolo
11;5520;38121;Gardolo
13;5520;38121;Gardolo
15;5520;38121;Gardolo
15;5520;38121;Gardolo
15;5520;38121;Gardolo
15;5520;38121;Gardolo
17;5520;38121;Gardolo
21;5520;38121;Gardolo
23;5520;38121;Gardolo
25;5520;38121;Gardolo
27;5520;38121;Gardolo
29;5520;38121;Gardolo
31;5520;38121;Gardolo
31;5520;38121;Gardolo
33;5520;38121;Gardolo
35;5520;38121;Gardolo
35;5520;38121;Gardolo
35;5520;38121;Gardolo
37;5520;38121;Gardolo
37;5520;38121;Gardolo
39;5520;38121;Gardolo
2;5530;38121;Gardolo
2;5530;38121;Gardolo
2;5530;38121;Gardolo
3;5530;38121;Gardolo
3;5530;38121;Gardolo
4;5530;38121;Gardolo
4;5530;38121;Gardolo
4;5530;38121;Gardolo
5;5530;38121;Gardolo
5;5530;38121;Gardolo
6;5530;38121;Gardolo
6;5530;38121;Gardolo
7;5530;38121;Gardolo
7;5530;38121;Gardolo
7;5530;38121;Gardolo
7;5530;38121;Gardolo
8;5530;38121;Gardolo
10;5530;38121;Gardolo
12;5530;38121;Gardolo
13;5530;38121;Gardolo
13;5530;38121;Gardolo
14;5530;38121;Gardolo
16;5530;38121;Gardolo
20;5530;38121;Gardolo
21;5530;38121;Gardolo
22;5530;38121;Gardolo
23;5530;38121;Gardolo
24;5530;38121;Gardolo
25;5530;38121;Gardolo
26;5530;38121;Gardolo
27;5530;38121;Gardolo
28;5530;38121;Gardolo
29;5530;38121;Gardolo
30;5530;38121;Gardolo
31;5530;38121;Gardolo
32;5530;38121;Gardolo
33;5530;38121;Gardolo
34;5530;38121;Gardolo
35;5530;38121;Gardolo
37;5530;38121;Gardolo
38;5530;38121;Gardolo
39;5530;38121;Gardolo
40;5530;38121;Gardolo
41;5530;38121;Gardolo
43;5530;38121;Gardolo
45;5530;38121;Gardolo
47;5530;38121;Gardolo
49;5530;38121;Gardolo
51;5530;38121;Gardolo
53;5530;38121;Gardolo
55;5530;38121;Gardolo
57;5530;38121;Gardolo
59;5530;38121;Gardolo
63;5530;38121;Gardolo
63;5530;38121;Gardolo
65;5530;38121;Gardolo
67;5530;38121;Gardolo
69;5530;38121;Gardolo
71;5530;38121;Gardolo
73;5530;38121;Gardolo
3;5535;38121;Gardolo
3;5535;38121;Gardolo
4;5535;38121;Gardolo
5;5535;38121;Gardolo
2;5540;38121;Gardolo
4;5540;38121;Gardolo
4;5540;38121;Gardolo
4;5540;38121;Gardolo
4;5540;38121;Gardolo
4;5540;38121;Gardolo
10;5540;38121;Gardolo
12;5540;38121;Gardolo
14;5540;38121;Gardolo
16;5540;38121;Gardolo
16;5540;38121;Gardolo
18;5540;38121;Gardolo
18;5540;38121;Gardolo
18;5540;38121;Gardolo
18;5540;38121;Gardolo
20;5540;38121;Gardolo
22;5540;38121;Gardolo
24;5540;38121;Gardolo
26;5540;38121;Gardolo
28;5540;38121;Gardolo
30;5540;38121;Gardolo
32;5540;38121;Gardolo
32;5540;38121;Gardolo
34;5540;38121;Gardolo
36;5540;38121;Gardolo
36;5540;38121;Gardolo
36;5540;38121;Gardolo
38;5540;38121;Gardolo
40;5540;38121;Gardolo
40;5540;38121;Gardolo
40;5540;38121;Gardolo
42;5540;38121;Gardolo
42;5540;38121;Gardolo
46;5540;38121;Gardolo
46;5540;38121;Gardolo
46;5540;38121;Gardolo
48;5540;38121;Gardolo
50;5540;38121;Gardolo
50;5540;38121;Gardolo
1;5550;38121;Gardolo
2;5550;38121;Gardolo
4;5550;38121;Gardolo
5;5550;38121;Gardolo
5;5550;38121;Gardolo
6;5550;38121;Gardolo
8;5550;38121;Gardolo
10;5550;38121;Gardolo
11;5550;38121;Gardolo
11/A;5550;38121;Gardolo
11/B;5550;38121;Gardolo
12;5550;38121;Gardolo
13;5550;38121;Gardolo
13;5550;38121;Gardolo
13;5550;38121;Gardolo
14;5550;38121;Gardolo
15;5550;38121;Gardolo
18;5550;38121;Gardolo
19;5550;38121;Gardolo
20;5550;38121;Gardolo
21;5550;38121;Gardolo
23;5550;38121;Gardolo
25;5550;38121;Gardolo
26;5550;38121;Gardolo
30;5550;38121;Gardolo
30;5550;38121;Gardolo
31;5550;38121;Gardolo
31;5550;38121;Gardolo
31;5550;38121;Gardolo
31;5550;38121;Gardolo
32;5550;38121;Gardolo
32;5550;38121;Gardolo
33;5550;38121;Gardolo
34;5550;38121;Gardolo
34;5550;38121;Gardolo
34;5550;38121;Gardolo
34;5550;38121;Gardolo
39;5550;38121;Gardolo
40;5550;38121;Gardolo
40;5550;38121;Gardolo
41;5550;38121;Gardolo
41;5550;38121;Gardolo
43;5550;38121;Gardolo
44;5550;38121;Gardolo
44;5550;38121;Gardolo
45;5550;38121;Gardolo
45;5550;38121;Gardolo
45;5550;38121;Gardolo
46;5550;38121;Gardolo
48;5550;38121;Gardolo
50;5550;38121;Gardolo
52;5550;38121;Gardolo
54;5550;38121;Gardolo
70;5550;38121;Gardolo
70;5550;38121;Gardolo
70;5550;38121;Gardolo
70;5550;38121;Gardolo
70;5550;38121;Gardolo
74;5550;38121;Gardolo
76;5550;38121;Gardolo
78;5550;38121;Gardolo
80;5550;38121;Gardolo
80;5550;38121;Gardolo
84;5550;38121;Gardolo
84;5550;38121;Gardolo
84/A;5550;38121;Gardolo
84/A;5550;38121;Gardolo
86;5550;38121;Gardolo
88;5550;38121;Gardolo
90;5550;38121;Gardolo
92;5550;38121;Gardolo
94;5550;38121;Gardolo
96;5550;38121;Gardolo
98;5550;38121;Gardolo
100;5550;38121;Gardolo
102;5550;38121;Gardolo
104;5550;38121;Gardolo
106;5550;38121;Gardolo
108;5550;38121;Gardolo
110;5550;38121;Gardolo
112;5550;38121;Gardolo
112;5550;38121;Gardolo
118;5550;38121;Gardolo
120;5550;38121;Gardolo
120;5550;38121;Gardolo
2;5560;38121;Gardolo
3;5560;38121;Gardolo
5;5560;38121;Gardolo
6;5560;38121;Gardolo
7;5560;38121;Gardolo
7;5560;38121;Gardolo
8;5560;38121;Gardolo
8;5560;38121;Gardolo
9;5560;38121;Gardolo
10;5560;38121;Gardolo
10;5560;38121;Gardolo
11;5560;38121;Gardolo
12;5560;38121;Gardolo
13;5560;38121;Gardolo
14;5560;38121;Gardolo
15;5560;38121;Gardolo
15;5560;38121;Gardolo
16;5560;38121;Gardolo
17;5560;38121;Gardolo
17;5560;38121;Gardolo
18;5560;38121;Gardolo
19;5560;38121;Gardolo
19;5560;38121;Gardolo
20;5560;38121;Gardolo
22;5560;38121;Gardolo
22;5560;38121;Gardolo
23;5560;38121;Gardolo
23;5560;38121;Gardolo
24;5560;38121;Gardolo
24;5560;38121;Gardolo
25;5560;38121;Gardolo
25;5560;38121;Gardolo
26;5560;38121;Gardolo
26;5560;38121;Gardolo
27;5560;38121;Gardolo
28;5560;38121;Gardolo
28;5560;38121;Gardolo
28;5560;38121;Gardolo
29;5560;38121;Gardolo
29;5560;38121;Gardolo
30;5560;38121;Gardolo
32;5560;38121;Gardolo
32;5560;38121;Gardolo
32;5560;38121;Gardolo
33;5560;38121;Gardolo
33;5560;38121;Gardolo
33;5560;38121;Gardolo
34;5560;38121;Gardolo
34;5560;38121;Gardolo
34;5560;38121;Gardolo
35;5560;38121;Gardolo
35;5560;38121;Gardolo
36;5560;38121;Gardolo
36;5560;38121;Gardolo
36;5560;38121;Gardolo
37;5560;38121;Gardolo
37;5560;38121;Gardolo
38;5560;38121;Gardolo
38;5560;38121;Gardolo
39;5560;38121;Gardolo
39;5560;38121;Gardolo
39;5560;38121;Gardolo
40;5560;38121;Gardolo
40;5560;38121;Gardolo
41;5560;38121;Gardolo
41;5560;38121;Gardolo
41;5560;38121;Gardolo
41;5560;38121;Gardolo
42;5560;38121;Gardolo
42;5560;38121;Gardolo
43;5560;38121;Gardolo
43;5560;38121;Gardolo
44;5560;38121;Gardolo
45;5560;38121;Gardolo
45;5560;38121;Gardolo
46;5560;38121;Gardolo
47;5560;38121;Gardolo
47;5560;38121;Gardolo
48;5560;38121;Gardolo
49;5560;38121;Gardolo
49;5560;38121;Gardolo
50;5560;38121;Gardolo
51;5560;38121;Gardolo
51;5560;38121;Gardolo
52;5560;38121;Gardolo
53;5560;38121;Gardolo
53;5560;38121;Gardolo
54;5560;38121;Gardolo
55;5560;38121;Gardolo
55;5560;38121;Gardolo
56;5560;38121;Gardolo
56;5560;38121;Gardolo
57;5560;38121;Gardolo
57;5560;38121;Gardolo
1;5570;38121;Gardolo
1;5570;38121;Gardolo
1;5570;38121;Gardolo
2;5570;38121;Gardolo
2;5570;38121;Gardolo
2;5570;38121;Gardolo
6;5570;38121;Gardolo
6;5570;38121;Gardolo
6;5570;38121;Gardolo
6;5570;38121;Gardolo
6;5570;38121;Gardolo
6;5570;38121;Gardolo
10;5570;38121;Gardolo
10;5570;38121;Gardolo
14;5570;38121;Gardolo
14;5570;38121;Gardolo
14;5570;38121;Gardolo
14;5570;38121;Gardolo
20;5570;38121;Gardolo
1;5580;38121;Gardolo
2;5580;38121;Gardolo
4;5580;38121;Gardolo
7;5580;38121;Gardolo
8;5580;38121;Gardolo
9;5580;38121;Gardolo
10;5580;38121;Gardolo
12;5580;38121;Gardolo
13;5580;38121;Gardolo
13;5580;38121;Gardolo
13;5580;38121;Gardolo
9;5695;38121;Gardolo
9;5695;38121;Gardolo
9;5695;38121;Gardolo
9;5695;38121;Gardolo
14;5580;38121;Gardolo
15;5580;38121;Gardolo
15;5580;38121;Gardolo
15;5580;38121;Gardolo
17;5580;38121;Gardolo
19;5580;38121;Gardolo
21;5580;38121;Gardolo
1;5590;38121;Gardolo
1;5590;38121;Gardolo
1;5590;38121;Gardolo
1;5590;38121;Gardolo
1;5590;38121;Gardolo
2;5590;38121;Gardolo
3;5590;38121;Gardolo
3;5590;38121;Gardolo
4;5590;38121;Gardolo
6;5590;38121;Gardolo
6;5590;38121;Gardolo
6;5590;38121;Gardolo
7;5590;38121;Gardolo
7;5590;38121;Gardolo
8;5590;38121;Gardolo
8;5590;38121;Gardolo
9;5590;38121;Gardolo
9;5590;38121;Gardolo
10;5590;38121;Gardolo
10;5590;38121;Gardolo
15;5590;38121;Gardolo
16;5590;38121;Gardolo
16;5590;38121;Gardolo
17;5590;38121;Gardolo
19;5590;38121;Gardolo
21;5590;38121;Gardolo
24;5590;38121;Gardolo
28;5590;38121;Gardolo
2;5595;38121;Gardolo
4;5595;38121;Gardolo
5;5595;38121;Gardolo
6;5595;38121;Gardolo
7;5595;38121;Gardolo
9;5595;38121;Gardolo
10;5595;38121;Gardolo
10;5595;38121;Gardolo
11;5595;38121;Gardolo
12;5595;38121;Gardolo
12;5595;38121;Gardolo
12;5595;38121;Gardolo
12;5595;38121;Gardolo
13;5595;38121;Gardolo
14;5595;38121;Gardolo
14;5595;38121;Gardolo
15;5595;38121;Gardolo
16;5595;38121;Gardolo
17;5595;38121;Gardolo
18;5595;38121;Gardolo
19;5595;38121;Gardolo
20;5595;38121;Gardolo
21;5595;38121;Gardolo
21;5595;38121;Gardolo
22;5595;38121;Gardolo
22;5595;38121;Gardolo
22;5595;38121;Gardolo
23;5595;38121;Gardolo
23;5595;38121;Gardolo
23;5595;38121;Gardolo
24;5595;38121;Gardolo
24;5595;38121;Gardolo
24;5595;38121;Gardolo
26;5595;38121;Gardolo
27;5595;38121;Gardolo
27;5595;38121;Gardolo
28;5595;38121;Gardolo
28;5595;38121;Gardolo
28;5595;38121;Gardolo
30;5595;38121;Gardolo
31;5595;38121;Gardolo
32;5595;38121;Gardolo
33;5595;38121;Gardolo
34;5595;38121;Gardolo
34;5595;38121;Gardolo
35;5595;38121;Gardolo
35;5595;38121;Gardolo
36;5595;38121;Gardolo
36;5595;38121;Gardolo
36;5595;38121;Gardolo
37;5595;38121;Gardolo
37;5595;38121;Gardolo
38;5595;38121;Gardolo
38;5595;38121;Gardolo
39;5595;38121;Gardolo
39;5595;38121;Gardolo
39;5595;38121;Gardolo
41;5595;38121;Gardolo
41;5595;38121;Gardolo
43;5595;38121;Gardolo
44;5595;38121;Gardolo
44;5595;38121;Gardolo
44;5595;38121;Gardolo
44;5595;38121;Gardolo
45;5595;38121;Gardolo
47;5595;38121;Gardolo
49;5595;38121;Gardolo
51;5595;38121;Gardolo
53;5595;38121;Gardolo
55;5595;38121;Gardolo
57;5595;38121;Gardolo
59;5595;38121;Gardolo
59;5595;38121;Gardolo
61;5595;38121;Gardolo
63;5595;38121;Gardolo
65;5595;38121;Gardolo
67;5595;38121;Gardolo
67;5595;38121;Gardolo
73;5595;38121;Gardolo
79;5595;38121;Gardolo
79;5595;38121;Gardolo
79;5595;38121;Gardolo
79;5595;38121;Gardolo
79;5595;38121;Gardolo
81;5595;38121;Gardolo
81;5595;38121;Gardolo
83;5595;38121;Gardolo
83;5595;38121;Gardolo
85;5595;38121;Gardolo
87;5595;38121;Gardolo
89;5595;38121;Gardolo
91;5595;38121;Gardolo
91;5595;38121;Gardolo
95;5595;38121;Gardolo
97;5595;38121;Gardolo
97;5595;38121;Gardolo
99;5595;38121;Gardolo
21;5600;38121;Gardolo
23;5600;38121;Gardolo
25;5600;38121;Gardolo
2;5610;38121;Gardolo
2;5610;38121;Gardolo
4;5610;38121;Gardolo
5;5610;38121;Gardolo
6;5610;38121;Gardolo
7;5610;38121;Gardolo
8;5610;38121;Gardolo
8;5610;38121;Gardolo
9;5610;38121;Gardolo
9;5610;38121;Gardolo
10;5610;38121;Gardolo
11;5610;38121;Gardolo
11/A;5610;38121;Gardolo
11/B;5610;38121;Gardolo
11/C;5610;38121;Gardolo
12;5610;38121;Gardolo
12;5610;38121;Gardolo
12;5610;38121;Gardolo
13;5610;38121;Gardolo
14;5610;38121;Gardolo
14;5610;38121;Gardolo
15;5610;38121;Gardolo
15;5610;38121;Gardolo
16;5610;38121;Gardolo
16;5610;38121;Gardolo
17;5610;38121;Gardolo
18;5610;38121;Gardolo
19;5610;38121;Gardolo
19;5610;38121;Gardolo
23;5610;38121;Gardolo
23;5610;38121;Gardolo
24;5610;38121;Gardolo
24;5610;38121;Gardolo
25;5610;38121;Gardolo
25;5610;38121;Gardolo
27;5610;38121;Gardolo
27;5610;38121;Gardolo
28;5610;38121;Gardolo
30;5610;38121;Gardolo
32;5610;38121;Gardolo
34;5610;38121;Gardolo
34;5610;38121;Gardolo
36;5610;38121;Gardolo
36;5610;38121;Gardolo
36;5610;38121;Gardolo
40;5610;38121;Gardolo
42;5610;38121;Gardolo
44;5610;38121;Gardolo
46;5610;38121;Gardolo
50;5610;38121;Gardolo
56;5610;38121;Gardolo
58;5610;38121;Gardolo
58;5610;38121;Gardolo
58;5610;38121;Gardolo
60;5610;38121;Gardolo
60;5610;38121;Gardolo
4;5615;38121;Gardolo
4;5615;38121;Gardolo
4;5615;38121;Gardolo
8;5615;38121;Gardolo
8/A;5615;38121;Gardolo
9;5615;38121;Gardolo
9;5615;38121;Gardolo
10;5615;38121;Gardolo
1;5620;38121;Gardolo
1;5620;38121;Gardolo
2;5620;38121;Gardolo
3;5620;38121;Gardolo
3;5620;38121;Gardolo
4;5620;38121;Gardolo
4;5620;38121;Gardolo
5;5620;38121;Gardolo
5;5620;38121;Gardolo
6;5620;38121;Gardolo
6;5620;38121;Gardolo
7;5620;38121;Gardolo
7;5620;38121;Gardolo
7;5620;38121;Gardolo
7;5620;38121;Gardolo
8;5620;38121;Gardolo
8;5620;38121;Gardolo
9;5620;38121;Gardolo
9;5620;38121;Gardolo
10;5620;38121;Gardolo
10;5620;38121;Gardolo
10;5620;38121;Gardolo
12;5620;38121;Gardolo
12;5620;38121;Gardolo
1;5625;38121;Gardolo
1;5625;38121;Gardolo
1;5625;38121;Gardolo
3;5625;38121;Gardolo
3;5625;38121;Gardolo
4;5625;38121;Gardolo
5;5625;38121;Gardolo
6;5625;38121;Gardolo
6;5625;38121;Gardolo
7;5625;38121;Gardolo
7;5625;38121;Gardolo
8;5625;38121;Gardolo
8;5625;38121;Gardolo
9;5625;38121;Gardolo
9;5625;38121;Gardolo
10;5625;38121;Gardolo
10;5625;38121;Gardolo
11;5625;38121;Gardolo
11;5625;38121;Gardolo
11;5625;38121;Gardolo
1;5630;38121;Gardolo
5;5630;38121;Gardolo
5;5630;38121;Gardolo
7;5630;38121;Gardolo
7;5630;38121;Gardolo
7;5630;38121;Gardolo
7;5630;38121;Gardolo
13;5630;38121;Gardolo
13;5630;38121;Gardolo
13;5630;38121;Gardolo
13;5630;38121;Gardolo
13;5630;38121;Gardolo
13;5630;38121;Gardolo
13;5630;38121;Gardolo
13;5630;38121;Gardolo
13;5630;38121;Gardolo
13;5630;38121;Gardolo
13;5630;38121;Gardolo
13;5630;38121;Gardolo
13;5630;38121;Gardolo
13;5630;38121;Gardolo
13;5630;38121;Gardolo
13;5630;38121;Gardolo
13;5630;38121;Gardolo
13;5630;38121;Gardolo
13;5630;38121;Gardolo
19;5630;38121;Gardolo
19;5630;38121;Gardolo
19;5630;38121;Gardolo
21;5630;38121;Gardolo
21;5630;38121;Gardolo
21;5630;38121;Gardolo
21;5630;38121;Gardolo
21;5630;38121;Gardolo
21;5630;38121;Gardolo
25;5630;38121;Gardolo
25;5630;38121;Gardolo
27;5630;38121;Gardolo
29;5630;38121;Gardolo
31;5630;38121;Gardolo
31;5630;38121;Gardolo
33;5630;38121;Gardolo
33;5630;38121;Gardolo
35;5630;38121;Gardolo
35;5630;38121;Gardolo
35;5630;38121;Gardolo
37;5630;38121;Gardolo
37;5630;38121;Gardolo
39;5630;38121;Gardolo
39;5630;38121;Gardolo
41;5630;38121;Gardolo
41;5630;38121;Gardolo
43;5630;38121;Gardolo
43;5630;38121;Gardolo
45;5630;38121;Gardolo
45;5630;38121;Gardolo
45;5630;38121;Gardolo
45;5630;38121;Gardolo
45;5630;38121;Gardolo
47;5630;38121;Gardolo
49;5630;38121;Gardolo
49;5630;38121;Gardolo
49;5630;38121;Gardolo
49;5630;38121;Gardolo
49;5630;38121;Gardolo
49;5630;38121;Gardolo
51;5630;38121;Gardolo
53;5630;38121;Gardolo
53;5630;38121;Gardolo
53;5630;38121;Gardolo
53;5630;38121;Gardolo
53;5630;38121;Gardolo
53;5630;38121;Gardolo
53;5630;38121;Gardolo
55;5630;38121;Gardolo
57;5630;38121;Gardolo
57;5630;38121;Gardolo
59;5630;38121;Gardolo
61;5630;38121;Gardolo
61;5630;38121;Gardolo
61;5630;38121;Gardolo
61;5630;38121;Gardolo
63;5630;38121;Gardolo
63;5630;38121;Gardolo
63;5630;38121;Gardolo
69;5630;38121;Gardolo
73;5630;38121;Gardolo
75;5630;38121;Gardolo
77;5630;38121;Gardolo
91;5630;38121;Gardolo
91;5630;38121;Gardolo
93;5630;38121;Gardolo
93;5630;38121;Gardolo
95;5630;38121;Gardolo
95;5630;38121;Gardolo
95;5630;38121;Gardolo
95;5630;38121;Gardolo
97;5630;38121;Gardolo
97;5630;38121;Gardolo
97;5630;38121;Gardolo
99;5630;38121;Gardolo
99;5630;38121;Gardolo
99;5630;38121;Gardolo
99;5630;38121;Gardolo
101;5630;38121;Gardolo
103;5630;38121;Gardolo
103;5630;38121;Gardolo
103;5630;38121;Gardolo
3;5635;38121;Gardolo
3;5635;38121;Gardolo
3;5635;38121;Gardolo
3;5635;38121;Gardolo
3;5635;38121;Gardolo
3;5635;38121;Gardolo
4;5635;38121;Gardolo
4;5635;38121;Gardolo
4;5635;38121;Gardolo
6;5635;38121;Gardolo
6;5635;38121;Gardolo
6;5635;38121;Gardolo
6;5635;38121;Gardolo
8;5635;38121;Gardolo
11;5635;38121;Gardolo
11;5635;38121;Gardolo
12;5635;38121;Gardolo
12;5635;38121;Gardolo
12;5635;38121;Gardolo
14;5635;38121;Gardolo
14;5635;38121;Gardolo
16;5635;38121;Gardolo
16;5635;38121;Gardolo
18;5635;38121;Gardolo
18;5635;38121;Gardolo
20;5635;38121;Gardolo
20;5635;38121;Gardolo
21;5635;38121;Gardolo
21;5635;38121;Gardolo
23;5635;38121;Gardolo
23;5635;38121;Gardolo
23;5635;38121;Gardolo
23/A;5635;38121;Gardolo
23/A;5635;38121;Gardolo
24;5635;38121;Gardolo
24;5635;38121;Gardolo
25;5635;38121;Gardolo
25/A;5635;38121;Gardolo
25/B;5635;38121;Gardolo
27;5635;38121;Gardolo
29;5635;38121;Gardolo
30;5635;38121;Gardolo
30;5635;38121;Gardolo
31;5635;38121;Gardolo
32;5635;38121;Gardolo
33;5635;38121;Gardolo
33;5635;38121;Gardolo
33;5635;38121;Gardolo
33;5635;38121;Gardolo
33;5635;38121;Gardolo
34;5635;38121;Gardolo
36;5635;38121;Gardolo
38;5635;38121;Gardolo
40;5635;38121;Gardolo
40;5635;38121;Gardolo
46;5635;38121;Gardolo
46;5635;38121;Gardolo
1;5640;38121;Gardolo
3;5640;38121;Gardolo
5;5640;38121;Gardolo
7;5640;38121;Gardolo
9;5640;38121;Gardolo
11;5640;38121;Gardolo
13;5640;38121;Gardolo
15;5640;38121;Gardolo
17;5640;38121;Gardolo
19;5640;38121;Gardolo
21;5640;38121;Gardolo
1;5645;38121;Gardolo
1;5645;38121;Gardolo
2;5645;38121;Gardolo
3;5645;38121;Gardolo
4;5645;38121;Gardolo
5;5645;38121;Gardolo
5;5645;38121;Gardolo
5;5645;38121;Gardolo
5/A;5645;38121;Gardolo
6;5645;38121;Gardolo
7;5645;38121;Gardolo
8;5645;38121;Gardolo
8;5645;38121;Gardolo
9;5645;38121;Gardolo
10;5645;38121;Gardolo
12;5645;38121;Gardolo
14;5645;38121;Gardolo
16;5645;38121;Gardolo
18;5645;38121;Gardolo
20;5645;38121;Gardolo
22;5645;38121;Gardolo
22;5645;38121;Gardolo
24;5645;38121;Gardolo
24;5645;38121;Gardolo
26;5645;38121;Gardolo
26;5645;38121;Gardolo
28;5645;38121;Gardolo
28;5645;38121;Gardolo
30;5645;38121;Gardolo
30;5645;38121;Gardolo
32;5645;38121;Gardolo
34;5645;38121;Gardolo
34;5645;38121;Gardolo
2;5655;38121;Gardolo
2;5655;38121;Gardolo
2;5655;38121;Gardolo
2;5655;38121;Gardolo
6;5655;38121;Gardolo
7;5655;38121;Gardolo
8;5655;38121;Gardolo
9;5655;38121;Gardolo
10;5655;38121;Gardolo
10;5655;38121;Gardolo
11;5655;38121;Gardolo
13;5655;38121;Gardolo
15;5655;38121;Gardolo
17;5655;38121;Gardolo
18;5655;38121;Gardolo
19;5655;38121;Gardolo
20;5655;38121;Gardolo
21;5655;38121;Gardolo
22;5655;38121;Gardolo
23;5655;38121;Gardolo
24;5655;38121;Gardolo
26;5655;38121;Gardolo
28;5655;38121;Gardolo
32;5655;38121;Gardolo
32;5655;38121;Gardolo
32;5655;38121;Gardolo
4;5660;38121;Gardolo
4;5660;38121;Gardolo
6;5660;38121;Gardolo
6;5660;38121;Gardolo
6;5660;38121;Gardolo
6;5660;38121;Gardolo
8;5660;38121;Gardolo
8;5660;38121;Gardolo
8;5660;38121;Gardolo
9;5660;38121;Gardolo
9;5660;38121;Gardolo
9;5660;38121;Gardolo
9;5660;38121;Gardolo
9;5660;38121;Gardolo
13;5660;38121;Gardolo
13;5660;38121;Gardolo
14;5660;38121;Gardolo
14;5660;38121;Gardolo
15;5660;38121;Gardolo
15;5660;38121;Gardolo
15;5660;38121;Gardolo
16;5660;38121;Gardolo
16;5660;38121;Gardolo
16;5660;38121;Gardolo
17;5660;38121;Gardolo
19;5660;38121;Gardolo
20;5660;38121;Gardolo
20;5660;38121;Gardolo
20;5660;38121;Gardolo
20;5660;38121;Gardolo
20;5660;38121;Gardolo
20;5660;38121;Gardolo
21;5660;38121;Gardolo
21;5660;38121;Gardolo
21;5660;38121;Gardolo
21;5660;38121;Gardolo
21;5660;38121;Gardolo
21;5660;38121;Gardolo
21;5660;38121;Gardolo
21;5660;38121;Gardolo
21;5660;38121;Gardolo
21;5660;38121;Gardolo
21;5660;38121;Gardolo
23;5660;38121;Gardolo
24;5660;38121;Gardolo
24;5660;38121;Gardolo
28;5660;38121;Gardolo
28;5660;38121;Gardolo
28;5660;38121;Gardolo
28;5660;38121;Gardolo
28;5660;38121;Gardolo
28;5660;38121;Gardolo
28;5660;38121;Gardolo
29;5660;38121;Gardolo
30;5660;38121;Gardolo
32;5660;38121;Gardolo
34;5660;38121;Gardolo
36;5660;38121;Gardolo
36;5660;38121;Gardolo
38;5660;38121;Gardolo
38;5660;38121;Gardolo
40;5660;38121;Gardolo
40;5660;38121;Gardolo
42;5660;38121;Gardolo
42;5660;38121;Gardolo
50;5660;38121;Gardolo
50;5660;38121;Gardolo
10;5665;38121;Gardolo
10;5665;38121;Gardolo
12;5665;38121;Gardolo
12;5665;38121;Gardolo
12;5665;38121;Gardolo
12;5665;38121;Gardolo
14;5665;38121;Gardolo
16;5665;38121;Gardolo
18;5665;38121;Gardolo
18;5665;38121;Gardolo
22;5665;38121;Gardolo
22;5665;38121;Gardolo
24;5665;38121;Gardolo
24;5665;38121;Gardolo
26;5665;38121;Gardolo
26;5665;38121;Gardolo
28;5665;38121;Gardolo
28/A;5665;38121;Gardolo
30;5665;38121;Gardolo
32;5665;38121;Gardolo
34;5665;38121;Gardolo
34;5665;38121;Gardolo
1;5670;38121;Gardolo
1;5670;38121;Gardolo
1;5670;38121;Gardolo
2;5670;38121;Gardolo
5;5670;38121;Gardolo
5;5670;38121;Gardolo
5;5670;38121;Gardolo
5;5670;38121;Gardolo
9;5670;38121;Gardolo
9;5670;38121;Gardolo
10;5670;38121;Gardolo
10;5670;38121;Gardolo
11;5670;38121;Gardolo
11;5670;38121;Gardolo
11;5670;38121;Gardolo
12;5670;38121;Gardolo
14;5670;38121;Gardolo
14;5670;38121;Gardolo
16;5670;38121;Gardolo
16;5670;38121;Gardolo
1;5675;38121;Gardolo
1;5675;38121;Gardolo
2;5675;38121;Gardolo
3;5675;38121;Gardolo
3;5675;38121;Gardolo
4;5675;38121;Gardolo
4;5675;38121;Gardolo
5;5675;38121;Gardolo
5;5675;38121;Gardolo
6;5675;38121;Gardolo
6;5675;38121;Gardolo
7;5675;38121;Gardolo
7;5675;38121;Gardolo
8;5675;38121;Gardolo
8;5675;38121;Gardolo
9;5675;38121;Gardolo
9;5675;38121;Gardolo
9;5675;38121;Gardolo
10;5675;38121;Gardolo
10;5675;38121;Gardolo
11;5675;38121;Gardolo
11;5675;38121;Gardolo
12;5675;38121;Gardolo
12;5675;38121;Gardolo
13;5675;38121;Gardolo
13;5675;38121;Gardolo
13;5675;38121;Gardolo
14;5675;38121;Gardolo
14;5675;38121;Gardolo
15;5675;38121;Gardolo
15;5675;38121;Gardolo
16;5675;38121;Gardolo
17;5675;38121;Gardolo
17;5675;38121;Gardolo
18;5675;38121;Gardolo
18;5675;38121;Gardolo
18;5675;38121;Gardolo
18;5675;38121;Gardolo
19;5675;38121;Gardolo
19;5675;38121;Gardolo
21;5675;38121;Gardolo
21;5675;38121;Gardolo
2;5680;38121;Gardolo
4;5680;38121;Gardolo
6;5680;38121;Gardolo
8;5680;38121;Gardolo
8;5680;38121;Gardolo
8;5680;38121;Gardolo
10;5680;38121;Gardolo
10;5680;38121;Gardolo
12;5680;38121;Gardolo
12;5680;38121;Gardolo
14;5680;38121;Gardolo
14;5680;38121;Gardolo
14;5680;38121;Gardolo
16;5680;38121;Gardolo
16;5680;38121;Gardolo
16;5680;38121;Gardolo
18;5680;38121;Gardolo
18;5680;38121;Gardolo
18;5680;38121;Gardolo
20;5680;38121;Gardolo
20;5680;38121;Gardolo
20;5680;38121;Gardolo
22;5680;38121;Gardolo
22;5680;38121;Gardolo
24;5680;38121;Gardolo
24;5680;38121;Gardolo
26;5680;38121;Gardolo
26;5680;38121;Gardolo
28;5680;38121;Gardolo
28;5680;38121;Gardolo
30;5680;38121;Gardolo
30;5680;38121;Gardolo
32;5680;38121;Gardolo
32;5680;38121;Gardolo
34;5680;38121;Gardolo
34;5680;38121;Gardolo
36;5680;38121;Gardolo
36;5680;38121;Gardolo
38;5680;38121;Gardolo
38;5680;38121;Gardolo
40;5680;38121;Gardolo
40;5680;38121;Gardolo
42;5680;38121;Gardolo
42;5680;38121;Gardolo
44;5680;38121;Gardolo
44;5680;38121;Gardolo
46;5680;38121;Gardolo
46;5680;38121;Gardolo
48;5680;38121;Gardolo
48;5680;38121;Gardolo
50;5680;38121;Gardolo
50;5680;38121;Gardolo
52;5680;38121;Gardolo
52;5680;38121;Gardolo
54;5680;38121;Gardolo
56;5680;38121;Gardolo
56;5680;38121;Gardolo
56;5680;38121;Gardolo
58;5680;38121;Gardolo
58;5680;38121;Gardolo
58;5680;38121;Gardolo
60;5680;38121;Gardolo
60;5680;38121;Gardolo
60;5680;38121;Gardolo
62;5680;38121;Gardolo
62;5680;38121;Gardolo
62;5680;38121;Gardolo
64;5680;38121;Gardolo
64;5680;38121;Gardolo
66;5680;38121;Gardolo
66;5680;38121;Gardolo
68;5680;38121;Gardolo
70;5680;38121;Gardolo
70;5680;38121;Gardolo
72;5680;38121;Gardolo
72;5680;38121;Gardolo
74;5680;38121;Gardolo
74;5680;38121;Gardolo
80;5680;38121;Gardolo
9;5685;38121;Gardolo
9/A;5685;38121;Gardolo
11;5685;38121;Gardolo
13/A;5685;38121;Gardolo
15;5685;38121;Gardolo
18;5685;38121;Gardolo
19;5685;38121;Gardolo
20;5685;38121;Gardolo
20;5685;38121;Gardolo
21;5685;38121;Gardolo
22;5685;38121;Gardolo
23;5685;38121;Gardolo
23/A;5685;38121;Gardolo
23/B;5685;38121;Gardolo
25;5685;38121;Gardolo
35;5685;38121;Gardolo
35;5685;38121;Gardolo
37;5685;38121;Gardolo
37;5685;38121;Gardolo
39;5685;38121;Gardolo
39;5685;38121;Gardolo
41;5685;38121;Gardolo
41;5685;38121;Gardolo
43;5685;38121;Gardolo
43;5685;38121;Gardolo
45;5685;38121;Gardolo
47;5685;38121;Gardolo
49;5685;38121;Gardolo
59;5685;38121;Gardolo
59;5685;38121;Gardolo
59;5685;38121;Gardolo
61;5685;38121;Gardolo
65/A;5685;38121;Gardolo
65/B;5685;38121;Gardolo
65/C;5685;38121;Gardolo
65/D;5685;38121;Gardolo
65/E;5685;38121;Gardolo
65/F;5685;38121;Gardolo
65/G;5685;38121;Gardolo
65/H;5685;38121;Gardolo
65/I;5685;38121;Gardolo
65/L;5685;38121;Gardolo
65/M;5685;38121;Gardolo
65/N;5685;38121;Gardolo
65/O;5685;38121;Gardolo
65/P;5685;38121;Gardolo
65/Q;5685;38121;Gardolo
65/R;5685;38121;Gardolo
71;5685;38121;Gardolo
73;5685;38121;Gardolo
77;5685;38121;Gardolo
77;5685;38121;Gardolo
77;5685;38121;Gardolo
79;5685;38121;Gardolo
81;5685;38121;Gardolo
83;5685;38121;Gardolo
85;5685;38121;Gardolo
87;5685;38121;Gardolo
89;5685;38121;Gardolo
91;5685;38121;Gardolo
91;5685;38121;Gardolo
95;5685;38121;Gardolo
99;5685;38121;Gardolo
101;5685;38121;Gardolo
103;5685;38121;Gardolo
105;5685;38121;Gardolo
111;5685;38121;Gardolo
111;5685;38121;Gardolo
113;5685;38121;Gardolo
115;5685;38121;Gardolo
115;5685;38121;Gardolo
115;5685;38121;Gardolo
119;5685;38121;Gardolo
121;5685;38121;Gardolo
123;5685;38121;Gardolo
127;5685;38121;Gardolo
131;5685;38121;Gardolo
133;5685;38121;Gardolo
135;5685;38121;Gardolo
137;5685;38121;Gardolo
139;5685;38121;Gardolo
141;5685;38121;Gardolo
143;5685;38121;Gardolo
147;5685;38121;Gardolo
149;5685;38121;Gardolo
151;5685;38121;Gardolo
153;5685;38121;Gardolo
155;5685;38121;Gardolo
157;5685;38121;Gardolo
161;5685;38121;Gardolo
163;5685;38121;Gardolo
165;5685;38121;Gardolo
167;5685;38121;Gardolo
169;5685;38121;Gardolo
171;5685;38121;Gardolo
173;5685;38121;Gardolo
175;5685;38121;Gardolo
177;5685;38121;Gardolo
179;5685;38121;Gardolo
181;5685;38121;Gardolo
183;5685;38121;Gardolo
185;5685;38121;Gardolo
185;5685;38121;Gardolo
185;5685;38121;Gardolo
185;5685;38121;Gardolo
185;5685;38121;Gardolo
187;5685;38121;Gardolo
189;5685;38121;Gardolo
191;5685;38121;Gardolo
193;5685;38121;Gardolo
195;5685;38121;Gardolo
197;5685;38121;Gardolo
197;5685;38121;Gardolo
2;5690;38121;Gardolo
3;5690;38121;Gardolo
3;5690;38121;Gardolo
3;5690;38121;Gardolo
3;5690;38121;Gardolo
4;5690;38121;Gardolo
4;5690;38121;Gardolo
4;5690;38121;Gardolo
6;5690;38121;Gardolo
7;5690;38121;Gardolo
7;5690;38121;Gardolo
7;5690;38121;Gardolo
8;5690;38121;Gardolo
8;5690;38121;Gardolo
9;5690;38121;Gardolo
9;5690;38121;Gardolo
10;5690;38121;Gardolo
10;5690;38121;Gardolo
10;5690;38121;Gardolo
11;5690;38121;Gardolo
12;5690;38121;Gardolo
12;5690;38121;Gardolo
12;5690;38121;Gardolo
13;5690;38121;Gardolo
13;5690;38121;Gardolo
14;5690;38121;Gardolo
15;5690;38121;Gardolo
16;5690;38121;Gardolo
16;5690;38121;Gardolo
17;5690;38121;Gardolo
17;5690;38121;Gardolo
18;5690;38121;Gardolo
18;5690;38121;Gardolo
19;5690;38121;Gardolo
19;5690;38121;Gardolo
20;5690;38121;Gardolo
21;5690;38121;Gardolo
21;5690;38121;Gardolo
22;5690;38121;Gardolo
24;5690;38121;Gardolo
26;5690;38121;Gardolo
28;5690;38121;Gardolo
28/A;5690;38121;Gardolo
30;5690;38121;Gardolo
32;5690;38121;Gardolo
34;5690;38121;Gardolo
36;5690;38121;Gardolo
38;5690;38121;Gardolo
40;5690;38121;Gardolo
42;5690;38121;Gardolo
44;5690;38121;Gardolo
46;5690;38121;Gardolo
48;5690;38121;Gardolo
48;5690;38121;Gardolo
50;5690;38121;Gardolo
50;5690;38121;Gardolo
50;5690;38121;Gardolo
52;5690;38121;Gardolo
52;5690;38121;Gardolo
54;5690;38121;Gardolo
56;5690;38121;Gardolo
58;5690;38121;Gardolo
60;5690;38121;Gardolo
62;5690;38121;Gardolo
64;5690;38121;Gardolo
64;5690;38121;Gardolo
64;5690;38121;Gardolo
76;5690;38121;Gardolo
76;5690;38121;Gardolo
76;5690;38121;Gardolo
76;5690;38121;Gardolo
80;5690;38121;Gardolo
82;5690;38121;Gardolo
84;5690;38121;Gardolo
84;5690;38121;Gardolo
86;5690;38121;Gardolo
88;5690;38121;Gardolo
88;5690;38121;Gardolo
90;5690;38121;Gardolo
92;5690;38121;Gardolo
94;5690;38121;Gardolo
96;5690;38121;Gardolo
96;5690;38121;Gardolo
98;5690;38121;Gardolo
98;5690;38121;Gardolo
100;5690;38121;Gardolo
100;5690;38121;Gardolo
102;5690;38121;Gardolo
102;5690;38121;Gardolo
104;5690;38121;Gardolo
104;5690;38121;Gardolo
104;5690;38121;Gardolo
104;5690;38121;Gardolo
106;5690;38121;Gardolo
106;5690;38121;Gardolo
108;5690;38121;Gardolo
110;5690;38121;Gardolo
112;5690;38121;Gardolo
114;5690;38121;Gardolo
116;5690;38121;Gardolo
118;5690;38121;Gardolo
120;5690;38121;Gardolo
120;5690;38121;Gardolo
122;5690;38121;Gardolo
122;5690;38121;Gardolo
122;5690;38121;Gardolo
1;5695;38121;Gardolo
1;5695;38121;Gardolo
1;5695;38121;Gardolo
3;5695;38121;Gardolo
3;5695;38121;Gardolo
3;5695;38121;Gardolo
5;5695;38121;Gardolo
5;5695;38121;Gardolo
5;5695;38121;Gardolo
5;5695;38121;Gardolo
5;5695;38121;Gardolo
5;5695;38121;Gardolo
5;5695;38121;Gardolo
6;5695;38121;Gardolo
6;5695;38121;Gardolo
7;5695;38121;Gardolo
8;5695;38121;Gardolo
8;5695;38121;Gardolo
8;5695;38121;Gardolo
8;5695;38121;Gardolo
8;5695;38121;Gardolo
8;5695;38121;Gardolo
8;5695;38121;Gardolo
8;5695;38121;Gardolo
8;5695;38121;Gardolo
10;5695;38121;Gardolo
10;5695;38121;Gardolo
11;5695;38121;Gardolo
13;5695;38121;Gardolo
13;5695;38121;Gardolo
13;5695;38121;Gardolo
13;5695;38121;Gardolo
15;5695;38121;Gardolo
15;5695;38121;Gardolo
16;5695;38121;Gardolo
16;5695;38121;Gardolo
17;5695;38121;Gardolo
17;5695;38121;Gardolo
17;5695;38121;Gardolo
17;5695;38121;Gardolo
17;5695;38121;Gardolo
18;5695;38121;Gardolo
18;5695;38121;Gardolo
20;5695;38121;Gardolo
20;5695;38121;Gardolo
21;5695;38121;Gardolo
23;5695;38121;Gardolo
24;5695;38121;Gardolo
24;5695;38121;Gardolo
26;5695;38121;Gardolo
26;5695;38121;Gardolo
26;5695;38121;Gardolo
31;5695;38121;Gardolo
31;5695;38121;Gardolo
1;5700;38121;Gardolo
3;5700;38121;Gardolo
4;5700;38121;Gardolo
4;5700;38121;Gardolo
4;5700;38121;Gardolo
4;5700;38121;Gardolo
4;5700;38121;Gardolo
5;5700;38121;Gardolo
7;5700;38121;Gardolo
7;5700;38121;Gardolo
7;5700;38121;Gardolo
7;5700;38121;Gardolo
10;5700;38121;Gardolo
10;5700;38121;Gardolo
10;5700;38121;Gardolo
10;5700;38121;Gardolo
10;5700;38121;Gardolo
20;5700;38121;Gardolo
20;5700;38121;Gardolo
30;5700;38121;Gardolo
30;5700;38121;Gardolo
32;5700;38121;Gardolo
38;5700;38121;Gardolo
4;5705;38121;Gardolo
4;5705;38121;Gardolo
6;5705;38121;Gardolo
8;5705;38121;Gardolo
9;5705;38121;Gardolo
9;5705;38121;Gardolo
10;5705;38121;Gardolo
10;5705;38121;Gardolo
10;5705;38121;Gardolo
11;5705;38121;Gardolo
12;5705;38121;Gardolo
14;5705;38121;Gardolo
16;5705;38121;Gardolo
18;5705;38121;Gardolo
18;5705;38121;Gardolo
19;5705;38121;Gardolo
19;5705;38121;Gardolo
19;5705;38121;Gardolo
20;5705;38121;Gardolo
20;5705;38121;Gardolo
20;5705;38121;Gardolo
28;5705;38121;Gardolo
30;5705;38121;Gardolo
10;5710;38121;Gardolo
10;5710;38121;Gardolo
11;5710;38121;Gardolo
13;5710;38121;Gardolo
15;5710;38121;Gardolo
15;5710;38121;Gardolo
16;5710;38121;Gardolo
17;5710;38121;Gardolo
17;5710;38121;Gardolo
18;5710;38121;Gardolo
20;5710;38121;Gardolo
20;5710;38121;Gardolo
21;5710;38121;Gardolo
23;5710;38121;Gardolo
23;5710;38121;Gardolo
26;5710;38121;Gardolo
28;5710;38121;Gardolo
28;5710;38121;Gardolo
3;5715;38121;Gardolo
4;5715;38121;Gardolo
4;5715;38121;Gardolo
5;5715;38121;Gardolo
5;5715;38121;Gardolo
6;5715;38121;Gardolo
7;5715;38121;Gardolo
7;5715;38121;Gardolo
8;5715;38121;Gardolo
9;5715;38121;Gardolo
9;5715;38121;Gardolo
11;5715;38121;Gardolo
11;5715;38121;Gardolo
12;5715;38121;Gardolo
12;5715;38121;Gardolo
12;5715;38121;Gardolo
12;5715;38121;Gardolo
12;5715;38121;Gardolo
12;5715;38121;Gardolo
12;5715;38121;Gardolo
12;5715;38121;Gardolo
12;5715;38121;Gardolo
12;5715;38121;Gardolo
12;5715;38121;Gardolo
12;5715;38121;Gardolo
12;5715;38121;Gardolo
12;5715;38121;Gardolo
12;5715;38121;Gardolo
12;5715;38121;Gardolo
12;5715;38121;Gardolo
12;5715;38121;Gardolo
12;5715;38121;Gardolo
12;5715;38121;Gardolo
12;5715;38121;Gardolo
12;5715;38121;Gardolo
12;5715;38121;Gardolo
14;5715;38121;Gardolo
14;5715;38121;Gardolo
14;5715;38121;Gardolo
15;5715;38121;Gardolo
15;5715;38121;Gardolo
16;5715;38121;Gardolo
16;5715;38121;Gardolo
17;5715;38121;Gardolo
17;5715;38121;Gardolo
30;5715;38121;Gardolo
32;5715;38121;Gardolo
34;5715;38121;Gardolo
40;5715;38121;Gardolo
40;5715;38121;Gardolo
42;5715;38121;Gardolo
5;5720;38121;Gardolo
7;5720;38121;Gardolo
9;5720;38121;Gardolo
10;5720;38121;Gardolo
10;5720;38121;Gardolo
11;5720;38121;Gardolo
13;5720;38121;Gardolo
15;5720;38121;Gardolo
17;5720;38121;Gardolo
19;5720;38121;Gardolo
2;5725;38121;Gardolo
4;5725;38121;Gardolo
6;5725;38121;Gardolo
8;5725;38121;Gardolo
10;5725;38121;Gardolo
12;5725;38121;Gardolo
14;5725;38121;Gardolo
16;5725;38121;Gardolo
18;5725;38121;Gardolo
20;5725;38121;Gardolo
22;5725;38121;Gardolo
24;5725;38121;Gardolo
1;5730;38121;Gardolo
1;5730;38121;Gardolo
1;5730;38121;Gardolo
2;5730;38121;Gardolo
3;5730;38121;Gardolo
3;5730;38121;Gardolo
4;5730;38121;Gardolo
4;5730;38121;Gardolo
5;5730;38121;Gardolo
7;5730;38121;Gardolo
9;5730;38121;Gardolo
9;5730;38121;Gardolo
9;5730;38121;Gardolo
9;5730;38121;Gardolo
9;5730;38121;Gardolo
11;5730;38121;Gardolo
15;5730;38121;Gardolo
19;5730;38121;Gardolo
19;5730;38121;Gardolo
19;5730;38121;Gardolo
21;5730;38121;Gardolo
21;5730;38121;Gardolo
21;5730;38121;Gardolo
21;5730;38121;Gardolo
29;5730;38121;Gardolo
29;5730;38121;Gardolo
31;5730;38121;Gardolo
31;5730;38121;Gardolo
35;5730;38121;Gardolo
37;5730;38121;Gardolo
37;5730;38121;Gardolo
37;5730;38121;Gardolo
39;5730;38121;Gardolo
39;5730;38121;Gardolo
43;5730;38121;Gardolo
45;5730;38121;Gardolo
45;5730;38121;Gardolo
47;5730;38121;Gardolo
1;5735;38121;Gardolo
1;5735;38121;Gardolo
3;5735;38121;Gardolo
4;5735;38121;Gardolo
4;5735;38121;Gardolo
5;5735;38121;Gardolo
6;5735;38121;Gardolo
7;5735;38121;Gardolo
8;5735;38121;Gardolo
8;5735;38121;Gardolo
9;5735;38121;Gardolo
10;5735;38121;Gardolo
10;5735;38121;Gardolo
12;5735;38121;Gardolo
12;5735;38121;Gardolo
14;5735;38121;Gardolo
14;5735;38121;Gardolo
16;5735;38121;Gardolo
16;5735;38121;Gardolo
18;5735;38121;Gardolo
18;5735;38121;Gardolo
18;5735;38121;Gardolo
20;5735;38121;Gardolo
1;5740;38121;Gardolo
1;5740;38121;Gardolo
3;5740;38121;Gardolo
3;5740;38121;Gardolo
4;5740;38121;Gardolo
4;5740;38121;Gardolo
5;5740;38121;Gardolo
5;5740;38121;Gardolo
6;5740;38121;Gardolo
10;5740;38121;Gardolo
13;5740;38121;Gardolo
13;5740;38121;Gardolo
13;5740;38121;Gardolo
17;5740;38121;Gardolo
17;5740;38121;Gardolo
17;5740;38121;Gardolo
17;5740;38121;Gardolo
19;5740;38121;Gardolo
19;5740;38121;Gardolo
19;5740;38121;Gardolo
19;5740;38121;Gardolo
21;5740;38121;Gardolo
23;5740;38121;Gardolo
3;5745;38121;Gardolo
3;5745;38121;Gardolo
4;5745;38121;Gardolo
4;5745;38121;Gardolo
5;5745;38121;Gardolo
5;5745;38121;Gardolo
6;5745;38121;Gardolo
6;5745;38121;Gardolo
6;5745;38121;Gardolo
7;5745;38121;Gardolo
7;5745;38121;Gardolo
8;5745;38121;Gardolo
8;5745;38121;Gardolo
9;5745;38121;Gardolo
9;5745;38121;Gardolo
10;5745;38121;Gardolo
10;5745;38121;Gardolo
11;5745;38121;Gardolo
11;5745;38121;Gardolo
13;5745;38121;Gardolo
13;5745;38121;Gardolo
14;5745;38121;Gardolo
14;5745;38121;Gardolo
14;5745;38121;Gardolo
18;5745;38121;Gardolo
18;5745;38121;Gardolo
20;5745;38121;Gardolo
20;5745;38121;Gardolo
22;5745;38121;Gardolo
22;5745;38121;Gardolo
22/A;5745;38121;Gardolo
22/A;5745;38121;Gardolo
22/A;5745;38121;Gardolo
22/A;5745;38121;Gardolo
22/A;5745;38121;Gardolo
22/A;5745;38121;Gardolo
22/A;5745;38121;Gardolo
22/A;5745;38121;Gardolo
22/A;5745;38121;Gardolo
22/A;5745;38121;Gardolo
22/A;5745;38121;Gardolo
22/A;5745;38121;Gardolo
22/A;5745;38121;Gardolo
22/A;5745;38121;Gardolo
24;5745;38121;Gardolo
24;5745;38121;Gardolo
24;5745;38121;Gardolo
26;5745;38121;Gardolo
26;5745;38121;Gardolo
2;5750;38121;Gardolo
2;5750;38121;Gardolo
2;5750;38121;Gardolo
2;5750;38121;Gardolo
2;5750;38121;Gardolo
4;5750;38121;Gardolo
4;5750;38121;Gardolo
6;5750;38121;Gardolo
6;5750;38121;Gardolo
8;5750;38121;Gardolo
10;5750;38121;Gardolo
14;5750;38121;Gardolo
16;5750;38121;Gardolo
16;5750;38121;Gardolo
20;5750;38121;Gardolo
1;5755;38121;Gardolo
2;5755;38121;Gardolo
3;5755;38121;Gardolo
4;5755;38121;Gardolo
5;5755;38121;Gardolo
7;5755;38121;Gardolo
9;5755;38121;Gardolo
11;5755;38121;Gardolo
13;5755;38121;Gardolo
15;5755;38121;Gardolo
17;5755;38121;Gardolo
19;5755;38121;Gardolo
21;5755;38121;Gardolo
2;5760;38121;Gardolo
3;5760;38121;Gardolo
4;5760;38121;Gardolo
4;5760;38121;Gardolo
4;5760;38121;Gardolo
5;5760;38121;Gardolo
5;5760;38121;Gardolo
6;5760;38121;Gardolo
6;5760;38121;Gardolo
8;5760;38121;Gardolo
8;5760;38121;Gardolo
10;5760;38121;Gardolo
10;5760;38121;Gardolo
11;5760;38121;Gardolo
11;5760;38121;Gardolo
13;5760;38121;Gardolo
14;5760;38121;Gardolo
14;5760;38121;Gardolo
15;5760;38121;Gardolo
16;5760;38121;Gardolo
16;5760;38121;Gardolo
18;5760;38121;Gardolo
18;5760;38121;Gardolo
20;5760;38121;Gardolo
20;5760;38121;Gardolo
24;5760;38121;Gardolo
24;5760;38121;Gardolo
24;5760;38121;Gardolo
26;5760;38121;Gardolo
26;5760;38121;Gardolo
28;5760;38121;Gardolo
28;5760;38121;Gardolo
1;5770;38121;Gardolo
3;5770;38121;Gardolo
3;5776;38121;Gardolo
3;5776;38121;Gardolo
3;5776;38121;Gardolo
3;5776;38121;Gardolo
3;5776;38121;Gardolo
13;5776;38121;Gardolo
22;5776;38121;Gardolo
24;5776;38121;Gardolo
1;5777;38121;Gardolo
1;5777;38121;Gardolo
1;5777;38121;Gardolo
1;5777;38121;Gardolo
1;5777;38121;Gardolo
1;5777;38121;Gardolo
1;5777;38121;Gardolo
2;5777;38121;Gardolo
4;5777;38121;Gardolo
4;5777;38121;Gardolo
4;5777;38121;Gardolo
5;5777;38121;Gardolo
5;5777;38121;Gardolo
6;5777;38121;Gardolo
6;5777;38121;Gardolo
6;5777;38121;Gardolo
6;5777;38121;Gardolo
11;5777;38121;Gardolo
11/A;5777;38121;Gardolo
13;5777;38121;Gardolo
15;5777;38121;Gardolo
15/A;5777;38121;Gardolo
17;5777;38121;Gardolo
19;5777;38121;Gardolo
21;5777;38121;Gardolo
21;5777;38121;Gardolo
21/A;5777;38121;Gardolo
23;5777;38121;Gardolo
25;5777;38121;Gardolo
25;5777;38121;Gardolo
1;5778;38121;Gardolo
3;5778;38121;Gardolo
3;5778;38121;Gardolo
3;5778;38121;Gardolo
3;5778;38121;Gardolo
4;5778;38121;Gardolo
5;5778;38121;Gardolo
5;5778;38121;Gardolo
7;5778;38121;Gardolo
7;5778;38121;Gardolo
8;5778;38121;Gardolo
10;5778;38121;Gardolo
12;5778;38121;Gardolo
15;5778;38121;Gardolo
15;5778;38121;Gardolo
7;5781;38121;Gardolo
15;5778;38121;Gardolo
21;5778;38121;Gardolo
21;5778;38121;Gardolo
25;5778;38121;Gardolo
25;5778;38121;Gardolo
31;5778;38121;Gardolo
31;5778;38121;Gardolo
6;5779;38121;Gardolo
8;5779;38121;Gardolo
12/A;5779;38121;Gardolo
12/A;5779;38121;Gardolo
12/B;5779;38121;Gardolo
12/B;5779;38121;Gardolo
12/C;5779;38121;Gardolo
12/C;5779;38121;Gardolo
14;5779;38121;Gardolo
16;5779;38121;Gardolo
6;5780;38121;Gardolo
6;5780;38121;Gardolo
6;5780;38121;Gardolo
6;5780;38121;Gardolo
6;5780;38121;Gardolo
6;5780;38121;Gardolo
1;5781;38121;Gardolo
1;5781;38121;Gardolo
1/A;5781;38121;Gardolo
1/A;5781;38121;Gardolo
1/B;5781;38121;Gardolo
3;5781;38121;Gardolo
3;5781;38121;Gardolo
4;5781;38121;Gardolo
5;5781;38121;Gardolo
5;5781;38121;Gardolo
6;5781;38121;Gardolo
7;5781;38121;Gardolo
7;5781;38121;Gardolo
11;5781;38121;Gardolo
13;5781;38121;Gardolo
13;5781;38121;Gardolo
15;5781;38121;Gardolo
15;5781;38121;Gardolo
15;5781;38121;Gardolo
15;5781;38121;Gardolo
17;5781;38121;Gardolo
18;5781;38121;Gardolo
18;5781;38121;Gardolo
20;5781;38121;Gardolo
20;5781;38121;Gardolo
21;5781;38121;Gardolo
23;5781;38121;Gardolo
24;5781;38121;Gardolo
24;5781;38121;Gardolo
25;5781;38121;Gardolo
27;5781;38121;Gardolo
29;5781;38121;Gardolo
37;5781;38121;Gardolo
37;5781;38121;Gardolo
39;5781;38121;Gardolo
39;5781;38121;Gardolo
39;5781;38121;Gardolo
39;5781;38121;Gardolo
41;5781;38121;Gardolo
41;5781;38121;Gardolo
43;5781;38121;Gardolo
43;5781;38121;Gardolo
47;5781;38121;Gardolo
47;5781;38121;Gardolo
49;5781;38121;Gardolo
51;5781;38121;Gardolo
53;5781;38121;Gardolo
53;5781;38121;Gardolo
55;5781;38121;Gardolo
55;5781;38121;Gardolo
55;5781;38121;Gardolo
57;5781;38121;Gardolo
59;5781;38121;Gardolo
59;5781;38121;Gardolo
61;5781;38121;Gardolo
63;5781;38121;Gardolo
65;5781;38121;Gardolo
69;5781;38121;Gardolo
69;5781;38121;Gardolo
71;5781;38121;Gardolo
71;5781;38121;Gardolo
73;5781;38121;Gardolo
73;5781;38121;Gardolo
75;5781;38121;Gardolo
75;5781;38121;Gardolo
77;5781;38121;Gardolo
79;5781;38121;Gardolo
81;5781;38121;Gardolo
81;5781;38121;Gardolo
81;5781;38121;Gardolo
81;5781;38121;Gardolo
83;5781;38121;Gardolo
83;5781;38121;Gardolo
85;5781;38121;Gardolo
87;5781;38121;Gardolo
89;5781;38121;Gardolo
91;5781;38121;Gardolo
91;5781;38121;Gardolo
91;5781;38121;Gardolo
97;5781;38121;Gardolo
97;5781;38121;Gardolo
101;5781;38121;Gardolo
105;5781;38121;Gardolo
105;5781;38121;Gardolo
107;5781;38121;Gardolo
107;5781;38121;Gardolo
2;5783;38121;Gardolo
2;5783;38121;Gardolo
2;5783;38121;Gardolo
2;5783;38121;Gardolo
2;5783;38121;Gardolo
2;5783;38121;Gardolo
2/A;5783;38121;Gardolo
4;5783;38121;Gardolo
6;5783;38121;Gardolo
8;5783;38121;Gardolo
10;5783;38121;Gardolo
12;5783;38121;Gardolo
14;5783;38121;Gardolo
16;5783;38121;Gardolo
18;5783;38121;Gardolo
2;5785;38121;Gardolo
3;5785;38121;Gardolo
3;5785;38121;Gardolo
4;5785;38121;Gardolo
5;5785;38121;Gardolo
5;5785;38121;Gardolo
5;5785;38121;Gardolo
6;5785;38121;Gardolo
7;5785;38121;Gardolo
7;5785;38121;Gardolo
8;5785;38121;Gardolo
10;5785;38121;Gardolo
12;5785;38121;Gardolo
14;5785;38121;Gardolo
16;5785;38121;Gardolo
18;5785;38121;Gardolo
20;5785;38121;Gardolo
22;5785;38121;Gardolo
24;5785;38121;Gardolo
26;5785;38121;Gardolo
3;5790;38121;Gardolo
4;5790;38121;Gardolo
5;5790;38121;Gardolo
6;5790;38121;Gardolo
9;5790;38121;Gardolo
10;5790;38121;Gardolo
10;5790;38121;Gardolo
10;5790;38121;Gardolo
10;5790;38121;Gardolo
11;5790;38121;Gardolo
14;5790;38121;Gardolo
14;5790;38121;Gardolo
14;5790;38121;Gardolo
16;5790;38121;Gardolo
16;5790;38121;Gardolo
16;5790;38121;Gardolo
18;5790;38121;Gardolo
3;5795;38121;Gardolo
3;5795;38121;Gardolo
4;5795;38121;Gardolo
5;5795;38121;Gardolo
6;5795;38121;Gardolo
7;5795;38121;Gardolo
8;5795;38121;Gardolo
8;5795;38121;Gardolo
8;5795;38121;Gardolo
9;5795;38121;Gardolo
11;5795;38121;Gardolo
14;5795;38121;Gardolo
14;5795;38121;Gardolo
16;5795;38121;Gardolo
16;5795;38121;Gardolo
18;5795;38121;Gardolo
18;5795;38121;Gardolo
20;5795;38121;Gardolo
24;5795;38121;Gardolo
1;6001;38121;Cognola
2;6001;38121;Cognola
3;6001;38121;Cognola
3/A;6001;38121;Cognola
4;6001;38121;Cognola
5;6001;38121;Cognola
7;6001;38121;Cognola
9;6001;38121;Cognola
11;6001;38121;Cognola
13;6001;38121;Cognola
17;6001;38121;Cognola
3;6003;38121;Cognola
3;6003;38121;Cognola
3;6003;38121;Cognola
3;6003;38121;Cognola
3;6003;38121;Cognola
3;6003;38121;Cognola
3;6003;38121;Cognola
3;6003;38121;Cognola
4;6003;38121;Trento
4;6003;38121;Trento
4;6003;38121;Trento
8;6003;38121;Cognola
10;6003;38121;Trento
10;6003;38121;Trento
10;6003;38121;Trento
10;6003;38121;Trento
11;6003;38121;Cognola
13;6003;38121;Cognola
14;6003;38121;Trento
14;6003;38121;Trento
15;6003;38121;Cognola
15;6003;38121;Cognola
16;6003;38121;Trento
16;6003;38121;Trento
24;6003;38121;Cognola
26;6003;38121;Cognola
28;6003;38121;Cognola
30;6003;38121;Cognola
30;6003;38121;Cognola
30;6003;38121;Cognola
30;6003;38121;Cognola
30;6003;38121;Cognola
30;6003;38121;Cognola
30;6003;38121;Cognola
30;6003;38121;Cognola
30;6003;38121;Cognola
30;6003;38121;Cognola
1;6005;38121;Cognola
2;6005;38121;Cognola
3;6005;38121;Cognola
4;6005;38121;Cognola
5;6005;38121;Cognola
6;6005;38121;Cognola
7;6005;38121;Cognola
8;6005;38121;Cognola
9;6005;38121;Cognola
10;6005;38121;Cognola
11;6005;38121;Cognola
12;6005;38121;Cognola
13;6005;38121;Cognola
1;6020;38121;Cognola
1;6020;38121;Cognola
1/A;6020;38121;Cognola
1/A;6020;38121;Cognola
2;6020;38121;Cognola
2/A;6020;38121;Cognola
3;6020;38121;Cognola
4;6020;38121;Cognola
5;6020;38121;Cognola
5;6020;38121;Cognola
6;6020;38121;Cognola
7;6020;38121;Cognola
7;6020;38121;Cognola
8;6020;38121;Cognola
08-gen;6020;38121;Cognola
08-feb;6020;38121;Cognola
08-mar;6020;38121;Cognola
08-apr;6020;38121;Cognola
08-mag;6020;38121;Cognola
9;6020;38121;Cognola
9;6020;38121;Cognola
10;6020;38121;Cognola
10;6020;38121;Cognola
11;6020;38121;Cognola
11;6020;38121;Cognola
13;6020;38121;Cognola
13/A;6020;38121;Cognola
13/A;6020;38121;Cognola
13/A;6020;38121;Cognola
13/B;6020;38121;Cognola
13/B;6020;38121;Cognola
13/B;6020;38121;Cognola
15;6020;38121;Cognola
16;6020;38121;Cognola
16;6020;38121;Cognola
17;6020;38121;Cognola
18;6020;38121;Cognola
19;6020;38121;Cognola
20;6020;38121;Cognola
21;6020;38121;Cognola
23;6020;38121;Cognola
24;6020;38121;Cognola
24;6020;38121;Cognola
25;6020;38121;Cognola
25;6020;38121;Cognola
26;6020;38121;Cognola
26;6020;38121;Cognola
27;6020;38121;Cognola
27/A;6020;38121;Cognola
27/A;6020;38121;Cognola
27/B;6020;38121;Cognola
27/B;6020;38121;Cognola
27/B;6020;38121;Cognola
27/B;6020;38121;Cognola
27/B;6020;38121;Cognola
27/B;6020;38121;Cognola
27/C;6020;38121;Cognola
27/C;6020;38121;Cognola
28;6020;38121;Cognola
28;6020;38121;Cognola
29;6020;38121;Cognola
29;6020;38121;Cognola
30;6020;38121;Cognola
30;6020;38121;Cognola
30;6020;38121;Cognola
30/A;6020;38121;Cognola
30/A;6020;38121;Cognola
30/A;6020;38121;Cognola
31;6020;38121;Cognola
31;6020;38121;Cognola
32;6020;38121;Cognola
32;6020;38121;Cognola
32;6020;38121;Cognola
33;6020;38121;Cognola
33;6020;38121;Cognola
34;6020;38121;Cognola
34;6020;38121;Cognola
35;6020;38121;Cognola
35;6020;38121;Cognola
35/A;6020;38121;Cognola
35/B;6020;38121;Cognola
36;6020;38121;Cognola
36;6020;38121;Cognola
37;6020;38121;Cognola
37;6020;38121;Cognola
38;6020;38121;Cognola
38;6020;38121;Cognola
39;6020;38121;Cognola
39;6020;38121;Cognola
41;6020;38121;Cognola
41;6020;38121;Cognola
43;6020;38121;Cognola
43;6020;38121;Cognola
43;6020;38121;Cognola
44;6020;38121;Cognola
44;6020;38121;Cognola
46;6020;38121;Cognola
1;6040;38121;Cognola
1;6040;38121;Cognola
1;6040;38121;Cognola
2;6040;38121;Cognola
2;6040;38121;Cognola
2;6040;38121;Cognola
2;6040;38121;Cognola
3;6040;38121;Cognola
3;6040;38121;Cognola
5;6040;38121;Cognola
5;6040;38121;Cognola
6;6040;38121;Cognola
6;6040;38121;Cognola
6;6040;38121;Cognola
6;6040;38121;Cognola
6;6040;38121;Cognola
7;6040;38121;Cognola
7;6040;38121;Cognola
8;6040;38121;Cognola
8;6040;38121;Cognola
08-gen;6040;38121;Cognola
9;6040;38121;Cognola
9;6040;38121;Cognola
9;6040;38121;Cognola
10;6040;38121;Cognola
10;6040;38121;Cognola
10;6040;38121;Cognola
10;6040;38121;Cognola
10-gen;6040;38121;Cognola
10-gen;6040;38121;Cognola
10-gen;6040;38121;Cognola
11;6040;38121;Cognola
11;6040;38121;Cognola
11/A;6040;38121;Cognola
11/A;6040;38121;Cognola
12;6040;38121;Cognola
12;6040;38121;Cognola
12;6040;38121;Cognola
13;6040;38121;Cognola
14;6040;38121;Cognola
14-gen;6040;38121;Cognola
15;6040;38121;Cognola
15;6040;38121;Cognola
16;6040;38121;Cognola
16-gen;6040;38121;Cognola
18;6040;38121;Cognola
18;6040;38121;Cognola
19;6040;38121;Cognola
20;6040;38121;Cognola
20;6040;38121;Cognola
20;6040;38121;Cognola
21;6040;38121;Cognola
22;6040;38121;Cognola
24;6040;38121;Cognola
24;6040;38121;Cognola
26;6040;38121;Cognola
1;6050;38121;Cognola
2;6050;38121;Cognola
2;6050;38121;Cognola
2/A;6050;38121;Cognola
2/B;6050;38121;Cognola
3;6050;38121;Cognola
03-gen;6050;38121;Cognola
03-feb;6050;38121;Cognola
03-mar;6050;38121;Cognola
03-apr;6050;38121;Cognola
4;6050;38121;Cognola
4/A;6050;38121;Cognola
4/A;6050;38121;Cognola
4/A;6050;38121;Cognola
4/A;6050;38121;Cognola
4/A;6050;38121;Cognola
4/A;6050;38121;Cognola
4/A;6050;38121;Cognola
4/B;6050;38121;Cognola
4/B;6050;38121;Cognola
4/C;6050;38121;Cognola
4/C;6050;38121;Cognola
5;6050;38121;Cognola
05-gen;6050;38121;Cognola
6;6050;38121;Cognola
06-gen;6050;38121;Cognola
06-feb;6050;38121;Cognola
06-mar;6050;38121;Cognola
06-mar;6050;38121;Cognola
06-mar;6050;38121;Cognola
7;6050;38121;Cognola
07-gen;6050;38121;Cognola
07-feb;6050;38121;Cognola
07-mar;6050;38121;Cognola
8;6050;38121;Cognola
8;6050;38121;Cognola
8;6050;38121;Cognola
9;6050;38121;Cognola
09-gen;6050;38121;Cognola
09-feb;6050;38121;Cognola
09-mar;6050;38121;Cognola
10;6050;38121;Cognola
10;6050;38121;Cognola
10;6050;38121;Cognola
11;6050;38121;Cognola
11;6050;38121;Cognola
12;6050;38121;Cognola
12;6050;38121;Cognola
12;6050;38121;Cognola
12-feb;6050;38121;Cognola
12-mar;6050;38121;Cognola
12-apr;6050;38121;Cognola
12-mag;6050;38121;Cognola
12-giu;6050;38121;Cognola
14;6050;38121;Cognola
14-gen;6050;38121;Cognola
14-gen;6050;38121;Cognola
15;6050;38121;Cognola
15/A;6050;38121;Cognola
15/A;6050;38121;Cognola
16;6050;38121;Cognola
16-gen;6050;38121;Cognola
16-gen;6050;38121;Cognola
16-feb;6050;38121;Cognola
16-mar;6050;38121;Cognola
16-apr;6050;38121;Cognola
16-apr;6050;38121;Cognola
16-apr;6050;38121;Cognola
17;6050;38121;Cognola
17;6050;38121;Cognola
18;6050;38121;Cognola
18/A;6050;38121;Cognola
19;6050;38121;Cognola
19;6050;38121;Cognola
20;6050;38121;Cognola
20;6050;38121;Cognola
20-gen;6050;38121;Cognola
20-gen;6050;38121;Cognola
20-feb;6050;38121;Cognola
20-mar;6050;38121;Cognola
20-mar;6050;38121;Cognola
20-apr;6050;38121;Cognola
20-mag;6050;38121;Cognola
20-giu;6050;38121;Cognola
20-lug;6050;38121;Cognola
20-lug;6050;38121;Cognola
20-ago;6050;38121;Cognola
20-set;6050;38121;Cognola
20-set;6050;38121;Cognola
21;6050;38121;Cognola
21;6050;38121;Cognola
21;6050;38121;Cognola
22;6050;38121;Cognola
22-gen;6050;38121;Cognola
22-gen;6050;38121;Cognola
22/A;6050;38121;Cognola
24;6050;38121;Cognola
24;6050;38121;Cognola
25;6050;38121;Cognola
25;6050;38121;Cognola
25;6050;38121;Cognola
25;6050;38121;Cognola
25;6050;38121;Cognola
25;6050;38121;Cognola
27;6050;38121;Cognola
29;6050;38121;Cognola
31;6050;38121;Cognola
31;6050;38121;Cognola
31-gen;6050;38121;Cognola
31/2;6050;38121;Cognola
31-mar;6050;38121;Cognola
31/4;6050;38121;Cognola
33;6050;38121;Cognola
33/1;6050;38121;Cognola
33/2;6050;38121;Cognola
33/3;6050;38121;Cognola
33/4;6050;38121;Cognola
33/5;6050;38121;Cognola
33/6;6050;38121;Cognola
35;6050;38121;Cognola
35;6050;38121;Cognola
36;6050;38121;Cognola
36;6050;38121;Cognola
37;6050;38121;Cognola
37;6050;38121;Cognola
37/A;6050;38121;Cognola
37/A;6050;38121;Cognola
38;6050;38121;Cognola
39;6050;38121;Cognola
39/A;6050;38121;Cognola
40;6050;38121;Cognola
6;7375;38123;Povo
6;7375;38123;Povo
42;6050;38121;Cognola
42;6050;38121;Cognola
44;6050;38121;Cognola
46;6050;38121;Cognola
48;6050;38121;Cognola
48/1;6050;38121;Cognola
50;6050;38121;Cognola
52;6050;38121;Cognola
52;6050;38121;Cognola
53;6050;38121;Cognola
55;6050;38121;Cognola
57;6050;38121;Cognola
57;6050;38121;Cognola
59;6050;38121;Cognola
59;6050;38121;Cognola
61;6050;38121;Cognola
61;6050;38121;Cognola
65;6050;38121;Cognola
65;6050;38121;Cognola
71;6050;38121;Cognola
71;6050;38121;Cognola
1;6060;38121;Cognola
1;6060;38121;Cognola
2;6060;38121;Cognola
3;6060;38121;Cognola
3;6060;38121;Cognola
4;6060;38121;Cognola
4;6060;38121;Cognola
5;6060;38121;Cognola
5;6060;38121;Cognola
6;6060;38121;Cognola
6;6060;38121;Cognola
6;6060;38121;Cognola
6/A;6060;38121;Cognola
6/A;6060;38121;Cognola
6/A;6060;38121;Cognola
6/A;6060;38121;Cognola
6/A;6060;38121;Cognola
6/A;6060;38121;Cognola
6/A;6060;38121;Cognola
6/A;6060;38121;Cognola
6/B;6060;38121;Cognola
6/B;6060;38121;Cognola
6/B;6060;38121;Cognola
6/B;6060;38121;Cognola
7;6060;38121;Cognola
7;6060;38121;Cognola
8;6060;38121;Cognola
8;6060;38121;Cognola
10;6060;38121;Cognola
12;6060;38121;Cognola
14;6060;38121;Cognola
14/A;6060;38121;Cognola
14/A;6060;38121;Cognola
16;6060;38121;Cognola
16/B;6060;38121;Cognola
16/B;6060;38121;Cognola
16/B;6060;38121;Cognola
16/B;6060;38121;Cognola
16/B;6060;38121;Cognola
16/C;6060;38121;Cognola
16/C;6060;38121;Cognola
16/C;6060;38121;Cognola
16/D;6060;38121;Cognola
16/D;6060;38121;Cognola
18;6060;38121;Cognola
18;6060;38121;Cognola
18;6060;38121;Cognola
20;6060;38121;Cognola
20;6060;38121;Cognola
22;6060;38121;Cognola
22;6060;38121;Cognola
24;6060;38121;Cognola
2;6070;38121;Cognola
4;6070;38121;Cognola
04-gen;6070;38121;Cognola
04-feb;6070;38121;Cognola
5;6070;38121;Cognola
5;6070;38121;Cognola
6;6070;38121;Cognola
8;6070;38121;Cognola
9;6070;38121;Cognola
9;6070;38121;Cognola
9;6070;38121;Cognola
9;6070;38121;Cognola
09-gen;6070;38121;Cognola
10;6070;38121;Cognola
11;6070;38121;Cognola
11;6070;38121;Cognola
12;6070;38121;Cognola
14;6070;38121;Cognola
15;6070;38121;Cognola
16;6070;38121;Cognola
17;6070;38121;Cognola
18;6070;38121;Cognola
19;6070;38121;Cognola
20;6070;38121;Cognola
21;6070;38121;Cognola
22;6070;38121;Cognola
23;6070;38121;Cognola
24;6070;38121;Cognola
24;6070;38121;Cognola
24;6070;38121;Cognola
24;6070;38121;Cognola
25;6070;38121;Cognola
26;6070;38121;Cognola
26;6070;38121;Cognola
27;6070;38121;Cognola
27;6070;38121;Cognola
28;6070;38121;Cognola
30;6070;38121;Cognola
30;6070;38121;Cognola
32;6070;38121;Cognola
33;6070;38121;Cognola
34;6070;38121;Cognola
34;6070;38121;Cognola
35;6070;38121;Cognola
35;6070;38121;Cognola
35;6070;38121;Cognola
36;6070;38121;Cognola
36;6070;38121;Cognola
37;6070;38121;Cognola
37;6070;38121;Cognola
46;6070;38121;Cognola
46;6070;38121;Cognola
50;6070;38121;Cognola
50;6070;38121;Cognola
52;6070;38121;Cognola
52;6070;38121;Cognola
1;6075;38121;Cognola
2;6075;38121;Cognola
3;6075;38121;Cognola
3;6080;38121;Cognola
3;6080;38121;Cognola
4;6080;38121;Cognola
4;6080;38121;Cognola
8;6080;38121;Cognola
8;6080;38121;Cognola
8;6080;38121;Cognola
10;6080;38121;Cognola
10;6080;38121;Cognola
12;6080;38121;Cognola
12;6080;38121;Cognola
14;6080;38121;Cognola
14;6080;38121;Cognola
15;6080;38121;Cognola
16;6080;38121;Cognola
16;6080;38121;Cognola
17;6080;38121;Cognola
17;6080;38121;Cognola
18;6080;38121;Cognola
18/A;6080;38121;Cognola
18/A;6080;38121;Cognola
18/A;6080;38121;Cognola
19;6080;38121;Cognola
19;6080;38121;Cognola
21;6080;38121;Cognola
21;6080;38121;Cognola
22;6080;38121;Cognola
22;6080;38121;Cognola
22-gen;6080;38121;Cognola
22-gen;6080;38121;Cognola
23;6080;38121;Cognola
23;6080;38121;Cognola
24;6080;38121;Cognola
25;6080;38121;Cognola
25;6080;38121;Cognola
26;6080;38121;Cognola
27;6080;38121;Cognola
27;6080;38121;Cognola
28;6080;38121;Cognola
30;6080;38121;Cognola
32;6080;38121;Cognola
34;6080;38121;Cognola
36;6080;38121;Cognola
36;6080;38121;Cognola
38;6080;38121;Cognola
38;6080;38121;Cognola
40;6080;38121;Cognola
40;6080;38121;Cognola
40/1;6080;38121;Cognola
40/1;6080;38121;Cognola
42;6080;38121;Cognola
42;6080;38121;Cognola
44;6080;38121;Cognola
46;6080;38121;Cognola
48;6080;38121;Cognola
48;6080;38121;Cognola
50;6080;38121;Cognola
50;6080;38121;Cognola
52;6080;38121;Cognola
52;6080;38121;Cognola
54;6080;38121;Cognola
54/1;6080;38121;Cognola
56;6080;38121;Cognola
56/1;6080;38121;Cognola
58;6080;38121;Cognola
58/1;6080;38121;Cognola
60;6080;38121;Cognola
60;6080;38121;Cognola
60;6080;38121;Cognola
60;6080;38121;Cognola
64;6080;38121;Cognola
64;6080;38121;Cognola
66;6080;38121;Cognola
66;6080;38121;Cognola
68;6080;38121;Cognola
68;6080;38121;Cognola
70;6080;38121;Cognola
72;6080;38121;Cognola
72;6080;38121;Cognola
72;6080;38121;Cognola
74;6080;38121;Cognola
74;6080;38121;Cognola
76;6080;38121;Cognola
76;6080;38121;Cognola
78;6080;38121;Cognola
78;6080;38121;Cognola
80;6080;38121;Cognola
80;6080;38121;Cognola
80/A;6080;38121;Cognola
80/A;6080;38121;Cognola
82;6080;38121;Cognola
82;6080;38121;Cognola
1;6090;38121;Cognola
1;6090;38121;Cognola
3;6090;38121;Cognola
3;6090;38121;Cognola
5;6090;38121;Cognola
5;6090;38121;Cognola
6;6090;38121;Cognola
6;6090;38121;Cognola
6;6090;38121;Cognola
7;6090;38121;Cognola
7;6090;38121;Cognola
07-gen;6090;38121;Cognola
07-gen;6090;38121;Cognola
8;6090;38121;Cognola
8;6090;38121;Cognola
9;6090;38121;Cognola
9;6090;38121;Cognola
10;6090;38121;Cognola
10;6090;38121;Cognola
11;6090;38121;Cognola
11;6090;38121;Cognola
12;6090;38121;Cognola
12;6090;38121;Cognola
13;6090;38121;Cognola
13;6090;38121;Cognola
13-gen;6090;38121;Cognola
13-feb;6090;38121;Cognola
13-mar;6090;38121;Cognola
14;6090;38121;Cognola
15;6090;38121;Cognola
15;6090;38121;Cognola
15;6090;38121;Cognola
16;6090;38121;Cognola
16;6090;38121;Cognola
18;6090;38121;Cognola
18;6090;38121;Cognola
18/A;6090;38121;Cognola
18/A;6090;38121;Cognola
19;6090;38121;Cognola
19;6090;38121;Cognola
20;6090;38121;Cognola
20;6090;38121;Cognola
23;6090;38121;Cognola
23/A;6090;38121;Cognola
23/B;6090;38121;Cognola
23/B;6090;38121;Cognola
25;6090;38121;Cognola
25/A;6090;38121;Cognola
25/A;6090;38121;Cognola
27;6090;38121;Cognola
29;6090;38121;Cognola
31;6090;38121;Cognola
33;6090;38121;Cognola
33;6090;38121;Cognola
35;6090;38121;Cognola
37;6090;38121;Cognola
39;6090;38121;Cognola
41;6090;38121;Cognola
43;6090;38121;Cognola
45;6090;38121;Cognola
47;6090;38121;Cognola
49;6090;38121;Cognola
51;6090;38121;Cognola
53;6090;38121;Cognola
55;6090;38121;Cognola
57;6090;38121;Cognola
59;6090;38121;Cognola
61;6090;38121;Cognola
63;6090;38121;Cognola
65;6090;38121;Cognola
67;6090;38121;Cognola
69;6090;38121;Cognola
1;6100;38121;Cognola
1;6100;38121;Cognola
2/A;6100;38121;Cognola
3;6100;38121;Cognola
4;6100;38121;Cognola
4;6100;38121;Cognola
4;6100;38121;Cognola
5;6100;38121;Cognola
5;6100;38121;Cognola
6;6100;38121;Cognola
6;6100;38121;Cognola
7;6100;38121;Cognola
7;6100;38121;Cognola
8;6100;38121;Cognola
10;6100;38121;Cognola
10;6100;38121;Cognola
10;6100;38121;Cognola
11;6100;38121;Cognola
12;6100;38121;Cognola
12;6100;38121;Cognola
12;6100;38121;Cognola
12;6100;38121;Cognola
12;6100;38121;Cognola
12;6100;38121;Cognola
12;6100;38121;Cognola
12;6100;38121;Cognola
12;6100;38121;Cognola
14;6100;38121;Cognola
16;6100;38121;Cognola
16/A;6100;38121;Cognola
16/A;6100;38121;Cognola
17;6100;38121;Cognola
17;6100;38121;Cognola
18;6100;38121;Cognola
18;6100;38121;Cognola
18;6100;38121;Cognola
18/B;6100;38121;Cognola
18/B;6100;38121;Cognola
19;6100;38121;Cognola
19;6100;38121;Cognola
20;6100;38121;Cognola
20;6100;38121;Cognola
21;6100;38121;Cognola
21;6100;38121;Cognola
22;6100;38121;Cognola
22;6100;38121;Cognola
23;6100;38121;Cognola
24;6100;38121;Cognola
24;6100;38121;Cognola
24/A;6100;38121;Cognola
24/A;6100;38121;Cognola
24/A;6100;38121;Cognola
25;6100;38121;Cognola
25;6100;38121;Cognola
26;6100;38121;Cognola
27;6100;38121;Cognola
27;6100;38121;Cognola
28;6100;38121;Cognola
29;6100;38121;Cognola
29;6100;38121;Cognola
31;6100;38121;Cognola
31;6100;38121;Cognola
33;6100;38121;Cognola
33;6100;38121;Cognola
33/1;6100;38121;Cognola
33/1;6100;38121;Cognola
33/2;6100;38121;Cognola
33/2;6100;38121;Cognola
33/3;6100;38121;Cognola
33/3;6100;38121;Cognola
33/3;6100;38121;Cognola
33/4;6100;38121;Cognola
33/4;6100;38121;Cognola
33/4;6100;38121;Cognola
35;6100;38121;Cognola
35/1;6100;38121;Cognola
35/1;6100;38121;Cognola
35/10;6100;38121;Cognola
35/10;6100;38121;Cognola
35/2;6100;38121;Cognola
35/2;6100;38121;Cognola
35/2;6100;38121;Cognola
35/3;6100;38121;Cognola
35/3;6100;38121;Cognola
35/4;6100;38121;Cognola
35/5;6100;38121;Cognola
35/6;6100;38121;Cognola
35/7;6100;38121;Cognola
35/8;6100;38121;Cognola
35/9;6100;38121;Cognola
37;6100;38121;Cognola
37;6100;38121;Cognola
37/1;6100;38121;Cognola
37/2;6100;38121;Cognola
37/3;6100;38121;Cognola
37/4;6100;38121;Cognola
37/5;6100;38121;Cognola
37/6;6100;38121;Cognola
37/7;6100;38121;Cognola
37/7;6100;38121;Cognola
39;6100;38121;Cognola
39;6100;38121;Cognola
39/10;6100;38121;Cognola
39/2;6100;38121;Cognola
39/3;6100;38121;Cognola
39/4;6100;38121;Cognola
39/5;6100;38121;Cognola
39/6;6100;38121;Cognola
39/7;6100;38121;Cognola
39/8;6100;38121;Cognola
39/9;6100;38121;Cognola
41;6100;38121;Cognola
41;6100;38121;Cognola
41;6100;38121;Cognola
41/2;6100;38121;Cognola
41/2;6100;38121;Cognola
41/3;6100;38121;Cognola
41/4;6100;38121;Cognola
41/5;6100;38121;Cognola
43;6100;38121;Cognola
43;6100;38121;Cognola
43/2;6100;38121;Cognola
43/3;6100;38121;Cognola
43/4;6100;38121;Cognola
43/5;6100;38121;Cognola
45;6100;38121;Cognola
45;6100;38121;Cognola
55;6100;38121;Cognola
55;6100;38121;Cognola
1;6105;38121;Cognola
3;6105;38121;Cognola
5;6105;38121;Cognola
7;6105;38121;Cognola
8;6105;38121;Cognola
8;6105;38121;Cognola
8;6105;38121;Cognola
9;6105;38121;Cognola
11;6105;38121;Cognola
13;6105;38121;Cognola
15;6105;38121;Cognola
17;6105;38121;Cognola
19;6105;38121;Cognola
21;6105;38121;Cognola
23;6105;38121;Cognola
25;6105;38121;Cognola
27;6105;38121;Cognola
29;6105;38121;Cognola
31;6105;38121;Cognola
33;6105;38121;Cognola
35;6105;38121;Cognola
37;6105;38121;Cognola
39;6105;38121;Cognola
41;6105;38121;Cognola
43;6105;38121;Cognola
45;6105;38121;Cognola
47;6105;38121;Cognola
49;6105;38121;Cognola
50;6105;38121;Cognola
50;6105;38121;Cognola
50;6105;38121;Cognola
51;6105;38121;Cognola
52;6105;38121;Cognola
52;6105;38121;Cognola
52;6105;38121;Cognola
53;6105;38121;Cognola
55;6105;38121;Cognola
57;6105;38121;Cognola
59;6105;38121;Cognola
61;6105;38121;Cognola
63;6105;38121;Cognola
65;6105;38121;Cognola
67;6105;38121;Cognola
69;6105;38121;Cognola
69;6105;38121;Cognola
1;6110;38121;Cognola
1;6110;38121;Cognola
2;6110;38121;Cognola
2;6110;38121;Cognola
2;6110;38121;Cognola
3;6110;38121;Cognola
3;6110;38121;Cognola
3;6110;38121;Cognola
3;6110;38121;Cognola
4;6110;38121;Cognola
4;6110;38121;Cognola
4;6110;38121;Cognola
5;6110;38121;Cognola
5/A;6110;38121;Cognola
5/B;6110;38121;Cognola
7;6110;38121;Cognola
7;6110;38121;Cognola
8;6110;38121;Cognola
8;6110;38121;Cognola
8;6110;38121;Cognola
8;6110;38121;Cognola
8;6110;38121;Cognola
8;6110;38121;Cognola
8;6110;38121;Cognola
8;6110;38121;Cognola
8;6110;38121;Cognola
9;6110;38121;Cognola
9;6110;38121;Cognola
9;6110;38121;Cognola
10;6110;38121;Cognola
11;6110;38121;Cognola
12;6110;38121;Cognola
12;6110;38121;Cognola
13;6110;38121;Cognola
13;6110;38121;Cognola
13-gen;6110;38121;Cognola
13-feb;6110;38121;Cognola
13-mar;6110;38121;Cognola
14;6110;38121;Cognola
14;6110;38121;Cognola
15;6110;38121;Cognola
15;6110;38121;Cognola
15;6110;38121;Cognola
15;6110;38121;Cognola
17;6110;38121;Cognola
18;6110;38121;Cognola
18;6110;38121;Cognola
18;6110;38121;Cognola
19;6110;38121;Cognola
20;6110;38121;Cognola
20;6110;38121;Cognola
21;6110;38121;Cognola
22;6110;38121;Cognola
22;6110;38121;Cognola
23;6110;38121;Cognola
24;6110;38121;Cognola
24/A;6110;38121;Cognola
24/A;6110;38121;Cognola
24/A;6110;38121;Cognola
24/A;6110;38121;Cognola
24/B;6110;38121;Cognola
24/B;6110;38121;Cognola
24/C;6110;38121;Cognola
24/C;6110;38121;Cognola
24/D;6110;38121;Cognola
24/D;6110;38121;Cognola
24/D;6110;38121;Cognola
24/D;6110;38121;Cognola
24/D;6110;38121;Cognola
25;6110;38121;Cognola
25;6110;38121;Cognola
25;6110;38121;Cognola
25;6110;38121;Cognola
25;6110;38121;Cognola
25;6110;38121;Cognola
25;6110;38121;Cognola
25-gen;6110;38121;Cognola
25-gen;6110;38121;Cognola
26;6110;38121;Cognola
26;6110;38121;Cognola
26-gen;6110;38121;Cognola
26-gen;6110;38121;Cognola
27;6110;38121;Cognola
27;6110;38121;Cognola
27-gen;6110;38121;Cognola
27-gen;6110;38121;Cognola
27-feb;6110;38121;Cognola
27-feb;6110;38121;Cognola
28;6110;38121;Cognola
28;6110;38121;Cognola
28/A;6110;38121;Cognola
28/A;6110;38121;Cognola
29;6110;38121;Cognola
29;6110;38121;Cognola
29;6110;38121;Cognola
30;6110;38121;Cognola
30;6110;38121;Cognola
31;6110;38121;Cognola
31;6110;38121;Cognola
31;6110;38121;Cognola
32;6110;38121;Cognola
32;6110;38121;Cognola
32;6110;38121;Cognola
34;6110;38121;Cognola
34;6110;38121;Cognola
36;6110;38121;Cognola
36;6110;38121;Cognola
38;6110;38121;Cognola
38;6110;38121;Cognola
40;6110;38121;Cognola
40;6110;38121;Cognola
42;6110;38121;Cognola
42;6110;38121;Cognola
42;6110;38121;Cognola
44;6110;38121;Cognola
44;6110;38121;Cognola
44/A;6110;38121;Cognola
46;6110;38121;Cognola
46;6110;38121;Cognola
48;6110;38121;Cognola
48;6110;38121;Cognola
48/A;6110;38121;Cognola
50;6110;38121;Cognola
50;6110;38121;Cognola
1;6120;38121;Cognola
2;6120;38121;Cognola
2;6120;38121;Cognola
3;6120;38121;Cognola
3;6120;38121;Cognola
5;6120;38121;Cognola
5;6120;38121;Cognola
6;6120;38121;Cognola
6;6120;38121;Cognola
6;6120;38121;Cognola
9;6120;38121;Cognola
9;6120;38121;Cognola
14;6120;38121;Cognola
15;6120;38121;Cognola
15;6120;38121;Cognola
15;6120;38121;Cognola
16;6120;38121;Cognola
17;6120;38121;Cognola
17;6120;38121;Cognola
18;6120;38121;Cognola
20;6120;38121;Cognola
20;6120;38121;Cognola
22;6120;38121;Cognola
22;6120;38121;Cognola
22;6120;38121;Cognola
22;6120;38121;Cognola
24;6120;38121;Cognola
24;6120;38121;Cognola
32;6120;38121;Cognola
34;6120;38121;Cognola
36;6120;38121;Cognola
40;6120;38121;Cognola
40;6120;38121;Cognola
42;6120;38121;Cognola
42;6120;38121;Cognola
44;6120;38121;Cognola
1;6130;38121;Cognola
1;6130;38121;Cognola
1;6130;38121;Cognola
2;6130;38121;Cognola
02-gen;6130;38121;Cognola
02-feb;6130;38121;Cognola
3;6130;38121;Cognola
4;6130;38121;Cognola
6;6130;38121;Cognola
7;6130;38121;Cognola
7;6130;38121;Cognola
8;6130;38121;Cognola
9;6130;38121;Cognola
09-gen;6130;38121;Cognola
10;6130;38121;Cognola
10;6130;38121;Cognola
11;6130;38121;Cognola
11;6130;38121;Cognola
12;6130;38121;Cognola
12;6130;38121;Cognola
13;6130;38121;Cognola
13;6130;38121;Cognola
14;6130;38121;Cognola
14;6130;38121;Cognola
15;6130;38121;Cognola
15;6130;38121;Cognola
17;6130;38121;Cognola
17;6130;38121;Cognola
17-gen;6130;38121;Cognola
18;6130;38121;Cognola
19;6130;38121;Cognola
19;6130;38121;Cognola
20;6130;38121;Cognola
22;6130;38121;Cognola
24;6130;38121;Cognola
26;6130;38121;Cognola
28;6130;38121;Cognola
30;6130;38121;Cognola
32;6130;38121;Cognola
34;6130;38121;Cognola
36;6130;38121;Cognola
38;6130;38121;Cognola
40;6130;38121;Cognola
42;6130;38121;Cognola
44;6130;38121;Cognola
44/1;6130;38121;Cognola
44/A;6130;38121;Cognola
44/A;6130;38121;Cognola
44/A;6130;38121;Cognola
44/A;6130;38121;Cognola
44/A;6130;38121;Cognola
44/A;6130;38121;Cognola
44/A;6130;38121;Cognola
44/A;6130;38121;Cognola
44/A;6130;38121;Cognola
44/A;6130;38121;Cognola
44/A;6130;38121;Cognola
44/A;6130;38121;Cognola
44/A;6130;38121;Cognola
44/A;6130;38121;Cognola
44/A;6130;38121;Cognola
44/A;6130;38121;Cognola
44/A;6130;38121;Cognola
44/A;6130;38121;Cognola
44/B;6130;38121;Cognola
44/C;6130;38121;Cognola
44/D;6130;38121;Cognola
46;6130;38121;Cognola
46/1;6130;38121;Cognola
48;6130;38121;Cognola
48/1;6130;38121;Cognola
48/2;6130;38121;Cognola
48/3;6130;38121;Cognola
50;6130;38121;Cognola
50/1;6130;38121;Cognola
50/2;6130;38121;Cognola
52;6130;38121;Cognola
54;6130;38121;Cognola
56;6130;38121;Cognola
56/2;6130;38121;Cognola
56/3;6130;38121;Cognola
56/4;6130;38121;Cognola
58;6130;38121;Cognola
58;6130;38121;Cognola
60;6130;38121;Cognola
60;6130;38121;Cognola
62;6130;38121;Cognola
3;6140;38121;Cognola
3;6140;38121;Cognola
03-gen;6140;38121;Cognola
03-feb;6140;38121;Cognola
03-mar;6140;38121;Cognola
03-apr;6140;38121;Cognola
03-mag;6140;38121;Cognola
03-giu;6140;38121;Cognola
03-lug;6140;38121;Cognola
5;6140;38121;Cognola
5;6140;38121;Cognola
5;6140;38121;Cognola
6;6140;38121;Cognola
7;6140;38121;Cognola
9;6140;38121;Cognola
9/B;6140;38121;Cognola
9/B;6140;38121;Cognola
10;6140;38121;Cognola
11;6140;38121;Cognola
11;6140;38121;Cognola
11-gen;6140;38121;Cognola
11-gen;6140;38121;Cognola
11-gen;6140;38121;Cognola
13;6140;38121;Cognola
13;6140;38121;Cognola
16;6140;38121;Cognola
17;6140;38121;Cognola
17;6140;38121;Cognola
18;6140;38121;Cognola
18;6140;38121;Cognola
18;6140;38121;Cognola
20;6140;38121;Cognola
20;6140;38121;Cognola
20;6140;38121;Cognola
1;6150;38121;Cognola
3;6150;38121;Cognola
9;6150;38121;Cognola
9/A;6150;38121;Cognola
11;6150;38121;Cognola
11;6150;38121;Cognola
11/A;6150;38121;Cognola
11/B;6150;38121;Cognola
12;6150;38121;Cognola
13;6150;38121;Cognola
13/A;6150;38121;Cognola
14;6150;38121;Cognola
15;6150;38121;Cognola
16;6150;38121;Cognola
17;6150;38121;Cognola
18;6150;38121;Cognola
19;6150;38121;Cognola
20;6150;38121;Cognola
21;6150;38121;Cognola
22;6150;38121;Cognola
23;6150;38121;Cognola
23;6150;38121;Cognola
25;6150;38121;Cognola
25;6150;38121;Cognola
27;6150;38121;Cognola
27;6150;38121;Cognola
29;6150;38121;Cognola
30;6150;38121;Cognola
30;6150;38121;Cognola
31;6150;38121;Cognola
33;6150;38121;Cognola
1;6160;38121;Cognola
01-gen;6160;38121;Cognola
3;6160;38121;Cognola
3;6160;38121;Cognola
03-gen;6160;38121;Cognola
03-gen;6160;38121;Cognola
4;6160;38121;Cognola
4;6160;38121;Cognola
4;6160;38121;Cognola
5;6160;38121;Cognola
5;6160;38121;Cognola
5;6160;38121;Cognola
5/A;6160;38121;Cognola
5/A;6160;38121;Cognola
6;6160;38121;Cognola
8;6160;38121;Cognola
9;6160;38121;Cognola
9;6160;38121;Cognola
10;6160;38121;Cognola
11;6160;38121;Cognola
11;6160;38121;Cognola
11;6160;38121;Cognola
12;6160;38121;Cognola
13;6160;38121;Cognola
13;6160;38121;Cognola
14;6160;38121;Cognola
15;6160;38121;Cognola
16;6160;38121;Cognola
17;6160;38121;Cognola
18;6160;38121;Cognola
18;6160;38121;Cognola
18;6160;38121;Cognola
19;6160;38121;Cognola
19/A;6160;38121;Cognola
19/B;6160;38121;Cognola
19/C;6160;38121;Cognola
20;6160;38121;Cognola
20;6160;38121;Cognola
20;6160;38121;Cognola
22;6160;38121;Cognola
22;6160;38121;Cognola
22;6160;38121;Cognola
24;6160;38121;Cognola
24;6160;38121;Cognola
24;6160;38121;Cognola
26;6160;38121;Cognola
26;6160;38121;Cognola
26;6160;38121;Cognola
28;6160;38121;Cognola
28;6160;38121;Cognola
28;6160;38121;Cognola
30;6160;38121;Cognola
32;6160;38121;Cognola
34;6160;38121;Cognola
36;6160;38121;Cognola
38;6160;38121;Cognola
40;6160;38121;Cognola
42;6160;38121;Cognola
42;6160;38121;Cognola
44;6160;38121;Cognola
46;6160;38121;Cognola
8;7730;38123;Mattarello
8;7730;38123;Mattarello
48;6160;38121;Cognola
50;6160;38121;Cognola
52;6160;38121;Cognola
1;6170;38121;Cognola
2;6170;38121;Cognola
02-gen;6170;38121;Cognola
02-feb;6170;38121;Cognola
02-feb;6170;38121;Cognola
3;6170;38121;Cognola
4;6170;38121;Cognola
4;6170;38121;Cognola
6;6170;38121;Cognola
6;6170;38121;Cognola
6;6170;38121;Cognola
6;6170;38121;Cognola
7;6170;38121;Cognola
8;6170;38121;Cognola
08-gen;6170;38121;Cognola
08-ott;6170;38121;Cognola
08-ott;6170;38121;Cognola
08-feb;6170;38121;Cognola
08-mar;6170;38121;Cognola
08-apr;6170;38121;Cognola
08-mag;6170;38121;Cognola
08-giu;6170;38121;Cognola
08-lug;6170;38121;Cognola
08-ago;6170;38121;Cognola
08-set;6170;38121;Cognola
08-set;6170;38121;Cognola
9;6170;38121;Cognola
9;6170;38121;Cognola
09-feb;6170;38121;Cognola
09-feb;6170;38121;Cognola
09-feb;6170;38121;Cognola
09-feb;6170;38121;Cognola
10;6170;38121;Cognola
10;6170;38121;Cognola
11;6170;38121;Cognola
11-gen;6170;38121;Cognola
11-ott;6170;38121;Cognola
11-nov;6170;38121;Cognola
11-feb;6170;38121;Cognola
11-mar;6170;38121;Cognola
11-apr;6170;38121;Cognola
11-mag;6170;38121;Cognola
11-giu;6170;38121;Cognola
11-lug;6170;38121;Cognola
11-ago;6170;38121;Cognola
11-set;6170;38121;Cognola
12;6170;38121;Cognola
12;6170;38121;Cognola
13;6170;38121;Cognola
13-gen;6170;38121;Cognola
13-feb;6170;38121;Cognola
13-mar;6170;38121;Cognola
13-apr;6170;38121;Cognola
13-mag;6170;38121;Cognola
13-giu;6170;38121;Cognola
13-lug;6170;38121;Cognola
14;6170;38121;Cognola
14;6170;38121;Cognola
15;6170;38121;Cognola
15-gen;6170;38121;Cognola
15-ott;6170;38121;Cognola
15-nov;6170;38121;Cognola
15-dic;6170;38121;Cognola
15/13;6170;38121;Cognola
15/14;6170;38121;Cognola
15/15;6170;38121;Cognola
15-feb;6170;38121;Cognola
15-mar;6170;38121;Cognola
15-apr;6170;38121;Cognola
15-mag;6170;38121;Cognola
9;7730;38123;Mattarello
15-giu;6170;38121;Cognola
15-lug;6170;38121;Cognola
15-ago;6170;38121;Cognola
15-set;6170;38121;Cognola
16;6170;38121;Cognola
17;6170;38121;Cognola
17;6170;38121;Cognola
18;6170;38121;Cognola
18;6170;38121;Cognola
18-feb;6170;38121;Cognola
18-feb;6170;38121;Cognola
18-feb;6170;38121;Cognola
18-apr;6170;38121;Cognola
18-apr;6170;38121;Cognola
18-apr;6170;38121;Cognola
18-mag;6170;38121;Cognola
18-mag;6170;38121;Cognola
18-giu;6170;38121;Cognola
18-giu;6170;38121;Cognola
18-lug;6170;38121;Cognola
18-lug;6170;38121;Cognola
18/A;6170;38121;Cognola
19;6170;38121;Cognola
20;6170;38121;Cognola
22;6170;38121;Cognola
22;6170;38121;Cognola
24;6170;38121;Cognola
24;6170;38121;Cognola
24-gen;6170;38121;Cognola
24-gen;6170;38121;Cognola
25;6170;38121;Cognola
25;6170;38121;Cognola
26;6170;38121;Cognola
26;6170;38121;Cognola
27/A;6170;38121;Cognola
27/B;6170;38121;Cognola
27/C;6170;38121;Cognola
27/D;6170;38121;Cognola
28;6170;38121;Cognola
28;6170;38121;Cognola
29;6170;38121;Cognola
29;6170;38121;Cognola
30;6170;38121;Cognola
30;6170;38121;Cognola
30/A;6170;38121;Cognola
31;6170;38121;Cognola
32;6170;38121;Cognola
33;6170;38121;Cognola
34;6170;38121;Cognola
34;6170;38121;Cognola
35;6170;38121;Cognola
35;6170;38121;Cognola
35;6170;38121;Cognola
35;6170;38121;Cognola
35;6170;38121;Cognola
35;6170;38121;Cognola
35;6170;38121;Cognola
35;6170;38121;Cognola
35;6170;38121;Cognola
35;6170;38121;Cognola
35;6170;38121;Cognola
35;6170;38121;Cognola
35;6170;38121;Cognola
35;6170;38121;Cognola
35;6170;38121;Cognola
36;6170;38121;Cognola
36;6170;38121;Cognola
38;6170;38121;Cognola
38;6170;38121;Cognola
42;6170;38121;Cognola
42;6170;38121;Cognola
42;6170;38121;Cognola
42/3;6170;38121;Cognola
42/3;6170;38121;Cognola
42/4;6170;38121;Cognola
42/4;6170;38121;Cognola
42/5;6170;38121;Cognola
42/5;6170;38121;Cognola
42/6;6170;38121;Cognola
42/6;6170;38121;Cognola
42/7;6170;38121;Cognola
42/7;6170;38121;Cognola
42/8;6170;38121;Cognola
42/8;6170;38121;Cognola
42/9;6170;38121;Cognola
42/9;6170;38121;Cognola
42/A;6170;38121;Cognola
42/A;6170;38121;Cognola
42/A;6170;38121;Cognola
42/B;6170;38121;Cognola
42/F;6170;38121;Cognola
42/F;6170;38121;Cognola
42/F;6170;38121;Cognola
42/F;6170;38121;Cognola
42/F;6170;38121;Cognola
42/F;6170;38121;Cognola
44;6170;38121;Cognola
44;6170;38121;Cognola
44/1;6170;38121;Cognola
44/1;6170;38121;Cognola
44/2;6170;38121;Cognola
44/2;6170;38121;Cognola
44/3;6170;38121;Cognola
44/3;6170;38121;Cognola
44/3;6170;38121;Cognola
44/4;6170;38121;Cognola
44/4;6170;38121;Cognola
44/5;6170;38121;Cognola
44/5;6170;38121;Cognola
44/6;6170;38121;Cognola
44/6;6170;38121;Cognola
44/7;6170;38121;Cognola
44/B;6170;38121;Cognola
46;6170;38121;Cognola
46;6170;38121;Cognola
48;6170;38121;Cognola
48/1;6170;38121;Cognola
50;6170;38121;Cognola
50;6170;38121;Cognola
50;6170;38121;Cognola
50;6170;38121;Cognola
52;6170;38121;Cognola
52;6170;38121;Cognola
52/A;6170;38121;Cognola
54;6170;38121;Cognola
54;6170;38121;Cognola
56;6170;38121;Cognola
56;6170;38121;Cognola
58;6170;38121;Cognola
58;6170;38121;Cognola
58;6170;38121;Cognola
60;6170;38121;Cognola
60;6170;38121;Cognola
62;6170;38121;Cognola
64;6170;38121;Cognola
66;6170;38121;Cognola
68;6170;38121;Cognola
70;6170;38121;Cognola
70;6170;38121;Cognola
70;6170;38121;Cognola
72;6170;38121;Cognola
72;6170;38121;Cognola
1;6180;38121;Cognola
2;6180;38121;Cognola
2;6180;38121;Cognola
3;6180;38121;Cognola
3;6180;38121;Cognola
3;6180;38121;Cognola
4;6180;38121;Cognola
4;6180;38121;Cognola
5;6180;38121;Cognola
5;6180;38121;Cognola
5;6180;38121;Cognola
6;6180;38121;Cognola
6;6180;38121;Cognola
7;6180;38121;Cognola
7;6180;38121;Cognola
9;6180;38121;Cognola
9;6180;38121;Cognola
10;6180;38121;Cognola
10/A;6180;38121;Cognola
11;6180;38121;Cognola
12;6180;38121;Cognola
12;6180;38121;Cognola
12/A;6180;38121;Cognola
12/A;6180;38121;Cognola
13;6180;38121;Cognola
14;6180;38121;Cognola
14;6180;38121;Cognola
14;6180;38121;Cognola
15;6180;38121;Cognola
16;6180;38121;Cognola
1;6190;38121;Cognola
2;6190;38121;Cognola
3;6190;38121;Cognola
4;6190;38121;Cognola
4;6190;38121;Cognola
4;6190;38121;Cognola
5;6190;38121;Cognola
5;6190;38121;Cognola
6;6190;38121;Cognola
6;6190;38121;Cognola
6;6190;38121;Cognola
6/A;6190;38121;Cognola
6/A;6190;38121;Cognola
6/A;6190;38121;Cognola
7;6190;38121;Cognola
7;6190;38121;Cognola
8;6190;38121;Cognola
8;6190;38121;Cognola
8/A;6190;38121;Cognola
8/A;6190;38121;Cognola
9;6190;38121;Cognola
9;6190;38121;Cognola
9/A;6190;38121;Cognola
9/A;6190;38121;Cognola
10;6190;38121;Cognola
10;6190;38121;Cognola
11;6190;38121;Cognola
11;6190;38121;Cognola
12;6190;38121;Cognola
13;6190;38121;Cognola
13;6190;38121;Cognola
13;6190;38121;Cognola
14;6190;38121;Cognola
15;6190;38121;Cognola
15;6190;38121;Cognola
15;6190;38121;Cognola
15;6190;38121;Cognola
16;6190;38121;Cognola
17;6190;38121;Cognola
17/A;6190;38121;Cognola
17/B;6190;38121;Cognola
17/B;6190;38121;Cognola
18;6190;38121;Cognola
19;6190;38121;Cognola
19/A;6190;38121;Cognola
19/A;6190;38121;Cognola
19/B;6190;38121;Cognola
19/C;6190;38121;Cognola
19/C;6190;38121;Cognola
19/D;6190;38121;Cognola
19/E;6190;38121;Cognola
20;6190;38121;Cognola
21;6190;38121;Cognola
21/A;6190;38121;Cognola
21/A;6190;38121;Cognola
21/A;6190;38121;Cognola
21/A;6190;38121;Cognola
21/A;6190;38121;Cognola
21/A;6190;38121;Cognola
21/A;6190;38121;Cognola
21/A;6190;38121;Cognola
21/A;6190;38121;Cognola
21/A;6190;38121;Cognola
21/A;6190;38121;Cognola
21/A;6190;38121;Cognola
21/A;6190;38121;Cognola
21/B;6190;38121;Cognola
21/B;6190;38121;Cognola
22;6190;38121;Cognola
23;6190;38121;Cognola
23;6190;38121;Cognola
23/A;6190;38121;Cognola
24;6190;38121;Cognola
25;6190;38121;Cognola
26;6190;38121;Cognola
27;6190;38121;Cognola
27;6190;38121;Cognola
28;6190;38121;Cognola
29;6190;38121;Cognola
29;6190;38121;Cognola
31;6190;38121;Cognola
31;6190;38121;Cognola
33;6190;38121;Cognola
33;6190;38121;Cognola
35;6190;38121;Cognola
37;6190;38121;Cognola
39;6190;38121;Cognola
39;6190;38121;Cognola
1;6198;38121;Cognola
3;6198;38121;Cognola
4;6198;38121;Cognola
4/A;6198;38121;Cognola
5;6198;38121;Cognola
6;6198;38121;Cognola
6/A;6198;38121;Cognola
6/B;6198;38121;Cognola
7;6198;38121;Cognola
8;6198;38121;Cognola
9;6198;38121;Cognola
10;6198;38121;Cognola
11;6198;38121;Cognola
12;6198;38121;Cognola
13;6198;38121;Cognola
14;6198;38121;Cognola
16;6198;38121;Cognola
18;6198;38121;Cognola
20;6198;38121;Cognola
22;6198;38121;Cognola
24;6198;38121;Cognola
30;6198;38121;Cognola
30;6198;38121;Cognola
32;6198;38121;Cognola
32/A;6198;38121;Cognola
34;6198;38121;Cognola
34/A;6198;38121;Cognola
34/B;6198;38121;Cognola
36;6198;38121;Cognola
38;6198;38121;Cognola
40;6198;38121;Cognola
40;6198;38121;Cognola
1;6200;38121;Cognola
1;6200;38121;Cognola
1;6200;38121;Cognola
2;6200;38121;Cognola
2;6200;38121;Cognola
3;6200;38121;Cognola
3;6200;38121;Cognola
4;6200;38121;Cognola
5;6200;38121;Cognola
5;6200;38121;Cognola
6;6200;38121;Cognola
6;6200;38121;Cognola
6/A;6200;38121;Cognola
7;6200;38121;Cognola
7;6200;38121;Cognola
7;6200;38121;Cognola
8;6200;38121;Cognola
9;6200;38121;Cognola
10;6200;38121;Cognola
11;6200;38121;Cognola
11;6200;38121;Cognola
11;6200;38121;Cognola
11-gen;6200;38121;Cognola
11-gen;6200;38121;Cognola
12;6200;38121;Cognola
12/A;6200;38121;Cognola
13;6200;38121;Cognola
13;6200;38121;Cognola
14;6200;38121;Cognola
15;6200;38121;Cognola
15;6200;38121;Cognola
16;6200;38121;Cognola
17;6200;38121;Cognola
17;6200;38121;Cognola
18;6200;38121;Cognola
19;6200;38121;Cognola
19;6200;38121;Cognola
19/A;6200;38121;Cognola
20;6200;38121;Cognola
21;6200;38121;Cognola
21;6200;38121;Cognola
21/A;6200;38121;Cognola
21/A;6200;38121;Cognola
22;6200;38121;Cognola
23;6200;38121;Cognola
23;6200;38121;Cognola
24;6200;38121;Cognola
26;6200;38121;Cognola
26-gen;6200;38121;Cognola
26-feb;6200;38121;Cognola
26-mar;6200;38121;Cognola
28;6200;38121;Cognola
28-gen;6200;38121;Cognola
30;6200;38121;Cognola
32;6200;38121;Cognola
34;6200;38121;Cognola
36;6200;38121;Cognola
38;6200;38121;Cognola
40;6200;38121;Cognola
42;6200;38121;Cognola
44;6200;38121;Cognola
46;6200;38121;Cognola
48;6200;38121;Cognola
50;6200;38121;Cognola
54;6200;38121;Cognola
56;6200;38121;Cognola
58;6200;38121;Cognola
60;6200;38121;Cognola
60;6200;38121;Cognola
60/A;6200;38121;Cognola
60/A;6200;38121;Cognola
62;6200;38121;Cognola
62;6200;38121;Cognola
1;6220;38121;Cognola
1;6220;38121;Cognola
1;6220;38121;Cognola
1/A;6220;38121;Cognola
1/A;6220;38121;Cognola
2;6220;38121;Cognola
2;6220;38121;Cognola
3;6220;38121;Cognola
4;6220;38121;Cognola
4;6220;38121;Cognola
4;6220;38121;Cognola
5;6220;38121;Cognola
6;6220;38121;Cognola
7;6220;38121;Cognola
7;6220;38121;Cognola
7;6220;38121;Cognola
9;6220;38121;Cognola
9;6220;38121;Cognola
9;6220;38121;Cognola
11;6220;38121;Cognola
11;6220;38121;Cognola
12;6220;38121;Cognola
13;6220;38121;Cognola
13;6220;38121;Cognola
13;6220;38121;Cognola
13;6220;38121;Cognola
13/A;6220;38121;Cognola
13/A;6220;38121;Cognola
13/A;6220;38121;Cognola
14;6220;38121;Cognola
15;6220;38121;Cognola
15;6220;38121;Cognola
15;6220;38121;Cognola
15-gen;6220;38121;Cognola
15-feb;6220;38121;Cognola
15-mar;6220;38121;Cognola
15-apr;6220;38121;Cognola
15-mag;6220;38121;Cognola
16;6220;38121;Cognola
17;6220;38121;Cognola
17;6220;38121;Cognola
17;6220;38121;Cognola
17-gen;6220;38121;Cognola
17-feb;6220;38121;Cognola
17-mar;6220;38121;Cognola
17-apr;6220;38121;Cognola
18;6220;38121;Cognola
19;6220;38121;Cognola
19;6220;38121;Cognola
19-gen;6220;38121;Cognola
19-feb;6220;38121;Cognola
19-mar;6220;38121;Cognola
20;6220;38121;Cognola
21;6220;38121;Cognola
21;6220;38121;Cognola
21-gen;6220;38121;Cognola
21-ott;6220;38121;Cognola
21-feb;6220;38121;Cognola
21-mar;6220;38121;Cognola
21-apr;6220;38121;Cognola
21-mag;6220;38121;Cognola
21-giu;6220;38121;Cognola
21-lug;6220;38121;Cognola
21-ago;6220;38121;Cognola
21-set;6220;38121;Cognola
21/A;6220;38121;Cognola
21/B;6220;38121;Cognola
22;6220;38121;Cognola
23;6220;38121;Cognola
23;6220;38121;Cognola
24;6220;38121;Cognola
25;6220;38121;Cognola
25;6220;38121;Cognola
25;6220;38121;Cognola
25;6220;38121;Cognola
26;6220;38121;Cognola
27;6220;38121;Cognola
27;6220;38121;Cognola
27;6220;38121;Cognola
27;6220;38121;Cognola
28;6220;38121;Cognola
30;6220;38121;Cognola
31;6220;38121;Cognola
31;6220;38121;Cognola
31;6220;38121;Cognola
32;6220;38121;Cognola
33;6220;38121;Cognola
33/A;6220;38121;Cognola
35;6220;38121;Cognola
35;6220;38121;Cognola
37;6220;38121;Cognola
37;6220;38121;Cognola
39;6220;38121;Cognola
39;6220;38121;Cognola
41;6220;38121;Cognola
41;6220;38121;Cognola
1;6240;38121;Cognola
2;6240;38121;Cognola
3;6240;38121;Cognola
4;6240;38121;Cognola
5;6240;38121;Cognola
6;6240;38121;Cognola
7;6240;38121;Cognola
8;6240;38121;Cognola
8;6240;38121;Cognola
9;6240;38121;Cognola
10;6240;38121;Cognola
11;6240;38121;Cognola
13;6240;38121;Cognola
15;6240;38121;Cognola
15;6240;38121;Cognola
17;6240;38121;Cognola
17;6240;38121;Cognola
19;6240;38121;Cognola
19;6240;38121;Cognola
19;6240;38121;Cognola
21;6240;38121;Cognola
21;6240;38121;Cognola
22;6240;38121;Cognola
23;6240;38121;Cognola
24;6240;38121;Cognola
24;6240;38121;Cognola
24;6240;38121;Cognola
24;6240;38121;Cognola
24;6240;38121;Cognola
25;6240;38121;Cognola
25;6240;38121;Cognola
26;6240;38121;Cognola
26;6240;38121;Cognola
27;6240;38121;Cognola
27;6240;38121;Cognola
28;6240;38121;Cognola
28;6240;38121;Cognola
29;6240;38121;Cognola
30;6240;38121;Cognola
30;6240;38121;Cognola
31;6240;38121;Cognola
31;6240;38121;Cognola
32;6240;38121;Cognola
34;6240;38121;Cognola
35;6240;38121;Cognola
35;6240;38121;Cognola
36;6240;38121;Cognola
37;6240;38121;Cognola
37;6240;38121;Cognola
37;6240;38121;Cognola
37;6240;38121;Cognola
38;6240;38121;Cognola
39;6240;38121;Cognola
39;6240;38121;Cognola
39;6240;38121;Cognola
39;6240;38121;Cognola
39;6240;38121;Cognola
39;6240;38121;Cognola
40;6240;38121;Cognola
41;6240;38121;Cognola
41;6240;38121;Cognola
44;6240;38121;Cognola
44;6240;38121;Cognola
44;6240;38121;Cognola
46;6240;38121;Cognola
46;6240;38121;Cognola
48;6240;38121;Cognola
48;6240;38121;Cognola
50;6240;38121;Cognola
1;6250;38121;Cognola
1;6250;38121;Cognola
1/A;6250;38121;Cognola
1/A;6250;38121;Cognola
1/A;6250;38121;Cognola
1/B;6250;38121;Cognola
1/B;6250;38121;Cognola
1/C;6250;38121;Cognola
1/C;6250;38121;Cognola
1/C;6250;38121;Cognola
2;6250;38121;Cognola
3;6250;38121;Cognola
4;6250;38121;Cognola
04-gen;6250;38121;Cognola
04-gen;6250;38121;Cognola
04-feb;6250;38121;Cognola
5;6250;38121;Cognola
6;6250;38121;Cognola
6;6250;38121;Cognola
6;6250;38121;Cognola
6;6250;38121;Cognola
6;6250;38121;Cognola
7;6250;38121;Cognola
8;6250;38121;Cognola
9;6250;38121;Cognola
2;6260;38121;Cognola
2;6260;38121;Cognola
3;6260;38121;Cognola
3;6260;38121;Cognola
4;6260;38121;Cognola
4;6260;38121;Cognola
6;6260;38121;Cognola
6/A;6260;38121;Cognola
6/A;6260;38121;Cognola
7;6260;38121;Cognola
7;6260;38121;Cognola
7;6260;38121;Cognola
8;6260;38121;Cognola
8;6260;38121;Cognola
9;6260;38121;Cognola
9;6260;38121;Cognola
10;6260;38121;Cognola
11;6260;38121;Cognola
11;6260;38121;Cognola
11;6260;38121;Cognola
11;6260;38121;Cognola
11;6260;38121;Cognola
13;6260;38121;Cognola
14;6260;38121;Cognola
14;6260;38121;Cognola
14;6260;38121;Cognola
14;6260;38121;Cognola
14;6260;38121;Cognola
15;6260;38121;Cognola
15;6260;38121;Cognola
16;6260;38121;Cognola
17;6260;38121;Cognola
17;6260;38121;Cognola
17;6260;38121;Cognola
17;6260;38121;Cognola
18;6260;38121;Cognola
20;6260;38121;Cognola
20;6260;38121;Cognola
22;6260;38121;Cognola
22;6260;38121;Cognola
22;6260;38121;Cognola
23;6260;38121;Cognola
23;6260;38121;Cognola
23;6260;38121;Cognola
23;6260;38121;Cognola
24;6260;38121;Cognola
24;6260;38121;Cognola
24;6260;38121;Cognola
1;6290;38121;Cognola
1;6290;38121;Cognola
1/B;6290;38121;Cognola
1/B;6290;38121;Cognola
2;6290;38121;Cognola
2;6290;38121;Cognola
3;6290;38121;Cognola
3/A;6290;38121;Cognola
3/A;6290;38121;Cognola
4;6290;38121;Cognola
4;6290;38121;Cognola
4;6290;38121;Cognola
5;6290;38121;Cognola
5;6290;38121;Cognola
6;6290;38121;Cognola
6;6290;38121;Cognola
7;6290;38121;Cognola
7;6290;38121;Cognola
9;6290;38121;Cognola
11;6290;38121;Cognola
13;6290;38121;Cognola
14;6290;38121;Cognola
14;6290;38121;Cognola
14;6290;38121;Cognola
15;6290;38121;Cognola
16;6290;38121;Cognola
16;6290;38121;Cognola
16;6290;38121;Cognola
17;6290;38121;Cognola
17-gen;6290;38121;Cognola
18;6290;38121;Cognola
18;6290;38121;Cognola
18;6290;38121;Cognola
19;6290;38121;Cognola
20;6290;38121;Cognola
20;6290;38121;Cognola
20;6290;38121;Cognola
21;6290;38121;Cognola
22;6290;38121;Cognola
22;6290;38121;Cognola
22;6290;38121;Cognola
23;6290;38121;Cognola
23/A;6290;38121;Cognola
24;6290;38121;Cognola
24;6290;38121;Cognola
25;6290;38121;Cognola
27;6290;38121;Cognola
28;6290;38121;Cognola
29;6290;38121;Cognola
29;6290;38121;Cognola
29/A;6290;38121;Cognola
29/B;6290;38121;Cognola
29/C;6290;38121;Cognola
30;6290;38121;Cognola
31;6290;38121;Cognola
31;6290;38121;Cognola
31-gen;6290;38121;Cognola
31/2;6290;38121;Cognola
31/2;6290;38121;Cognola
31-mar;6290;38121;Cognola
31-mar;6290;38121;Cognola
32;6290;38121;Cognola
32;6290;38121;Cognola
32;6290;38121;Cognola
34;6290;38121;Cognola
34/A;6290;38121;Cognola
36;6290;38121;Cognola
38;6290;38121;Cognola
38;6290;38121;Cognola
3;6300;38121;Cognola
3;6300;38121;Cognola
9;6300;38121;Cognola
10;6300;38121;Cognola
10;6300;38121;Cognola
10;6300;38121;Cognola
11;6300;38121;Cognola
13;6300;38121;Cognola
16;6300;38121;Cognola
18;6300;38121;Cognola
18;6300;38121;Cognola
20;6300;38121;Cognola
20;6300;38121;Cognola
20/A;6300;38121;Cognola
20/A;6300;38121;Cognola
21;6300;38121;Cognola
21;6300;38121;Cognola
22;6300;38121;Cognola
22;6300;38121;Cognola
23;6300;38121;Cognola
23;6300;38121;Cognola
24;6300;38121;Cognola
24;6300;38121;Cognola
25;6300;38121;Cognola
25;6300;38121;Cognola
25-gen;6300;38121;Cognola
25-gen;6300;38121;Cognola
26;6300;38121;Cognola
26;6300;38121;Cognola
27;6300;38121;Cognola
27;6300;38121;Cognola
28;6300;38121;Cognola
28;6300;38121;Cognola
29;6300;38121;Cognola
29;6300;38121;Cognola
30;6300;38121;Cognola
31;6300;38121;Cognola
31;6300;38121;Cognola
31;6300;38121;Cognola
31;6300;38121;Cognola
32;6300;38121;Cognola
32/2;6300;38121;Cognola
32/3;6300;38121;Cognola
32/4;6300;38121;Cognola
33;6300;38121;Cognola
33;6300;38121;Cognola
33;6300;38121;Cognola
34;6300;38121;Cognola
34;6300;38121;Cognola
34/A;6300;38121;Cognola
34/A;6300;38121;Cognola
36;6300;38121;Cognola
36/1;6300;38121;Cognola
36/2;6300;38121;Cognola
36/3;6300;38121;Cognola
36/4;6300;38121;Cognola
37;6300;38121;Cognola
38;6300;38121;Cognola
38/1;6300;38121;Cognola
38/2;6300;38121;Cognola
38/3;6300;38121;Cognola
38/4;6300;38121;Cognola
38/5;6300;38121;Cognola
38/6;6300;38121;Cognola
39;6300;38121;Cognola
40;6300;38121;Cognola
40;6300;38121;Cognola
40;6300;38121;Cognola
40;6300;38121;Cognola
40;6300;38121;Cognola
40;6300;38121;Cognola
40;6300;38121;Cognola
41;6300;38121;Cognola
42;6300;38121;Cognola
42;6300;38121;Cognola
43;6300;38121;Cognola
45;6300;38121;Cognola
47;6300;38121;Cognola
51;6300;38121;Cognola
51;6300;38121;Cognola
51;6300;38121;Cognola
51;6300;38121;Cognola
51;6300;38121;Cognola
51;6300;38121;Cognola
2;6310;38121;Cognola
02-gen;6310;38121;Cognola
02-feb;6310;38121;Cognola
2/A;6310;38121;Cognola
2/A;6310;38121;Cognola
2/A;6310;38121;Cognola
3;6310;38121;Cognola
3;6310;38121;Cognola
4;6310;38121;Cognola
4;6310;38121;Cognola
5;6310;38121;Cognola
6;6310;38121;Cognola
6;6310;38121;Cognola
7;6310;38121;Cognola
8;6310;38121;Cognola
8;6310;38121;Cognola
8/A;6310;38121;Cognola
9;6310;38121;Cognola
10;6310;38121;Cognola
10/A;6310;38121;Cognola
11;6310;38121;Cognola
12;6310;38121;Cognola
13;6310;38121;Cognola
14;6310;38121;Cognola
14-gen;6310;38121;Cognola
14-feb;6310;38121;Cognola
15;6310;38121;Cognola
16;6310;38121;Cognola
16;6310;38121;Cognola
16;6310;38121;Cognola
17;6310;38121;Cognola
18;6310;38121;Cognola
19;6310;38121;Cognola
21;6310;38121;Cognola
22;6310;38121;Cognola
22;6310;38121;Cognola
23;6310;38121;Cognola
24;6310;38121;Cognola
24;6310;38121;Cognola
25;6310;38121;Cognola
26;6310;38121;Cognola
26;6310;38121;Cognola
26;6310;38121;Cognola
26;6310;38121;Cognola
27;6310;38121;Cognola
28;6310;38121;Cognola
28;6310;38121;Cognola
29;6310;38121;Cognola
31;6310;38121;Cognola
33;6310;38121;Cognola
35;6310;38121;Cognola
35;6310;38121;Cognola
35;6310;38121;Cognola
35;6310;38121;Cognola
35/A;6310;38121;Cognola
35/B;6310;38121;Cognola
35/B;6310;38121;Cognola
37;6310;38121;Cognola
37;6310;38121;Cognola
37;6310;38121;Cognola
39;6310;38121;Cognola
39;6310;38121;Cognola
39;6310;38121;Cognola
39;6310;38121;Cognola
43;6310;38121;Cognola
43;6310;38121;Cognola
43;6310;38121;Cognola
43;6310;38121;Cognola
45;6310;38121;Cognola
45/A;6310;38121;Cognola
45/A;6310;38121;Cognola
47;6310;38121;Cognola
47;6310;38121;Cognola
47;6310;38121;Cognola
47;6310;38121;Cognola
49;6310;38121;Cognola
51;6310;38121;Cognola
51;6310;38121;Cognola
53;6310;38121;Cognola
53;6310;38121;Cognola
55;6310;38121;Cognola
55;6310;38121;Cognola
57;6310;38121;Cognola
57;6310;38121;Cognola
57/A;6310;38121;Cognola
57/A;6310;38121;Cognola
59;6310;38121;Cognola
59;6310;38121;Cognola
61;6310;38121;Cognola
63;6310;38121;Cognola
63;6310;38121;Cognola
67;6310;38121;Cognola
67;6310;38121;Cognola
69;6310;38121;Cognola
69;6310;38121;Cognola
73;6310;38121;Cognola
73;6310;38121;Cognola
73;6310;38121;Cognola
73/A;6310;38121;Cognola
73/A;6310;38121;Cognola
75;6310;38121;Cognola
75;6310;38121;Cognola
75;6310;38121;Cognola
75;6310;38121;Cognola
77;6310;38121;Cognola
77;6310;38121;Cognola
77;6310;38121;Cognola
77;6310;38121;Cognola
79;6310;38121;Cognola
79;6310;38121;Cognola
1;6320;38121;Cognola
1;6320;38121;Cognola
2;6320;38121;Cognola
2;6320;38121;Cognola
3;6320;38121;Cognola
3;6320;38121;Cognola
3;6320;38121;Cognola
4;6320;38121;Cognola
4;6320;38121;Cognola
4;6320;38121;Cognola
5;6320;38121;Cognola
5;6320;38121;Cognola
5;6320;38121;Cognola
6;6320;38121;Cognola
6;6320;38121;Cognola
7;6320;38121;Cognola
9;6320;38121;Cognola
11;6320;38121;Cognola
13;6320;38121;Cognola
15;6320;38121;Cognola
15;6320;38121;Cognola
17;6320;38121;Cognola
17;6320;38121;Cognola
17;6320;38121;Cognola
19;6320;38121;Cognola
21;6320;38121;Cognola
21;6320;38121;Cognola
21;6320;38121;Cognola
23;6320;38121;Cognola
23;6320;38121;Cognola
25;6320;38121;Cognola
27;6320;38121;Cognola
29;6320;38121;Cognola
31;6320;38121;Cognola
33;6320;38121;Cognola
35;6320;38121;Cognola
37;6320;38121;Cognola
39;6320;38121;Cognola
41;6320;38121;Cognola
43;6320;38121;Cognola
45;6320;38121;Cognola
47;6320;38121;Cognola
49;6320;38121;Cognola
51;6320;38121;Cognola
53;6320;38121;Cognola
55;6320;38121;Cognola
1;6330;38121;Cognola
1;6330;38121;Cognola
1;6330;38121;Cognola
1;6330;38121;Cognola
8;6330;38121;Cognola
8;6330;38121;Cognola
10;6330;38121;Cognola
10;6330;38121;Cognola
10;6330;38121;Cognola
18;6330;38121;Cognola
18;6330;38121;Cognola
20;6330;38121;Cognola
22;6330;38121;Cognola
22;6330;38121;Cognola
1;6340;38121;Cognola
1;6340;38121;Cognola
01-gen;6340;38121;Cognola
01-gen;6340;38121;Cognola
2;6340;38121;Cognola
3;6340;38121;Cognola
4;6340;38121;Cognola
4/A;6340;38121;Cognola
6;6340;38121;Cognola
8;6340;38121;Cognola
9;6340;38121;Cognola
9;6340;38121;Cognola
10;6340;38121;Cognola
11;6340;38121;Cognola
11-gen;6340;38121;Cognola
11-ott;6340;38121;Cognola
11-nov;6340;38121;Cognola
11-feb;6340;38121;Cognola
11-mar;6340;38121;Cognola
11-apr;6340;38121;Cognola
11-mag;6340;38121;Cognola
11-giu;6340;38121;Cognola
11-lug;6340;38121;Cognola
11-ago;6340;38121;Cognola
11-set;6340;38121;Cognola
12;6340;38121;Cognola
13;6340;38121;Cognola
13;6340;38121;Cognola
14;6340;38121;Cognola
14/A;6340;38121;Cognola
15;6340;38121;Cognola
15/E;6340;38121;Cognola
15/F;6340;38121;Cognola
17;6340;38121;Cognola
17;6340;38121;Cognola
18;6340;38121;Cognola
18;6340;38121;Cognola
18;6340;38121;Cognola
18/B;6340;38121;Cognola
18/B;6340;38121;Cognola
18/B;6340;38121;Cognola
19;6340;38121;Cognola
19;6340;38121;Cognola
19-gen;6340;38121;Cognola
19-gen;6340;38121;Cognola
20;6340;38121;Cognola
20;6340;38121;Cognola
20;6340;38121;Cognola
21;6340;38121;Cognola
21;6340;38121;Cognola
22;6340;38121;Cognola
23;6340;38121;Cognola
23-gen;6340;38121;Cognola
23-feb;6340;38121;Cognola
23-mar;6340;38121;Cognola
23-apr;6340;38121;Cognola
24;6340;38121;Cognola
25-feb;6340;38121;Cognola
25-mar;6340;38121;Cognola
25-apr;6340;38121;Cognola
25-mag;6340;38121;Cognola
25-giu;6340;38121;Cognola
25-lug;6340;38121;Cognola
25-ago;6340;38121;Cognola
25-set;6340;38121;Cognola
26;6340;38121;Cognola
28;6340;38121;Cognola
28;6340;38121;Cognola
30;6340;38121;Cognola
32;6340;38121;Cognola
32;6340;38121;Cognola
32;6340;38121;Cognola
34;6340;38121;Cognola
34;6340;38121;Cognola
34;6340;38121;Cognola
36;6340;38121;Cognola
36;6340;38121;Cognola
38;6340;38121;Cognola
38;6340;38121;Cognola
40;6340;38121;Cognola
40;6340;38121;Cognola
40;6340;38121;Cognola
42;6340;38121;Cognola
42;6340;38121;Cognola
42;6340;38121;Cognola
44;6340;38121;Cognola
44;6340;38121;Cognola
46;6340;38121;Cognola
46;6340;38121;Cognola
48;6340;38121;Cognola
48;6340;38121;Cognola
58;6340;38121;Cognola
58;6340;38121;Cognola
60;6340;38121;Cognola
62;6340;38121;Cognola
62;6340;38121;Cognola
62;6340;38121;Cognola
62;6340;38121;Cognola
62;6340;38121;Cognola
62;6340;38121;Cognola
64;6340;38121;Cognola
64;6340;38121;Cognola
64;6340;38121;Cognola
66;6340;38121;Cognola
66;6340;38121;Cognola
66;6340;38121;Cognola
66;6340;38121;Cognola
68;6340;38121;Cognola
70;6340;38121;Cognola
70;6340;38121;Cognola
72;6340;38121;Cognola
74;6340;38121;Cognola
76;6340;38121;Cognola
76;6340;38121;Cognola
76;6340;38121;Cognola
76;6340;38121;Cognola
1;6360;38121;Cognola
8;6360;38121;Cognola
8;6360;38121;Cognola
8;6360;38121;Cognola
8;6360;38121;Cognola
8;6360;38121;Cognola
8;6360;38121;Cognola
8;6360;38121;Cognola
8;6360;38121;Cognola
9;6360;38121;Cognola
11;6360;38121;Cognola
13;6360;38121;Cognola
13;6360;38121;Cognola
14;6360;38121;Cognola
14/A;6360;38121;Cognola
15;6360;38121;Cognola
15/A;6360;38121;Cognola
15/A;6360;38121;Cognola
15/A;6360;38121;Cognola
16;6360;38121;Cognola
17;6360;38121;Cognola
17;6360;38121;Cognola
17/A;6360;38121;Cognola
18;6360;38121;Cognola
19;6360;38121;Cognola
19;6360;38121;Cognola
20;6360;38121;Cognola
20;6360;38121;Cognola
22;6360;38121;Cognola
23;6360;38121;Cognola
23;6360;38121;Cognola
24;6360;38121;Cognola
25;6360;38121;Cognola
25;6360;38121;Cognola
26;6360;38121;Cognola
26;6360;38121;Cognola
27;6360;38121;Cognola
27;6360;38121;Cognola
27;6360;38121;Cognola
27/A;6360;38121;Cognola
27/A;6360;38121;Cognola
28;6360;38121;Cognola
29;6360;38121;Cognola
30;6360;38121;Cognola
31;6360;38121;Cognola
32;6360;38121;Cognola
33;6360;38121;Cognola
35;6360;38121;Cognola
36;6360;38121;Cognola
37;6360;38121;Cognola
39;6360;38121;Cognola
41;6360;38121;Cognola
43;6360;38121;Cognola
45;6360;38121;Cognola
47;6360;38121;Cognola
49;6360;38121;Cognola
51;6360;38121;Cognola
53;6360;38121;Cognola
55;6360;38121;Cognola
57;6360;38121;Cognola
59;6360;38121;Cognola
61;6360;38121;Cognola
63;6360;38121;Cognola
65;6360;38121;Cognola
67;6360;38121;Cognola
69;6360;38121;Cognola
71;6360;38121;Cognola
73;6360;38121;Cognola
75;6360;38121;Cognola
77;6360;38121;Cognola
79;6360;38121;Cognola
81;6360;38121;Cognola
83;6360;38121;Cognola
85;6360;38121;Cognola
87;6360;38121;Cognola
89;6360;38121;Cognola
91;6360;38121;Cognola
93;6360;38121;Cognola
95;6360;38121;Cognola
97;6360;38121;Cognola
99;6360;38121;Cognola
101;6360;38121;Cognola
103;6360;38121;Cognola
105;6360;38121;Cognola
107;6360;38121;Cognola
109;6360;38121;Cognola
111;6360;38121;Cognola
113;6360;38121;Cognola
115;6360;38121;Cognola
115/1;6360;38121;Cognola
117;6360;38121;Cognola
117;6360;38121;Cognola
117;6360;38121;Cognola
119;6360;38121;Cognola
119;6360;38121;Cognola
121;6360;38121;Cognola
121;6360;38121;Cognola
123;6360;38121;Cognola
125;6360;38121;Cognola
125;6360;38121;Cognola
127;6360;38121;Cognola
127;6360;38121;Cognola
129;6360;38121;Cognola
131;6360;38121;Cognola
131;6360;38121;Cognola
133;6360;38121;Cognola
133;6360;38121;Cognola
133;6360;38121;Cognola
135;6360;38121;Cognola
137;6360;38121;Cognola
137;6360;38121;Cognola
137;6360;38121;Cognola
141;6360;38121;Cognola
141;6360;38121;Cognola
141/A;6360;38121;Cognola
141/A;6360;38121;Cognola
143;6360;38121;Cognola
143;6360;38121;Cognola
145;6360;38121;Cognola
147;6360;38121;Cognola
147;6360;38121;Cognola
147;6360;38121;Cognola
149;6360;38121;Cognola
149;6360;38121;Cognola
151;6360;38121;Cognola
151;6360;38121;Cognola
151;6360;38121;Cognola
153;6360;38121;Cognola
153;6360;38121;Cognola
153;6360;38121;Cognola
153/A;6360;38121;Cognola
153/A;6360;38121;Cognola
153/A;6360;38121;Cognola
155;6360;38121;Cognola
157;6360;38121;Cognola
159;6360;38121;Cognola
161;6360;38121;Cognola
163;6360;38121;Cognola
165;6360;38121;Cognola
167;6360;38121;Cognola
169;6360;38121;Cognola
169;6360;38121;Cognola
171;6360;38121;Cognola
173;6360;38121;Cognola
175;6360;38121;Cognola
177;6360;38121;Cognola
179;6360;38121;Cognola
181;6360;38121;Cognola
183;6360;38121;Cognola
185;6360;38121;Cognola
187;6360;38121;Cognola
189;6360;38121;Cognola
191;6360;38121;Cognola
195;6360;38121;Cognola
195;6360;38121;Cognola
197;6360;38121;Cognola
197;6360;38121;Cognola
1;6370;38121;Cognola
2;6370;38121;Cognola
3;6370;38121;Cognola
3;6370;38121;Cognola
3;6370;38121;Cognola
3;6370;38121;Cognola
4;6370;38121;Cognola
4;6370;38121;Cognola
5;6370;38121;Cognola
6;6370;38121;Cognola
7;6370;38121;Cognola
7;6370;38121;Cognola
8;6370;38121;Cognola
8;6370;38121;Cognola
9;6370;38121;Cognola
9;6370;38121;Cognola
09-gen;6370;38121;Cognola
09-gen;6370;38121;Cognola
10;6370;38121;Cognola
11;6370;38121;Cognola
12;6370;38121;Cognola
13;6370;38121;Cognola
14;6370;38121;Cognola
15;6370;38121;Cognola
16;6370;38121;Cognola
17;6370;38121;Cognola
17-gen;6370;38121;Cognola
17-feb;6370;38121;Cognola
18;6370;38121;Cognola
18;6370;38121;Cognola
18/A;6370;38121;Cognola
18/A;6370;38121;Cognola
19;6370;38121;Cognola
19/A;6370;38121;Cognola
19/A;6370;38121;Cognola
19/A;6370;38121;Cognola
19/A;6370;38121;Cognola
19/A;6370;38121;Cognola
19/A;6370;38121;Cognola
19/A;6370;38121;Cognola
19/B;6370;38121;Cognola
19/B;6370;38121;Cognola
19/B;6370;38121;Cognola
20;6370;38121;Cognola
20;6370;38121;Cognola
21;6370;38121;Cognola
21;6370;38121;Cognola
21;6370;38121;Cognola
22;6370;38121;Cognola
23;6370;38121;Cognola
23;6370;38121;Cognola
24;6370;38121;Cognola
26;6370;38121;Cognola
28;6370;38121;Cognola
30;6370;38121;Cognola
34;6370;38121;Cognola
36;6370;38121;Cognola
36;6370;38121;Cognola
36;6370;38121;Cognola
36/A;6370;38121;Cognola
38;6370;38121;Cognola
38;6370;38121;Cognola
40;6370;38121;Cognola
40;6370;38121;Cognola
40;6370;38121;Cognola
42;6370;38121;Cognola
44;6370;38121;Cognola
44;6370;38121;Cognola
44/1;6370;38121;Cognola
44/1;6370;38121;Cognola
44/2;6370;38121;Cognola
44/2;6370;38121;Cognola
46;6370;38121;Cognola
46/A;6370;38121;Cognola
48;6370;38121;Cognola
52;6370;38121;Cognola
54;6370;38121;Cognola
56;6370;38121;Cognola
60;6370;38121;Cognola
2;6390;38122;Cognola
2;6390;38122;Cognola
2;6390;38122;Cognola
6;6390;38122;Cognola
6;6390;38122;Cognola
10;6390;38122;Cognola
12;6390;38122;Cognola
14;6390;38122;Cognola
20;6390;38122;Cognola
20;6390;38122;Cognola
22;6390;38122;Cognola
24;6390;38122;Cognola
1;6400;38121;Cognola
2;6400;38121;Cognola
2;6400;38121;Cognola
2;6400;38121;Cognola
3;6400;38121;Cognola
4;6400;38121;Cognola
4;6400;38121;Cognola
5;6400;38121;Cognola
6;6400;38121;Cognola
7;6400;38121;Cognola
8;6400;38121;Cognola
9;6400;38121;Cognola
10;6400;38121;Cognola
11;6400;38121;Cognola
12;6400;38121;Cognola
13;6400;38121;Cognola
14;6400;38121;Cognola
14/A;6400;38121;Cognola
14/A;6400;38121;Cognola
15;6400;38121;Cognola
16;6400;38121;Cognola
17;6400;38121;Cognola
18;6400;38121;Cognola
19;6400;38121;Cognola
20;6400;38121;Cognola
21;6400;38121;Cognola
22;6400;38121;Cognola
23;6400;38121;Cognola
24;6400;38121;Cognola
25;6400;38121;Cognola
25;6400;38121;Cognola
25;6400;38121;Cognola
25;6400;38121;Cognola
25;6400;38121;Cognola
25;6400;38121;Cognola
26;6400;38121;Cognola
27;6400;38121;Cognola
28;6400;38121;Cognola
29;6400;38121;Cognola
30;6400;38121;Cognola
31;6400;38121;Cognola
32;6400;38121;Cognola
33;6400;38121;Cognola
34;6400;38121;Cognola
35;6400;38121;Cognola
36;6400;38121;Cognola
37;6400;38121;Cognola
37;6400;38121;Cognola
37/1;6400;38121;Cognola
38;6400;38121;Cognola
39;6400;38121;Cognola
40;6400;38121;Cognola
41;6400;38121;Cognola
42;6400;38121;Cognola
43;6400;38121;Cognola
43;6400;38121;Cognola
44;6400;38121;Cognola
46;6400;38121;Cognola
46;6400;38121;Cognola
48;6400;38121;Cognola
48;6400;38121;Cognola
49;6400;38121;Cognola
50;6400;38121;Cognola
51;6400;38121;Cognola
52;6400;38121;Cognola
53;6400;38121;Cognola
54;6400;38121;Cognola
55;6400;38121;Cognola
56;6400;38121;Cognola
57;6400;38121;Cognola
58;6400;38121;Cognola
59;6400;38121;Cognola
60;6400;38121;Cognola
61;6400;38121;Cognola
61/1;6400;38121;Cognola
62;6400;38121;Cognola
63;6400;38121;Cognola
63;6400;38121;Cognola
63/2;6400;38121;Cognola
63/3;6400;38121;Cognola
63/4;6400;38121;Cognola
64;6400;38121;Cognola
65;6400;38121;Cognola
66;6400;38121;Cognola
67;6400;38121;Cognola
67;6400;38121;Cognola
68;6400;38121;Cognola
69;6400;38121;Cognola
70;6400;38121;Cognola
71;6400;38121;Cognola
71;6400;38121;Cognola
71;6400;38121;Cognola
72;6400;38121;Cognola
72;6400;38121;Cognola
72;6400;38121;Cognola
72;6400;38121;Cognola
72/A;6400;38121;Cognola
73;6400;38121;Cognola
74;6400;38121;Cognola
74/A;6400;38121;Cognola
74/A;6400;38121;Cognola
75;6400;38121;Cognola
76;6400;38121;Cognola
76;6400;38121;Cognola
78;6400;38121;Cognola
80;6400;38121;Cognola
82;6400;38121;Cognola
84;6400;38121;Cognola
86;6400;38121;Cognola
88;6400;38121;Cognola
90;6400;38121;Cognola
92;6400;38121;Cognola
93;6400;38121;Cognola
93;6400;38121;Cognola
94;6400;38121;Cognola
96;6400;38121;Cognola
98;6400;38121;Cognola
98;6400;38121;Cognola
98;6400;38121;Cognola
100;6400;38121;Cognola
100;6400;38121;Cognola
102;6400;38121;Cognola
102;6400;38121;Cognola
104;6400;38121;Cognola
104;6400;38121;Cognola
104;6400;38121;Cognola
104/A;6400;38121;Cognola
104/A;6400;38121;Cognola
104/A;6400;38121;Cognola
106;6400;38121;Cognola
106;6400;38121;Cognola
112;6400;38121;Cognola
114;6400;38121;Cognola
116;6400;38121;Cognola
118;6400;38121;Cognola
120;6400;38121;Cognola
122;6400;38121;Cognola
122/1;6400;38121;Cognola
124;6400;38121;Cognola
126;6400;38121;Cognola
128;6400;38121;Cognola
130;6400;38121;Cognola
130/A;6400;38121;Cognola
130/A;6400;38121;Cognola
130/B;6400;38121;Cognola
130/B;6400;38121;Cognola
3;8820;38123;Ravina
3;8820;38123;Ravina
3;8820;38123;Ravina
3;8820;38123;Ravina
132;6400;38121;Cognola
132;6400;38121;Cognola
134;6400;38121;Cognola
134;6400;38121;Cognola
134/A;6400;38121;Cognola
134/A;6400;38121;Cognola
134/B;6400;38121;Cognola
134/B;6400;38121;Cognola
136;6400;38121;Cognola
136;6400;38121;Cognola
136;6400;38121;Cognola
136;6400;38121;Cognola
136;6400;38121;Cognola
138;6400;38121;Cognola
138;6400;38121;Cognola
138;6400;38121;Cognola
144;6400;38121;Cognola
144;6400;38121;Cognola
146;6400;38121;Cognola
148;6400;38121;Cognola
150;6400;38121;Cognola
150;6400;38121;Cognola
150;6400;38121;Cognola
150;6400;38121;Cognola
152;6400;38121;Cognola
152;6400;38121;Cognola
158;6400;38121;Cognola
158;6400;38121;Cognola
160;6400;38121;Cognola
170;6400;38121;Cognola
170;6400;38121;Cognola
170;6400;38121;Cognola
172;6400;38121;Cognola
174;6400;38121;Cognola
174;6400;38121;Cognola
176;6400;38121;Cognola
176;6400;38121;Cognola
2;6401;38121;Cognola
2;6401;38121;Cognola
2;6401;38121;Cognola
3;6402;38121;Cognola
3;6402;38121;Cognola
3/A;6402;38121;Cognola
4;6402;38121;Villamontagna
5;6402;38121;Cognola
6;6402;38121;Villamontagna
7;6402;38121;Cognola
8;6402;38121;Villamontagna
9;6402;38121;Cognola
11;6402;38121;Cognola
15;6402;38121;Cognola
15;6402;38121;Cognola
15;6402;38121;Cognola
19;6402;38121;Cognola
19;6402;38121;Cognola
21;6402;38121;Cognola
21;6402;38121;Cognola
21;6402;38121;Cognola
23;6402;38121;Cognola
23;6402;38121;Cognola
1;6403;38121;Cognola
1;6403;38121;Cognola
2;6403;38121;Cognola
3;6403;38121;Cognola
4;6403;38121;Cognola
4;6403;38121;Cognola
5;6403;38121;Cognola
7;6403;38121;Cognola
9;6403;38121;Cognola
13;6403;38121;Cognola
15;6403;38121;Cognola
15/A;6403;38121;Cognola
17;6403;38121;Cognola
19;6403;38121;Cognola
21;6403;38121;Cognola
21;6403;38121;Cognola
1;6404;38121;Cognola
2;6404;38121;Cognola
2;6404;38121;Cognola
3;6404;38121;Cognola
6;6404;38121;Cognola
8;6404;38121;Cognola
8;6404;38121;Cognola
9;6404;38121;Cognola
11;6404;38121;Cognola
15;6404;38121;Cognola
15;6404;38121;Cognola
4;6405;38121;Cognola
4;6405;38121;Cognola
2;6406;38121;Cognola
2;6406;38121;Cognola
2;6406;38121;Cognola
2;6406;38121;Cognola
2;6406;38121;Cognola
2;6406;38121;Cognola
2;6406;38121;Cognola
2;6406;38121;Cognola
2;6406;38121;Cognola
2;6406;38121;Cognola
2;6406;38121;Cognola
2;6406;38121;Cognola
2;6406;38121;Cognola
2;6406;38121;Cognola
2;6406;38121;Cognola
2;6406;38121;Cognola
2;6406;38121;Cognola
2;6406;38121;Cognola
2;6406;38121;Cognola
2;6406;38121;Cognola
2;6406;38121;Cognola
2;6406;38121;Cognola
2;6406;38121;Cognola
2;6406;38121;Cognola
2;6406;38121;Cognola
3;6406;38121;Villamontagna
3;6406;38121;Villamontagna
6;6406;38121;Cognola
6;6406;38121;Cognola
6;6406;38121;Cognola
3;6407;38121;Cognola
5;6407;38121;Cognola
5;6407;38121;Cognola
6;6407;38121;Cognola
7;6407;38121;Cognola
7;6407;38121;Cognola
8;6407;38121;Cognola
10;6407;38121;Cognola
11;6407;38121;Cognola
11;6407;38121;Cognola
12;6407;38121;Cognola
14;6407;38121;Cognola
14;6407;38121;Cognola
20;6407;38121;Cognola
22;6407;38121;Cognola
22;6407;38121;Cognola
24;6407;38121;Cognola
24;6407;38121;Cognola
28;6407;38121;Cognola
30;6407;38121;Cognola
32;6407;38121;Cognola
34;6407;38121;Cognola
36;6407;38121;Cognola
38;6407;38121;Cognola
38;6407;38121;Cognola
38;6407;38121;Cognola
38;6407;38121;Cognola
40;6407;38121;Cognola
40;6407;38121;Cognola
1;6408;38121;Cognola
1;6408;38121;Cognola
1;6408;38121;Cognola
3;6408;38121;Cognola
3;6408;38121;Cognola
4;6408;38121;Cognola
4;6408;38121;Cognola
5;6408;38121;Cognola
5;6408;38121;Cognola
6;6408;38121;Cognola
6;6408;38121;Cognola
7;6408;38121;Cognola
2;6409;38121;Cognola
2;6409;38121;Cognola
3;6409;38121;Cognola
5;6409;38121;Cognola
7;6409;38121;Cognola
13;6409;38121;Cognola
13;6409;38121;Cognola
13;6409;38121;Cognola
13;6409;38121;Cognola
15;6409;38121;Cognola
17;6409;38121;Cognola
19;6409;38121;Cognola
19;6409;38121;Cognola
2;6411;38121;Cognola
2;6411;38121;Cognola
2;6411;38121;Cognola
3;6411;38121;Cognola
4;6411;38121;Cognola
4;6411;38121;Cognola
4/A;6411;38121;Cognola
5;6411;38121;Cognola
6;6411;38121;Cognola
6;6411;38121;Cognola
6;6411;38121;Cognola
8;6411;38121;Cognola
8;6411;38121;Cognola
8;6411;38121;Cognola
8;6411;38121;Cognola
8;6411;38121;Cognola
8;6411;38121;Cognola
8;6411;38121;Cognola
12;6411;38121;Cognola
12;6411;38121;Cognola
14;6411;38121;Cognola
14;6411;38121;Cognola
14;6411;38121;Cognola
1;6412;38121;Cognola
3;6412;38121;Cognola
5;6412;38121;Cognola
3;6413;38121;Villamontagna
3;6413;38121;Villamontagna
3;6413;38121;Villamontagna
4;6413;38121;Villamontagna
5;6413;38121;Villamontagna
6;6413;38121;Villamontagna
7;6413;38121;Cognola
7;6413;38121;Cognola
8;6413;38121;Villamontagna
9;6413;38121;Cognola
9;6413;38121;Cognola
14;6413;38121;Villamontagna
15;6413;38121;Cognola
15;6413;38121;Cognola
16;6413;38121;Villamontagna
16;6413;38121;Villamontagna
19;6413;38121;Cognola
19;6413;38121;Cognola
21;6413;38121;Cognola
21;6413;38121;Cognola
1;6414;38121;Villamontagna
2;6414;38121;Villamontagna
2;6414;38121;Villamontagna
2;6414;38121;Villamontagna
3;6414;38121;Villamontagna
4;6414;38121;Villamontagna
4;6414;38121;Villamontagna
5;6414;38121;Villamontagna
6;6414;38121;Villamontagna
8;6414;38121;Villamontagna
8;6414;38121;Villamontagna
11;6414;38121;Villamontagna
12;6414;38121;Villamontagna
12;6414;38121;Villamontagna
13;6414;38121;Villamontagna
13;6414;38121;Villamontagna
14;6414;38121;Villamontagna
14;6414;38121;Villamontagna
16;6414;38121;Villamontagna
16;6414;38121;Villamontagna
18;6414;38121;Villamontagna
18;6414;38121;Villamontagna
19;6414;38121;Villamontagna
20;6414;38121;Villamontagna
20;6414;38121;Villamontagna
21;6414;38121;Villamontagna
22;6414;38121;Villamontagna
23;6414;38121;Villamontagna
24;6414;38121;Villamontagna
26;6414;38121;Villamontagna
27;6414;38121;Villamontagna
28;6414;38121;Villamontagna
29;6414;38121;Villamontagna
30;6414;38121;Villamontagna
31;6414;38121;Villamontagna
32;6414;38121;Villamontagna
32;6414;38121;Villamontagna
32;6414;38121;Villamontagna
32;6414;38121;Villamontagna
34;6414;38121;Villamontagna
34;6414;38121;Villamontagna
36;6414;38121;Villamontagna
36;6414;38121;Villamontagna
37;6414;38121;Villamontagna
38;6414;38121;Villamontagna
38;6414;38121;Villamontagna
39;6414;38121;Villamontagna
40;6414;38121;Villamontagna
40;6414;38121;Villamontagna
41;6414;38121;Villamontagna
41;6414;38121;Villamontagna
42;6414;38121;Villamontagna
42;6414;38121;Villamontagna
43;6414;38121;Villamontagna
43;6414;38121;Villamontagna
43;6414;38121;Villamontagna
44;6414;38121;Villamontagna
44;6414;38121;Villamontagna
45;6414;38121;Villamontagna
45;6414;38121;Villamontagna
45;6414;38121;Villamontagna
46;6414;38121;Villamontagna
46;6414;38121;Villamontagna
47;6414;38121;Villamontagna
48;6414;38121;Villamontagna
48;6414;38121;Villamontagna
48;6414;38121;Villamontagna
49;6414;38121;Villamontagna
51;6414;38121;Villamontagna
51/A;6414;38121;Villamontagna
53;6414;38121;Villamontagna
55;6414;38121;Villamontagna
55;6414;38121;Villamontagna
55;6414;38121;Villamontagna
57;6414;38121;Villamontagna
57;6414;38121;Villamontagna
57;6414;38121;Villamontagna
59;6414;38121;Villamontagna
59;6414;38121;Villamontagna
59;6414;38121;Villamontagna
61;6414;38121;Villamontagna
63;6414;38121;Villamontagna
65;6414;38121;Villamontagna
65;6414;38121;Villamontagna
67;6414;38121;Villamontagna
69;6414;38121;Villamontagna
71;6414;38121;Villamontagna
71;6414;38121;Villamontagna
73;6414;38121;Villamontagna
73;6414;38121;Villamontagna
77;6414;38121;Villamontagna
77;6414;38121;Villamontagna
81;6414;38121;Villamontagna
81;6414;38121;Villamontagna
83;6414;38121;Villamontagna
83;6414;38121;Villamontagna
87;6414;38121;Villamontagna
87;6414;38121;Villamontagna
91;6414;38121;Villamontagna
91;6414;38121;Villamontagna
91;6414;38121;Villamontagna
97;6414;38121;Villamontagna
99;6414;38121;Villamontagna
99;6414;38121;Villamontagna
4;6415;38121;Villamontagna
5;6415;38121;Villamontagna
5;6415;38121;Villamontagna
6;6415;38121;Villamontagna
6;6415;38121;Villamontagna
7;6415;38121;Villamontagna
7;6415;38121;Villamontagna
8;6415;38121;Villamontagna
8;6415;38121;Villamontagna
10;6415;38121;Villamontagna
12;6415;38121;Villamontagna
13;6415;38121;Cognola
15;6415;38121;Cognola
15;6415;38121;Cognola
16;6415;38121;Villamontagna
16;6415;38121;Villamontagna
18;6415;38121;Villamontagna
20;6415;38121;Villamontagna
22;6415;38121;Villamontagna
24;6415;38121;Villamontagna
26;6415;38121;Villamontagna
28;6415;38121;Villamontagna
32;6415;38121;Villamontagna
32;6415;38121;Villamontagna
34;6415;38121;Villamontagna
34;6415;38121;Villamontagna
34;6415;38121;Villamontagna
36;6415;38121;Villamontagna
36;6415;38121;Villamontagna
38;6415;38121;Villamontagna
38;6415;38121;Villamontagna
40;6415;38121;Villamontagna
40;6415;38121;Villamontagna
42;6415;38121;Villamontagna
42;6415;38121;Villamontagna
44;6415;38121;Villamontagna
46;6415;38121;Villamontagna
52;6415;38121;Cognola
52;6415;38121;Cognola
52;6415;38121;Cognola
1;6416;38121;Villamontagna
1;6416;38121;Villamontagna
3;6416;38121;Villamontagna
3;6416;38121;Villamontagna
5;6416;38121;Villamontagna
5;6416;38121;Villamontagna
9;6416;38121;Villamontagna
3;6417;38121;Villamontagna
4;6417;38121;Villamontagna
7;6417;38121;Villamontagna
9;6417;38121;Villamontagna
11;6417;38121;Villamontagna
15;6417;38121;Villamontagna
15;6417;38121;Villamontagna
1;6418;38121;Villamontagna
2;6418;38121;Villamontagna
2;6418;38121;Villamontagna
3;6418;38121;Villamontagna
4;6418;38121;Villamontagna
4;6418;38121;Villamontagna
5;6418;38121;Villamontagna
5;6418;38121;Villamontagna
7;6418;38121;Villamontagna
9;6418;38121;Villamontagna
9;6418;38121;Villamontagna
9;6418;38121;Villamontagna
11;6418;38121;Villamontagna
11;6418;38121;Villamontagna
12;6418;38121;Villamontagna
12;6418;38121;Villamontagna
13;6418;38121;Villamontagna
13;6418;38121;Villamontagna
14;6418;38121;Villamontagna
14;6418;38121;Villamontagna
15;6418;38121;Villamontagna
15;6418;38121;Villamontagna
15/A;6418;38121;Villamontagna
15/A;6418;38121;Villamontagna
16;6418;38121;Villamontagna
16;6418;38121;Villamontagna
17;6418;38121;Villamontagna
18;6418;38121;Villamontagna
18;6418;38121;Villamontagna
20;6418;38121;Villamontagna
22;6418;38121;Villamontagna
23;6418;38121;Villamontagna
24;6418;38121;Villamontagna
25;6418;38121;Villamontagna
27;6418;38121;Villamontagna
29;6418;38121;Villamontagna
31;6418;38121;Villamontagna
31;6418;38121;Villamontagna
31;6418;38121;Villamontagna
31;6418;38121;Villamontagna
31;6418;38121;Villamontagna
31;6418;38121;Villamontagna
31;6418;38121;Villamontagna
35;6418;38121;Villamontagna
3;6419;38121;Villamontagna
3;6419;38121;Villamontagna
5;6419;38121;Villamontagna
5;6419;38121;Villamontagna
9;6419;38121;Villamontagna
9;6419;38121;Villamontagna
10;6419;38121;Villamontagna
10;6419;38121;Villamontagna
12;6419;38121;Villamontagna
12;6419;38121;Villamontagna
13;6419;38121;Villamontagna
13;6419;38121;Villamontagna
17;6419;38121;Villamontagna
17;6419;38121;Villamontagna
18;6419;38121;Villamontagna
18;6419;38121;Villamontagna
21;6419;38121;Villamontagna
21;6419;38121;Villamontagna
22;6419;38121;Villamontagna
1;6422;38121;Villamontagna
3;6422;38121;Villamontagna
3;6422;38121;Villamontagna
4;6422;38121;Villamontagna
4;6422;38121;Villamontagna
4;6422;38121;Villamontagna
5;6422;38121;Villamontagna
6;6422;38121;Villamontagna
6;6422;38121;Villamontagna
6;6422;38121;Villamontagna
6;6422;38121;Villamontagna
7;6422;38121;Villamontagna
8;6422;38121;Villamontagna
8;6422;38121;Villamontagna
9;6422;38121;Villamontagna
10;6422;38121;Villamontagna
10;6422;38121;Villamontagna
12;6422;38121;Villamontagna
12;6422;38121;Villamontagna
14;6422;38121;Villamontagna
14;6422;38121;Villamontagna
16;6422;38121;Villamontagna
18;6422;38121;Villamontagna
20;6422;38121;Villamontagna
22;6422;38121;Villamontagna
22/A;6422;38121;Villamontagna
24;6422;38121;Villamontagna
24;6422;38121;Villamontagna
28;6422;38121;Villamontagna
28;6422;38121;Villamontagna
32;6422;38121;Villamontagna
32;6422;38121;Villamontagna
34;6422;38121;Villamontagna
34;6422;38121;Villamontagna
34;6422;38121;Villamontagna
36;6422;38121;Villamontagna
36;6422;38121;Villamontagna
38;6422;38121;Villamontagna
38;6422;38121;Villamontagna
40;6422;38121;Villamontagna
40;6422;38121;Villamontagna
42;6422;38121;Villamontagna
42;6422;38121;Villamontagna
44;6422;38121;Villamontagna
46;6422;38121;Villamontagna
46;6422;38121;Villamontagna
48;6422;38121;Villamontagna
50;6422;38121;Villamontagna
50;6422;38121;Villamontagna
52;6422;38121;Villamontagna
54;6422;38121;Villamontagna
1;6423;38121;Villamontagna
3;6423;38121;Villamontagna
4;6423;38121;Villamontagna
5;6423;38121;Villamontagna
5;6423;38121;Villamontagna
5;6423;38121;Villamontagna
6;6423;38121;Villamontagna
7;6423;38121;Villamontagna
8;6423;38121;Villamontagna
8;6423;38121;Villamontagna
2;6424;38121;Villamontagna
2/A;6424;38121;Villamontagna
4;6424;38121;Villamontagna
4;6424;38121;Villamontagna
6;6424;38121;Villamontagna
6;6424;38121;Villamontagna
6/A;6424;38121;Villamontagna
8;6424;38121;Villamontagna
1;6425;38121;Villamontagna
1;6425;38121;Villamontagna
2;6425;38121;Villamontagna
3;6425;38121;Villamontagna
4;6425;38121;Villamontagna
4;6425;38121;Villamontagna
4;6425;38121;Villamontagna
5;6425;38121;Villamontagna
6;6425;38121;Villamontagna
6;6425;38121;Villamontagna
7;6425;38121;Villamontagna
8;6425;38121;Villamontagna
9;6425;38121;Villamontagna
10;6425;38121;Villamontagna
11;6425;38121;Villamontagna
12;6425;38121;Villamontagna
13;6425;38121;Villamontagna
14;6425;38121;Villamontagna
16;6425;38121;Villamontagna
19;6425;38121;Villamontagna
23;6425;38121;Villamontagna
25;6425;38121;Villamontagna
27;6425;38121;Villamontagna
27;6425;38121;Villamontagna
29;6425;38121;Villamontagna
31;6425;38121;Villamontagna
1;6426;38121;Villamontagna
2;6426;38121;Villamontagna
3;6426;38121;Villamontagna
3/A;6426;38121;Villamontagna
4;6426;38121;Villamontagna
4;6426;38121;Villamontagna
5;6426;38121;Villamontagna
7;6426;38121;Villamontagna
8;6426;38121;Villamontagna
9;6426;38121;Villamontagna
10;6426;38121;Villamontagna
12;6426;38121;Villamontagna
16;6426;38121;Villamontagna
20;6426;38121;Villamontagna
22;6426;38121;Villamontagna
24;6426;38121;Villamontagna
24;6426;38121;Villamontagna
26;6426;38121;Villamontagna
26;6426;38121;Villamontagna
30;6426;38121;Villamontagna
32;6426;38121;Villamontagna
34;6426;38121;Villamontagna
36;6426;38121;Villamontagna
1;6427;38121;Villamontagna
4;6427;38121;Villamontagna
5;6427;38121;Villamontagna
6;6427;38121;Villamontagna
6/A;6427;38121;Villamontagna
7;6427;38121;Villamontagna
7;6427;38121;Villamontagna
8;6427;38121;Villamontagna
9;6427;38121;Villamontagna
11;6427;38121;Villamontagna
12;6427;38121;Villamontagna
13;6427;38121;Villamontagna
14;6427;38121;Villamontagna
14;6427;38121;Villamontagna
15;6427;38121;Villamontagna
16;6427;38121;Villamontagna
16;6427;38121;Villamontagna
16;6427;38121;Villamontagna
17;6427;38121;Villamontagna
1;6428;38121;Cognola
4;6428;38121;Cognola
5;6428;38121;Cognola
5;6428;38121;Cognola
6;6428;38121;Cognola
7;6428;38121;Cognola
7;6428;38121;Cognola
8;6428;38121;Cognola
9;6428;38121;Cognola
12;6428;38121;Cognola
13;6428;38121;Cognola
13;6428;38121;Cognola
13;6428;38121;Cognola
14;6428;38121;Cognola
15;6428;38121;Cognola
15;6428;38121;Cognola
15;6428;38121;Cognola
16;6428;38121;Cognola
16;6428;38121;Cognola
17;6428;38121;Cognola
18;6428;38121;Cognola
19;6428;38121;Cognola
19;6428;38121;Cognola
19;6428;38121;Cognola
20;6428;38121;Cognola
21;6428;38121;Cognola
21;6428;38121;Cognola
22;6428;38121;Cognola
22;6428;38121;Cognola
23;6428;38121;Cognola
23;6428;38121;Cognola
24;6428;38121;Cognola
24/A;6428;38121;Cognola
26;6428;38121;Cognola
27;6428;38121;Villamontagna
27;6428;38121;Villamontagna
28;6428;38121;Cognola
28;6428;38121;Cognola
29;6428;38121;Villamontagna
31;6428;38121;Cognola
32;6428;38121;Cognola
33;6428;38121;Cognola
33;6428;38121;Cognola
34;6428;38121;Cognola
35;6428;38121;Cognola
36;6428;38121;Cognola
36;6428;38121;Cognola
39;6428;38121;Cognola
40;6428;38121;Cognola
40;6428;38121;Cognola
40;6428;38121;Cognola
40;6428;38121;Cognola
40;6428;38121;Cognola
40;6428;38121;Cognola
40;6428;38121;Cognola
41;6428;38121;Villamontagna
44;6428;38121;Villamontagna
44;6428;38121;Villamontagna
46;6428;38121;Villamontagna
46;6428;38121;Villamontagna
47;6428;38121;Villamontagna
48;6428;38121;Villamontagna
49;6428;38121;Villamontagna
49;6428;38121;Villamontagna
49;6428;38121;Villamontagna
51;6428;38121;Villamontagna
51;6428;38121;Villamontagna
52;6428;38121;Villamontagna
52;6428;38121;Villamontagna
52;6428;38121;Villamontagna
53;6428;38121;Villamontagna
54;6428;38121;Villamontagna
54;6428;38121;Villamontagna
55;6428;38121;Villamontagna
57;6428;38121;Villamontagna
58;6428;38121;Villamontagna
58/A;6428;38121;Villamontagna
58/A;6428;38121;Villamontagna
58/B;6428;38121;Villamontagna
58/B;6428;38121;Villamontagna
59;6428;38121;Villamontagna
61;6428;38121;Villamontagna
63;6428;38121;Villamontagna
63;6428;38121;Villamontagna
63;6428;38121;Villamontagna
64;6428;38121;Villamontagna
64;6428;38121;Villamontagna
65;6428;38121;Villamontagna
65;6428;38121;Villamontagna
67;6428;38121;Villamontagna
67;6428;38121;Villamontagna
69;6428;38121;Villamontagna
71;6428;38121;Villamontagna
71;6428;38121;Villamontagna
73;6428;38121;Villamontagna
73;6428;38121;Villamontagna
75;6428;38121;Villamontagna
75;6428;38121;Villamontagna
77;6428;38121;Villamontagna
77;6428;38121;Villamontagna
79;6428;38121;Villamontagna
79;6428;38121;Villamontagna
81;6428;38121;Villamontagna
81;6428;38121;Villamontagna
83;6428;38121;Villamontagna
83;6428;38121;Villamontagna
85;6428;38121;Villamontagna
85;6428;38121;Villamontagna
87;6428;38121;Villamontagna
87;6428;38121;Villamontagna
89;6428;38121;Villamontagna
91;6428;38121;Villamontagna
91;6428;38121;Villamontagna
91;6428;38121;Villamontagna
93;6428;38121;Villamontagna
93;6428;38121;Villamontagna
95;6428;38121;Villamontagna
95;6428;38121;Villamontagna
97;6428;38121;Villamontagna
99;6428;38121;Villamontagna
101;6428;38121;Villamontagna
101;6428;38121;Villamontagna
101;6428;38121;Villamontagna
101;6428;38121;Villamontagna
101;6428;38121;Villamontagna
105;6428;38121;Villamontagna
105;6428;38121;Villamontagna
107;6428;38121;Villamontagna
111;6428;38121;Villamontagna
111;6428;38121;Villamontagna
2;6429;38121;Cognola
3;6429;38121;Cognola
4;6429;38121;Cognola
4/A;6429;38121;Cognola
5;6429;38121;Cognola
5;6429;38121;Cognola
6;6429;38121;Cognola
6;6429;38121;Cognola
7;6429;38121;Cognola
8;6429;38121;Cognola
8;6429;38121;Cognola
9;6429;38121;Cognola
11;6429;38121;Cognola
13;6429;38121;Cognola
15;6429;38121;Cognola
17;6429;38121;Cognola
19;6429;38121;Cognola
19;6429;38121;Cognola
21;6429;38121;Cognola
21;6429;38121;Cognola
21;6429;38121;Cognola
23;6429;38121;Cognola
23;6429;38121;Cognola
23;6429;38121;Cognola
23;6429;38121;Cognola
23;6429;38121;Cognola
25;6429;38121;Cognola
25;6429;38121;Cognola
3;6440;38121;Cognola
3;6440;38121;Cognola
3;6440;38121;Cognola
4;6440;38121;Cognola
6;6440;38121;Cognola
8;6440;38121;Cognola
10;6440;38121;Cognola
12;6440;38121;Cognola
14;6440;38121;Cognola
18;6440;38121;Cognola
18;6440;38121;Cognola
1;6450;38121;Montevaccino
1;6450;38121;Montevaccino
1;6450;38121;Montevaccino
2;6450;38121;Montevaccino
2;6450;38121;Montevaccino
3;6450;38121;Montevaccino
3;6450;38121;Montevaccino
4;6450;38121;Montevaccino
4;6450;38121;Montevaccino
5;6450;38121;Montevaccino
5;6450;38121;Montevaccino
6;6450;38121;Montevaccino
6;6450;38121;Montevaccino
7;6450;38121;Montevaccino
7;6450;38121;Montevaccino
7;6450;38121;Montevaccino
8;6450;38121;Montevaccino
8;6450;38121;Montevaccino
11;6450;38121;Montevaccino
11;6450;38121;Montevaccino
12;6450;38121;Montevaccino
12;6450;38121;Montevaccino
14;6450;38121;Montevaccino
15;6450;38121;Montevaccino
15;6450;38121;Montevaccino
15;6450;38121;Montevaccino
16;6450;38121;Montevaccino
18;6450;38121;Montevaccino
20;6450;38121;Montevaccino
22;6450;38121;Montevaccino
24;6450;38121;Montevaccino
26;6450;38121;Montevaccino
28;6450;38121;Montevaccino
28;6450;38121;Montevaccino
30;6450;38121;Montevaccino
30;6450;38121;Montevaccino
30;6450;38121;Montevaccino
30;6450;38121;Montevaccino
30;6450;38121;Montevaccino
30;6450;38121;Montevaccino
30;6450;38121;Montevaccino
34;6450;38121;Montevaccino
34;6450;38121;Montevaccino
40;6450;38121;Montevaccino
46;6450;38121;Montevaccino
46;6450;38121;Montevaccino
48;6450;38121;Montevaccino
48;6450;38121;Montevaccino
48;6450;38121;Montevaccino
50;6450;38121;Meano
50;6450;38121;Meano
52;6450;38121;Meano
52;6450;38121;Meano
54;6450;38121;Meano
54;6450;38121;Meano
60;6450;38121;Cognola
2;6451;38121;Meano
4;6451;38121;Meano
1;6452;38121;Meano
1;6452;38121;Meano
2;6452;38121;Meano
4;6452;38121;Meano
5;6452;38121;Meano
6;6452;38121;Meano
7;6452;38121;Meano
8;6452;38121;Meano
10;6452;38121;Meano
11;6452;38121;Meano
11;6452;38121;Meano
11;6452;38121;Meano
1;6453;38121;Montevaccino
1;6453;38121;Montevaccino
2;6453;38121;Montevaccino
2;6453;38121;Montevaccino
2;6453;38121;Montevaccino
3;6453;38121;Meano
3;6453;38121;Meano
5;6453;38121;Meano
6;6453;38121;Montevaccino
6;6453;38121;Montevaccino
8;6453;38121;Montevaccino
8;6453;38121;Montevaccino
10;6453;38121;Montevaccino
10;6453;38121;Montevaccino
11;6453;38121;Meano
11;6453;38121;Meano
11;6453;38121;Meano
11;6453;38121;Meano
11;6453;38121;Meano
12;6453;38121;Montevaccino
12;6453;38121;Montevaccino
14;6453;38121;Montevaccino
14;6453;38121;Montevaccino
14;6453;38121;Montevaccino
15;6453;38121;Montevaccino
15;6453;38121;Montevaccino
18;6453;38121;Montevaccino
20;6453;38121;Montevaccino
20;6453;38121;Montevaccino
24;6453;38121;Montevaccino
26;6453;38121;Montevaccino
32;6453;38121;Montevaccino
32;6453;38121;Montevaccino
2;6454;38121;Montevaccino
2;6454;38121;Montevaccino
2;6454;38121;Montevaccino
6;6454;38121;Montevaccino
6;6454;38121;Montevaccino
8;6454;38121;Montevaccino
8;6454;38121;Montevaccino
10;6454;38121;Montevaccino
12;6454;38121;Montevaccino
4;6455;38121;Montevaccino
4;6455;38121;Montevaccino
5;6455;38121;Montevaccino
5;6455;38121;Montevaccino
9;6455;38121;Montevaccino
9;6455;38121;Montevaccino
2;6456;38121;Montevaccino
2;6456;38121;Montevaccino
3;6456;38121;Montevaccino
5;6456;38121;Montevaccino
8;6456;38121;Montevaccino
8;6456;38121;Montevaccino
9;6456;38121;Montevaccino
10;6456;38121;Montevaccino
11;6456;38121;Montevaccino
12;6456;38121;Montevaccino
14;6456;38121;Montevaccino
15;6456;38121;Montevaccino
15;6456;38121;Montevaccino
17;6456;38121;Montevaccino
19;6456;38121;Montevaccino
20;6456;38121;Montevaccino
20;6456;38121;Montevaccino
23;6456;38121;Montevaccino
24;6456;38121;Montevaccino
25;6456;38121;Montevaccino
25;6456;38121;Montevaccino
27;6456;38121;Montevaccino
29;6456;38121;Montevaccino
31;6456;38121;Montevaccino
33;6456;38121;Montevaccino
1;6459;38121;Montevaccino
1;6459;38121;Montevaccino
1;6459;38121;Montevaccino
2;6459;38121;Montevaccino
2;6459;38121;Montevaccino
3;6459;38121;Montevaccino
3;6459;38121;Montevaccino
4;6459;38121;Montevaccino
4;6459;38121;Montevaccino
5;6459;38121;Montevaccino
5;6459;38121;Montevaccino
6;6459;38121;Montevaccino
6;6459;38121;Montevaccino
7;6459;38121;Montevaccino
7;6459;38121;Montevaccino
8;6459;38121;Montevaccino
8;6459;38121;Montevaccino
9;6459;38121;Montevaccino
9;6459;38121;Montevaccino
10;6459;38121;Montevaccino
12;6459;38121;Montevaccino
13;6459;38121;Montevaccino
14;6459;38121;Montevaccino
15;6459;38121;Montevaccino
16;6459;38121;Montevaccino
18;6459;38121;Montevaccino
18;6459;38121;Montevaccino
20;6459;38121;Montevaccino
20;6459;38121;Montevaccino
20;6459;38121;Montevaccino
22;6459;38121;Montevaccino
22;6459;38121;Montevaccino
23;6459;38121;Montevaccino
24;6459;38121;Montevaccino
26;6459;38121;Montevaccino
28;6459;38121;Montevaccino
30;6459;38121;Montevaccino
32;6459;38121;Montevaccino
34;6459;38121;Montevaccino
35;6459;38121;Montevaccino
35;6459;38121;Montevaccino
36;6459;38121;Montevaccino
37;6459;38121;Montevaccino
38;6459;38121;Montevaccino
40;6459;38121;Montevaccino
42;6459;38121;Montevaccino
44;6459;38121;Montevaccino
46;6459;38121;Montevaccino
48;6459;38121;Montevaccino
48;6459;38121;Montevaccino
48;6459;38121;Montevaccino
48;6459;38121;Montevaccino
56;6459;38121;Montevaccino
60;6459;38121;Montevaccino
60;6459;38121;Montevaccino
60;6459;38121;Montevaccino
62;6459;38121;Montevaccino
62;6459;38121;Montevaccino
64;6459;38121;Montevaccino
64;6459;38121;Montevaccino
1;6460;38121;Montevaccino
2;6460;38121;Montevaccino
3;6460;38121;Montevaccino
5;6460;38121;Montevaccino
5;6460;38121;Montevaccino
7;6460;38121;Montevaccino
7;6460;38121;Montevaccino
7;6460;38121;Montevaccino
7;6460;38121;Montevaccino
7;6460;38121;Montevaccino
7;6460;38121;Montevaccino
7;6460;38121;Montevaccino
7;6460;38121;Montevaccino
7;6460;38121;Montevaccino
7;6460;38121;Montevaccino
7;6460;38121;Montevaccino
8;6460;38121;Montevaccino
11;6460;38121;Montevaccino
11;6460;38121;Montevaccino
13;6460;38121;Montevaccino
13;6460;38121;Montevaccino
14;6460;38121;Montevaccino
15;6460;38121;Montevaccino
15;6460;38121;Montevaccino
16;6460;38121;Montevaccino
17;6460;38121;Montevaccino
17;6460;38121;Montevaccino
18;6460;38121;Montevaccino
19;6460;38121;Montevaccino
19;6460;38121;Montevaccino
20;6460;38121;Montevaccino
21;6460;38121;Montevaccino
21;6460;38121;Montevaccino
22;6460;38121;Montevaccino
23;6460;38121;Montevaccino
23;6460;38121;Montevaccino
24;6460;38121;Montevaccino
25;6460;38121;Montevaccino
25;6460;38121;Montevaccino
26;6460;38121;Montevaccino
27;6460;38121;Montevaccino
27;6460;38121;Montevaccino
27;6460;38121;Montevaccino
29;6460;38121;Montevaccino
29;6460;38121;Montevaccino
29;6460;38121;Montevaccino
30;6460;38121;Montevaccino
32;6460;38121;Montevaccino
34;6460;38121;Montevaccino
35;6460;38121;Montevaccino
35;6460;38121;Montevaccino
35;6460;38121;Montevaccino
36;6460;38121;Montevaccino
36;6460;38121;Montevaccino
37;6460;38121;Montevaccino
37;6460;38121;Montevaccino
38;6460;38121;Montevaccino
39;6460;38121;Montevaccino
40;6460;38121;Montevaccino
41;6460;38121;Montevaccino
43;6460;38121;Montevaccino
45;6460;38121;Montevaccino
47;6460;38121;Montevaccino
51;6460;38121;Montevaccino
51;6460;38121;Montevaccino
55;6460;38121;Montevaccino
57;6460;38121;Montevaccino
61;6460;38121;Montevaccino
65;6460;38121;Montevaccino
67;6460;38121;Montevaccino
69;6460;38121;Montevaccino
69;6460;38121;Montevaccino
71;6460;38121;Montevaccino
77;6460;38121;Montevaccino
81;6460;38121;Montevaccino
83;6460;38121;Montevaccino
85;6460;38121;Montevaccino
1;6461;38121;Montevaccino
2;6461;38121;Montevaccino
3;6461;38121;Montevaccino
4;6461;38121;Montevaccino
6;6461;38121;Montevaccino
8;6461;38121;Montevaccino
9;6461;38121;Montevaccino
10;6461;38121;Montevaccino
11;6461;38121;Montevaccino
12;6461;38121;Montevaccino
1;6462;38121;Montevaccino
3;6462;38121;Montevaccino
5;6462;38121;Montevaccino
6;6462;38121;Montevaccino
3;6463;38121;Cognola
1;6464;38122;Cognola
3;6464;38122;Cognola
5;6464;38122;Cognola
7;6464;38122;Cognola
9;6464;38122;Cognola
11;6464;38122;Cognola
13;6464;38122;Cognola
15;6464;38122;Cognola
17;6464;38122;Cognola
19;6464;38122;Cognola
21;6464;38122;Cognola
23;6464;38122;Cognola
25;6464;38122;Cognola
27;6464;38122;Cognola
29;6464;38122;Cognola
31;6464;38122;Cognola
33;6464;38122;Cognola
35;6464;38122;Cognola
37;6464;38122;Cognola
39;6464;38122;Cognola
41;6464;38122;Cognola
43;6464;38122;Cognola
3;6465;38122;Cognola
3;6465;38122;Cognola
4;6465;38122;Cognola
4;6465;38122;Cognola
6;6465;38122;Cognola
6;6465;38122;Cognola
4;6466;38122;Cognola
4;6466;38122;Cognola
6;6466;38122;Cognola
6;6466;38122;Cognola
8;6466;38122;Cognola
8;6466;38122;Cognola
8;6466;38122;Cognola
1;6467;38122;Cognola
1;6467;38122;Cognola
2;6467;38122;Cognola
2;6467;38122;Cognola
2;6467;38122;Cognola
2;6467;38122;Cognola
3;6467;38122;Cognola
3;6467;38122;Cognola
5;6467;38122;Cognola
5;6467;38122;Cognola
7;6467;38122;Cognola
9;6467;38122;Cognola
13;6467;38122;Cognola
15;6467;38122;Cognola
1;6468;38122;Cognola
1;6468;38122;Cognola
2;6468;38122;Cognola
3;6468;38122;Cognola
3;6468;38122;Cognola
3;6468;38122;Cognola
4;6468;38122;Cognola
4;6468;38122;Cognola
5;6468;38122;Cognola
5;6468;38122;Cognola
5;6468;38122;Cognola
6;6468;38122;Cognola
7;6468;38122;Cognola
7;6468;38122;Cognola
9;6468;38122;Cognola
9;6468;38122;Cognola
11;6468;38122;Cognola
13;6468;38122;Cognola
15;6468;38122;Cognola
17;6468;38122;Cognola
19;6468;38122;Cognola
21;6468;38122;Cognola
21;6468;38122;Cognola
23;6468;38122;Cognola
23;6468;38122;Cognola
23;6468;38122;Cognola
27;6468;38122;Cognola
31;6468;38122;Cognola
35;6468;38122;Cognola
35;6468;38122;Cognola
37;6468;38122;Cognola
37;6468;38122;Cognola
37/A;6468;38122;Cognola
39;6468;38122;Cognola
39;6468;38122;Cognola
39;6468;38122;Cognola
41;6468;38122;Cognola
43;6468;38122;Cognola
43;6468;38122;Cognola
45;6468;38122;Cognola
45;6468;38122;Cognola
49;6468;38122;Cognola
51;6468;38122;Cognola
51;6468;38122;Cognola
57;6468;38122;Cognola
59;6468;38122;Cognola
61;6468;38122;Cognola
63;6468;38122;Cognola
65;6468;38122;Cognola
67;6468;38122;Cognola
67;6468;38122;Cognola
67;6468;38122;Cognola
67;6468;38122;Cognola
67;6468;38122;Cognola
67;6468;38122;Cognola
67;6468;38122;Cognola
4;6469;38122;Cognola
4;6469;38122;Cognola
6;6469;38122;Cognola
6;6469;38122;Cognola
8;6469;38122;Cognola
8;6469;38122;Cognola
10;6469;38122;Cognola
10;6469;38122;Cognola
10;6469;38122;Cognola
10;6469;38122;Cognola
12;6469;38122;Cognola
12;6469;38122;Cognola
14;6469;38122;Cognola
2;6470;38122;Cognola
2;6470;38122;Cognola
2;6470;38122;Cognola
3;6470;38122;Cognola
4;6470;38122;Cognola
5;6470;38122;Cognola
5;6470;38122;Cognola
6;6470;38122;Cognola
7;6470;38122;Cognola
8;6470;38122;Cognola
8;6470;38122;Cognola
9;6470;38122;Cognola
9;6470;38122;Cognola
9;6470;38122;Cognola
9/A;6470;38122;Cognola
10;6470;38122;Cognola
11;6470;38122;Cognola
11;6470;38122;Cognola
12;6470;38122;Cognola
13;6470;38122;Cognola
13;6470;38122;Cognola
13;6470;38122;Cognola
13;6470;38122;Cognola
14;6470;38122;Cognola
14;6470;38122;Cognola
15;6470;38122;Cognola
16;6470;38122;Cognola
16;6470;38122;Cognola
16;6470;38122;Cognola
16;6470;38122;Cognola
17;6470;38122;Cognola
17;6470;38122;Cognola
18;6470;38122;Cognola
18;6470;38122;Cognola
19;6470;38122;Cognola
19;6470;38122;Cognola
19;6470;38122;Cognola
19;6470;38122;Cognola
20;6470;38122;Cognola
21;6470;38122;Cognola
21;6470;38122;Cognola
22;6470;38122;Cognola
22;6470;38122;Cognola
24;6470;38122;Cognola
24;6470;38122;Cognola
25;6470;38122;Cognola
27;6470;38122;Cognola
27;6470;38122;Cognola
28;6470;38122;Cognola
28;6470;38122;Cognola
29;6470;38122;Cognola
29;6470;38122;Cognola
29;6470;38122;Cognola
30;6470;38122;Cognola
30;6470;38122;Cognola
31;6470;38122;Cognola
31;6470;38122;Cognola
32;6470;38122;Cognola
33;6470;38122;Cognola
33;6470;38122;Cognola
34;6470;38122;Cognola
34;6470;38122;Cognola
35;6470;38122;Cognola
35;6470;38122;Cognola
36;6470;38122;Cognola
36;6470;38122;Cognola
37;6470;38122;Cognola
37;6470;38122;Cognola
38;6470;38122;Cognola
38;6470;38122;Cognola
39;6470;38122;Cognola
39;6470;38122;Cognola
40;6470;38122;Cognola
40;6470;38122;Cognola
42;6470;38122;Cognola
42;6470;38122;Cognola
44;6470;38122;Cognola
44;6470;38122;Cognola
1;6471;38122;Cognola
2;6471;38122;Cognola
3;6471;38122;Cognola
4;6471;38122;Cognola
5;6471;38122;Cognola
6;6471;38122;Cognola
7;6471;38122;Cognola
8;6471;38122;Cognola
9;6471;38122;Cognola
10;6471;38122;Cognola
11;6471;38122;Cognola
12;6471;38122;Cognola
13;6471;38122;Cognola
14;6471;38122;Cognola
15;6471;38122;Cognola
16;6471;38122;Cognola
17;6471;38122;Cognola
18;6471;38122;Cognola
19;6471;38122;Cognola
20;6471;38122;Cognola
21;6471;38122;Cognola
22;6471;38122;Cognola
1;6472;38122;Cognola
2;6472;38122;Cognola
3;6472;38122;Cognola
4;6472;38122;Cognola
5;6472;38122;Cognola
6;6472;38122;Cognola
7;6472;38122;Cognola
8;6472;38122;Cognola
9;6472;38122;Cognola
11;6472;38122;Cognola
13;6472;38122;Cognola
15;6472;38122;Cognola
17;6472;38122;Cognola
2;6473;38122;Cognola
2;6473;38122;Cognola
6;6473;38122;Cognola
6;6473;38122;Cognola
8;6473;38122;Cognola
8;6473;38122;Cognola
1;6474;38122;Cognola
2;6474;38122;Cognola
3;6474;38122;Cognola
4;6474;38122;Cognola
5;6474;38122;Cognola
6;6474;38122;Cognola
7;6474;38122;Cognola
8;6474;38122;Cognola
10;6474;38122;Cognola
12;6474;38122;Cognola
1;6475;38122;Cognola
2;6475;38122;Cognola
2/A;6475;38122;Cognola
3;6475;38122;Cognola
4;6475;38122;Cognola
5;6475;38122;Cognola
6;6475;38122;Cognola
7;6475;38122;Cognola
8;6475;38122;Cognola
9;6475;38122;Cognola
10;6475;38122;Cognola
11;6475;38122;Cognola
13;6475;38122;Cognola
1;6476;38122;Cognola
3;6476;38122;Cognola
5;6476;38122;Cognola
7;6476;38122;Cognola
9;6476;38122;Cognola
11;6476;38122;Cognola
13;6476;38122;Cognola
15;6476;38122;Cognola
17;6476;38122;Cognola
19;6476;38122;Cognola
21;6476;38122;Cognola
23;6476;38122;Cognola
1;6480;38121;Cognola
1;6480;38121;Cognola
3;6480;38121;Cognola
4;6480;38121;Cognola
6;6480;38121;Cognola
7;6480;38121;Cognola
7;6480;38121;Cognola
8;6480;38121;Cognola
8;6480;38121;Cognola
1;6481;38121;Cognola
1;6481;38121;Cognola
2;6481;38121;Cognola
2;6481;38121;Cognola
4;6481;38121;Cognola
4;6481;38121;Cognola
8;6481;38121;Cognola
8;6481;38121;Cognola
10;6481;38121;Cognola
10;6481;38121;Cognola
10;6481;38121;Cognola
2;6482;38121;Cognola
2;6482;38121;Cognola
3;6482;38121;Cognola
3;6482;38121;Cognola
4;6482;38121;Cognola
5;6482;38121;Cognola
5;6482;38121;Cognola
6;6482;38121;Cognola
7;6482;38121;Cognola
8;6482;38121;Cognola
9;6482;38121;Cognola
10;6482;38121;Cognola
10;6482;38121;Cognola
10;6482;38121;Cognola
11;6482;38121;Cognola
11;6482;38121;Cognola
11;6482;38121;Cognola
14;6482;38121;Cognola
14;6482;38121;Cognola
15;6482;38121;Cognola
15;6482;38121;Cognola
17;6482;38121;Cognola
17;6482;38121;Cognola
18;6482;38121;Cognola
18;6482;38121;Cognola
19;6482;38121;Cognola
19;6482;38121;Cognola
20;6482;38121;Cognola
20;6482;38121;Cognola
21;6482;38121;Cognola
21;6482;38121;Cognola
22;6482;38121;Cognola
22;6482;38121;Cognola
23;6482;38121;Cognola
23;6482;38121;Cognola
24;6482;38121;Cognola
25;6482;38121;Cognola
25;6482;38121;Cognola
26;6482;38121;Cognola
27;6482;38121;Cognola
27;6482;38121;Cognola
29;6482;38121;Cognola
29;6482;38121;Cognola
30;6482;38121;Cognola
30;6482;38121;Cognola
31;6482;38121;Cognola
31;6482;38121;Cognola
32;6482;38121;Cognola
32;6482;38121;Cognola
32;6482;38121;Cognola
34;6482;38121;Cognola
34;6482;38121;Cognola
36;6482;38121;Cognola
36;6482;38121;Cognola
3;6483;38121;Cognola
4;6483;38121;Cognola
6;6483;38121;Cognola
6/A;6483;38121;Cognola
7;6483;38121;Cognola
10;6483;38121;Cognola
11;6483;38121;Cognola
13;6483;38121;Cognola
13;6483;38121;Cognola
15;6483;38121;Cognola
15;6483;38121;Cognola
4;6484;38121;Cognola
2;6485;38121;Cognola
4;6485;38121;Cognola
6;6485;38121;Cognola
6;6485;38121;Cognola
7;6485;38121;Cognola
7;6485;38121;Cognola
7;6485;38121;Cognola
10;6485;38121;Cognola
12;6485;38121;Cognola
12/A;6485;38121;Cognola
13;6485;38121;Cognola
13;6485;38121;Cognola
13;6485;38121;Cognola
13;6485;38121;Cognola
14/A;6485;38121;Cognola
16;6485;38121;Cognola
16;6485;38121;Cognola
16;6485;38121;Cognola
17;6485;38121;Cognola
19;6485;38121;Cognola
22;6485;38121;Cognola
23;6485;38121;Cognola
24;6485;38121;Cognola
24;6485;38121;Cognola
25;6485;38121;Cognola
27;6485;38121;Cognola
29;6485;38121;Cognola
33;6485;38121;Cognola
35;6485;38121;Cognola
37;6485;38121;Cognola
39;6485;38121;Cognola
41;6485;38121;Cognola
43;6485;38121;Cognola
43;6485;38121;Cognola
45;6485;38121;Cognola
3;6486;38121;Cognola
4;6486;38121;Cognola
5;6486;38121;Cognola
7;6486;38121;Cognola
7;6486;38121;Cognola
7;6486;38121;Cognola
9;6486;38121;Cognola
10;6486;38121;Cognola
11;6486;38121;Cognola
11;6486;38121;Cognola
18;6486;38121;Cognola
18;6486;38121;Cognola
22;6486;38121;Cognola
22;6486;38121;Cognola
22;6486;38121;Cognola
22;6486;38121;Cognola
2;6487;38121;Cognola
2;6487;38121;Cognola
5;6487;38121;Cognola
5;6487;38121;Cognola
8;6487;38121;Cognola
16;6487;38121;Cognola
16;6487;38121;Cognola
16;6487;38121;Cognola
3;6488;38121;Cognola
3;6488;38121;Cognola
4;6488;38121;Cognola
4;6488;38121;Cognola
7;6488;38121;Cognola
7;6488;38121;Cognola
7;6488;38121;Cognola
8;6488;38121;Cognola
8;6488;38121;Cognola
10;6488;38121;Cognola
10;6488;38121;Cognola
11;6488;38121;Cognola
13;6488;38121;Cognola
6;6489;38121;Cognola
6;6489;38121;Cognola
8;6489;38121;Cognola
10;6489;38121;Cognola
10;6489;38121;Cognola
12;6489;38121;Cognola
12;6489;38121;Cognola
18;6489;38121;Cognola
18;6489;38121;Cognola
20;6489;38121;Cognola
20;6489;38121;Cognola
22;6489;38121;Cognola
22;6489;38121;Cognola
22;6489;38121;Cognola
22;6489;38121;Cognola
22;6489;38121;Cognola
24;6489;38121;Cognola
26;6489;38121;Cognola
26;6489;38121;Cognola
1;6490;38121;Cognola
2;6490;38121;Cognola
2;6490;38121;Cognola
3;6490;38121;Cognola
5;6490;38121;Cognola
7;6490;38121;Cognola
7;6490;38121;Cognola
9;6490;38121;Cognola
1;6491;38121;Cognola
1;6491;38121;Cognola
3;6491;38121;Cognola
4;6491;38121;Cognola
5;6491;38121;Cognola
5;6491;38121;Cognola
6;6491;38121;Cognola
7;6491;38121;Cognola
7;6491;38121;Cognola
7;6491;38121;Cognola
8;6491;38121;Cognola
10;6491;38121;Cognola
10;6491;38121;Cognola
13;6491;38121;Cognola
13;6491;38121;Cognola
14;6491;38121;Cognola
14;6491;38121;Cognola
14;6491;38121;Cognola
14;6491;38121;Cognola
17;6491;38121;Cognola
17;6491;38121;Cognola
17;6491;38121;Cognola
17;6491;38121;Cognola
17;6491;38121;Cognola
21;6491;38121;Cognola
21;6491;38121;Cognola
25;6491;38121;Cognola
31;6491;38121;Cognola
31/A;6491;38121;Cognola
33;6491;38121;Cognola
35;6491;38121;Cognola
3;6492;38121;Cognola
3;6492;38121;Cognola
4;6492;38121;Cognola
5;6492;38121;Cognola
6;6492;38121;Cognola
7;6492;38121;Cognola
9;6492;38121;Cognola
9;6492;38121;Cognola
9;6492;38121;Cognola
10;6492;38121;Cognola
10;6492;38121;Cognola
10;6492;38121;Cognola
11;6492;38121;Cognola
11;6492;38121;Cognola
12;6492;38121;Cognola
14;6492;38121;Cognola
2;6493;38121;Cognola
2;6493;38121;Cognola
2;6493;38121;Cognola
4;6493;38121;Cognola
4;6493;38121;Cognola
8;6493;38121;Cognola
8;6493;38121;Cognola
12;6493;38121;Cognola
14;6493;38121;Cognola
16;6493;38121;Cognola
2;6495;38121;Cognola
2;6495;38121;Cognola
5;6495;38121;Cognola
6;6495;38121;Cognola
6;6495;38121;Cognola
7;6495;38121;Cognola
8;6495;38121;Cognola
9;6495;38121;Cognola
10;6495;38121;Cognola
11;6495;38121;Cognola
11;6495;38121;Cognola
12;6495;38121;Cognola
13;6495;38121;Cognola
13;6495;38121;Cognola
14;6495;38121;Cognola
15;6495;38121;Cognola
15;6495;38121;Cognola
15;6495;38121;Cognola
16;6495;38121;Cognola
18;6495;38121;Cognola
19;6495;38121;Cognola
19;6495;38121;Cognola
21;6495;38121;Cognola
21;6495;38121;Cognola
22;6495;38121;Cognola
22;6495;38121;Cognola
23;6495;38121;Cognola
23;6495;38121;Cognola
24;6495;38121;Cognola
25;6495;38121;Cognola
25;6495;38121;Cognola
26;6495;38121;Cognola
27;6495;38121;Cognola
27;6495;38121;Cognola
28;6495;38121;Cognola
28;6495;38121;Cognola
28;6495;38121;Cognola
29;6495;38121;Cognola
29;6495;38121;Cognola
30;6495;38121;Cognola
31;6495;38121;Cognola
32;6495;38121;Cognola
33;6495;38121;Cognola
33;6495;38121;Cognola
33;6495;38121;Cognola
33;6495;38121;Cognola
35;6495;38121;Cognola
36;6495;38121;Cognola
36;6495;38121;Cognola
37;6495;38121;Cognola
38;6495;38121;Cognola
38;6495;38121;Cognola
39;6495;38121;Cognola
40;6495;38121;Cognola
40;6495;38121;Cognola
41;6495;38121;Cognola
42;6495;38121;Cognola
42;6495;38121;Cognola
43;6495;38121;Cognola
44;6495;38121;Cognola
44;6495;38121;Cognola
45;6495;38121;Cognola
46;6495;38121;Cognola
47;6495;38121;Cognola
48;6495;38121;Cognola
48;6495;38121;Cognola
49;6495;38121;Cognola
50;6495;38121;Cognola
50;6495;38121;Cognola
51;6495;38121;Cognola
52;6495;38121;Cognola
52;6495;38121;Cognola
53;6495;38121;Cognola
54;6495;38121;Cognola
54;6495;38121;Cognola
55;6495;38121;Cognola
56;6495;38121;Cognola
56;6495;38121;Cognola
56;6495;38121;Cognola
56;6495;38121;Cognola
57;6495;38121;Cognola
58;6495;38121;Cognola
58;6495;38121;Cognola
58;6495;38121;Cognola
59;6495;38121;Cognola
60;6495;38121;Cognola
60;6495;38121;Cognola
60;6495;38121;Cognola
62;6495;38121;Cognola
62;6495;38121;Cognola
63;6495;38121;Cognola
64;6495;38121;Cognola
64;6495;38121;Cognola
65;6495;38121;Cognola
66;6495;38121;Cognola
66;6495;38121;Cognola
66;6495;38121;Cognola
67;6495;38121;Cognola
68;6495;38121;Cognola
68;6495;38121;Cognola
69;6495;38121;Cognola
69;6495;38121;Cognola
69;6495;38121;Cognola
69;6495;38121;Cognola
69;6495;38121;Cognola
69;6495;38121;Cognola
69;6495;38121;Cognola
70;6495;38121;Cognola
70;6495;38121;Cognola
71;6495;38121;Cognola
72;6495;38121;Cognola
72;6495;38121;Cognola
73;6495;38121;Cognola
74;6495;38121;Cognola
74;6495;38121;Cognola
75;6495;38121;Cognola
76;6495;38121;Cognola
76;6495;38121;Cognola
77;6495;38121;Cognola
79;6495;38121;Cognola
82;6495;38121;Cognola
82;6495;38121;Cognola
83;6495;38121;Cognola
85;6495;38121;Cognola
85;6495;38121;Cognola
85;6495;38121;Cognola
86;6495;38121;Cognola
86;6495;38121;Cognola
88;6495;38121;Cognola
88;6495;38121;Cognola
89;6495;38121;Cognola
89;6495;38121;Cognola
89;6495;38121;Cognola
89;6495;38121;Cognola
89;6495;38121;Cognola
90;6495;38121;Cognola
92;6495;38121;Cognola
92;6495;38121;Cognola
93;6495;38121;Cognola
93;6495;38121;Cognola
93;6495;38121;Cognola
93;6495;38121;Cognola
93;6495;38121;Cognola
94;6495;38121;Cognola
94;6495;38121;Cognola
97;6495;38121;Cognola
99;6495;38121;Cognola
103;6495;38121;Cognola
103;6495;38121;Cognola
103;6495;38121;Cognola
103;6495;38121;Cognola
105;6495;38121;Cognola
105;6495;38121;Cognola
109;6495;38121;Cognola
111;6495;38121;Cognola
113;6495;38121;Cognola
113;6495;38121;Cognola
113/A;6495;38121;Cognola
115;6495;38121;Cognola
117;6495;38121;Cognola
119;6495;38121;Cognola
121;6495;38121;Cognola
127;6495;38121;Cognola
129;6495;38121;Cognola
129;6495;38121;Cognola
131;6495;38121;Cognola
133;6495;38121;Cognola
135;6495;38121;Cognola
1;7010;38123;Villazzano
1;7010;38123;Villazzano
2;7010;38123;Villazzano
2;7010;38123;Villazzano
3;7010;38123;Villazzano
3;7010;38123;Villazzano
4;7010;38123;Villazzano
4;7010;38123;Villazzano
5;7010;38123;Villazzano
5;7010;38123;Villazzano
5;7010;38123;Villazzano
5/A;7010;38123;Villazzano
6;7010;38123;Villazzano
6;7010;38123;Villazzano
7;7010;38123;Villazzano
7;7010;38123;Villazzano
07-gen;7010;38123;Villazzano
07-gen;7010;38123;Villazzano
8;7010;38123;Villazzano
9;7010;38123;Villazzano
9;7010;38123;Villazzano
9;7010;38123;Villazzano
9/A;7010;38123;Villazzano
10;7010;38123;Villazzano
11;7010;38123;Villazzano
11;7010;38123;Villazzano
12;7010;38123;Villazzano
13;7010;38123;Villazzano
14;7010;38123;Trento
15;7010;38123;Villazzano
17;7010;38123;Villazzano
17-gen;7010;38123;Villazzano
17-feb;7010;38123;Villazzano
17-mar;7010;38123;Villazzano
17-apr;7010;38123;Villazzano
17-mag;7010;38123;Villazzano
17-giu;7010;38123;Villazzano
1;7020;38123;Villazzano
1;7020;38123;Villazzano
2;7020;38123;Villazzano
2;7020;38123;Villazzano
3;7020;38123;Villazzano
3;7020;38123;Villazzano
4;7020;38123;Villazzano
4;7020;38123;Villazzano
6;7020;38123;Villazzano
8;7020;38123;Villazzano
10;7020;38123;Villazzano
12;7020;38123;Villazzano
13;7020;38123;Villazzano
14;7020;38123;Villazzano
14;7020;38123;Villazzano
15;7020;38123;Villazzano
16;7020;38123;Villazzano
18;7020;38123;Villazzano
18;7020;38123;Villazzano
20;7020;38123;Villazzano
22;7020;38123;Villazzano
1;7030;38123;Villazzano
1;7030;38123;Villazzano
1;7030;38123;Villazzano
3;7030;38123;Villazzano
3;7030;38123;Villazzano
3;7030;38123;Villazzano
03-gen;7030;38123;Villazzano
03-feb;7030;38123;Villazzano
03-mar;7030;38123;Villazzano
4;7030;38123;Villazzano
4;7030;38123;Villazzano
4;7030;38123;Villazzano
5;7030;38123;Villazzano
5;7030;38123;Villazzano
6;7030;38123;Villazzano
7;7030;38123;Villazzano
8;7030;38123;Villazzano
9;7030;38123;Villazzano
10;7030;38123;Villazzano
10/A;7030;38123;Villazzano
11;7030;38123;Villazzano
12;7030;38123;Villazzano
13;7030;38123;Villazzano
13;7030;38123;Villazzano
14;7030;38123;Villazzano
15;7030;38123;Villazzano
15;7030;38123;Villazzano
17;7030;38123;Villazzano
1;7045;38123;Villazzano
1;7045;38123;Villazzano
2;7045;38123;Villazzano
2;7045;38123;Villazzano
3;7045;38123;Villazzano
4;7045;38123;Villazzano
4;7045;38123;Villazzano
5;7045;38123;Villazzano
5;7045;38123;Villazzano
5/B;7045;38123;Villazzano
5/B;7045;38123;Villazzano
5/B;7045;38123;Villazzano
5/B;7045;38123;Villazzano
5/B;7045;38123;Villazzano
5/B;7045;38123;Villazzano
6;7045;38123;Villazzano
6;7045;38123;Villazzano
7;7045;38123;Villazzano
7;7045;38123;Villazzano
8;7045;38123;Villazzano
8;7045;38123;Villazzano
9;7045;38123;Villazzano
9;7045;38123;Villazzano
9;7045;38123;Villazzano
9;7045;38123;Villazzano
9;7045;38123;Villazzano
10;7045;38123;Villazzano
10;7045;38123;Villazzano
11;7045;38123;Villazzano
12;7045;38123;Villazzano
13;7045;38123;Villazzano
14;7045;38123;Villazzano
15;7045;38123;Villazzano
15;7045;38123;Villazzano
16;7045;38123;Villazzano
16;7045;38123;Villazzano
17;7045;38123;Villazzano
17;7045;38123;Villazzano
17;7045;38123;Villazzano
17;7045;38123;Villazzano
17;7045;38123;Villazzano
17;7045;38123;Villazzano
18;7045;38123;Villazzano
18;7045;38123;Villazzano
3;7050;38123;Villazzano
4;7050;38123;Villazzano
5;7050;38123;Villazzano
6;7050;38123;Villazzano
6;7050;38123;Villazzano
6/A;7050;38123;Villazzano
7;7050;38123;Villazzano
7;7050;38123;Villazzano
11;7050;38123;Villazzano
11;7050;38123;Villazzano
11;7050;38123;Villazzano
12;7050;38123;Villazzano
12;7050;38123;Villazzano
15;7050;38123;Villazzano
16;7050;38123;Villazzano
17;7050;38123;Villazzano
18;7050;38123;Villazzano
18;7050;38123;Villazzano
24;7050;38123;Villazzano
24;7050;38123;Villazzano
25;7050;38123;Villazzano
25;7050;38123;Villazzano
26;7050;38123;Villazzano
26;7050;38123;Villazzano
27;7050;38123;Villazzano
28;7050;38123;Villazzano
29;7050;38123;Villazzano
30;7050;38123;Villazzano
31;7050;38123;Villazzano
32;7050;38123;Villazzano
33;7050;38123;Villazzano
34;7050;38123;Villazzano
34;7050;38123;Villazzano
35;7050;38123;Villazzano
36;7050;38123;Villazzano
37;7050;38123;Villazzano
38;7050;38123;Villazzano
39;7050;38123;Villazzano
40;7050;38123;Villazzano
41;7050;38123;Villazzano
42;7050;38123;Villazzano
43;7050;38123;Villazzano
43;7050;38123;Villazzano
43;7050;38123;Villazzano
44;7050;38123;Villazzano
44;7050;38123;Villazzano
45;7050;38123;Villazzano
46;7050;38123;Villazzano
49;7050;38123;Villazzano
49;7050;38123;Villazzano
50;7050;38123;Villazzano
51;7050;38123;Villazzano
52;7050;38123;Villazzano
52;7050;38123;Villazzano
53;7050;38123;Villazzano
53;7050;38123;Villazzano
54;7050;38123;Villazzano
54;7050;38123;Villazzano
55;7050;38123;Villazzano
55;7050;38123;Villazzano
55;7050;38123;Villazzano
55;7050;38123;Villazzano
56;7050;38123;Villazzano
56;7050;38123;Villazzano
58;7050;38123;Villazzano
58;7050;38123;Villazzano
59;7050;38123;Villazzano
59;7050;38123;Villazzano
60;7050;38123;Villazzano
61;7050;38123;Villazzano
62;7050;38123;Villazzano
62;7050;38123;Villazzano
64;7050;38123;Villazzano
66;7050;38123;Villazzano
67;7050;38123;Villazzano
67;7050;38123;Villazzano
68;7050;38123;Villazzano
68;7050;38123;Villazzano
68/1;7050;38123;Villazzano
69;7050;38123;Villazzano
69;7050;38123;Villazzano
69;7050;38123;Villazzano
70;7050;38123;Villazzano
70;7050;38123;Villazzano
1;7060;38123;Villazzano
1;7060;38123;Villazzano
1;7060;38123;Villazzano
2;7060;38123;Villazzano
3;7060;38123;Villazzano
4;7060;38123;Villazzano
5;7060;38123;Villazzano
6;7060;38123;Villazzano
8;7060;38123;Villazzano
9;7060;38123;Villazzano
9;7060;38123;Villazzano
11;7060;38123;Villazzano
12;7060;38123;Villazzano
12;7060;38123;Villazzano
16;7060;38123;Villazzano
1;7070;38123;Villazzano
1;7070;38123;Villazzano
1;7070;38123;Villazzano
2;7070;38123;Villazzano
2;7070;38123;Villazzano
3;7070;38123;Villazzano
3;7070;38123;Villazzano
4;7070;38123;Villazzano
4/A;7070;38123;Villazzano
5;7070;38123;Villazzano
5;7070;38123;Villazzano
6;7070;38123;Villazzano
6;7070;38123;Villazzano
7;7070;38123;Villazzano
7;7070;38123;Villazzano
7/A;7070;38123;Villazzano
7/A;7070;38123;Villazzano
8;7070;38123;Villazzano
8;7070;38123;Villazzano
9;7070;38123;Villazzano
9;7070;38123;Villazzano
10;7070;38123;Villazzano
11;7070;38123;Villazzano
11;7070;38123;Villazzano
12;7070;38123;Villazzano
12;7070;38123;Villazzano
14;7070;38123;Villazzano
14;7070;38123;Villazzano
15;7070;38123;Villazzano
15;7070;38123;Villazzano
16;7070;38123;Villazzano
16;7070;38123;Villazzano
17;7070;38123;Villazzano
17;7070;38123;Villazzano
18;7070;38123;Villazzano
18;7070;38123;Villazzano
19;7070;38123;Villazzano
19;7070;38123;Villazzano
20;7070;38123;Villazzano
20;7070;38123;Villazzano
21;7070;38123;Villazzano
21;7070;38123;Villazzano
22;7070;38123;Villazzano
22;7070;38123;Villazzano
23;7070;38123;Villazzano
23;7070;38123;Villazzano
24;7070;38123;Villazzano
24;7070;38123;Villazzano
24/A;7070;38123;Villazzano
24/A;7070;38123;Villazzano
25;7070;38123;Villazzano
25;7070;38123;Villazzano
26;7070;38123;Villazzano
26;7070;38123;Villazzano
27;7070;38123;Villazzano
28;7070;38123;Villazzano
28;7070;38123;Villazzano
29/A;7070;38123;Villazzano
29/B;7070;38123;Villazzano
30;7070;38123;Villazzano
30;7070;38123;Villazzano
31;7070;38123;Villazzano
31;7070;38123;Villazzano
32;7070;38123;Villazzano
32;7070;38123;Villazzano
32/1;7070;38123;Villazzano
32/1;7070;38123;Villazzano
32/2;7070;38123;Villazzano
33;7070;38123;Villazzano
33;7070;38123;Villazzano
33;7070;38123;Villazzano
34;7070;38123;Villazzano
34;7070;38123;Villazzano
34/1;7070;38123;Villazzano
34/2;7070;38123;Villazzano
34/2;7070;38123;Villazzano
35;7070;38123;Villazzano
35;7070;38123;Villazzano
36;7070;38123;Villazzano
36;7070;38123;Villazzano
38;7070;38123;Villazzano
39;7070;38123;Villazzano
39;7070;38123;Villazzano
40;7070;38123;Villazzano
40;7070;38123;Villazzano
42;7070;38123;Villazzano
42;7070;38123;Villazzano
42;7070;38123;Villazzano
43;7070;38123;Villazzano
43;7070;38123;Villazzano
44;7070;38123;Villazzano
44;7070;38123;Villazzano
45;7070;38123;Villazzano
45;7070;38123;Villazzano
45/A;7070;38123;Villazzano
45/A;7070;38123;Villazzano
45/A;7070;38123;Villazzano
45/A;7070;38123;Villazzano
45/A;7070;38123;Villazzano
45/A;7070;38123;Villazzano
45/A;7070;38123;Villazzano
45/A;7070;38123;Villazzano
46;7070;38123;Villazzano
46;7070;38123;Villazzano
47;7070;38123;Villazzano
47;7070;38123;Villazzano
47/1;7070;38123;Villazzano
47/2;7070;38123;Villazzano
47/3;7070;38123;Villazzano
49;7070;38123;Villazzano
49;7070;38123;Villazzano
51;7070;38123;Villazzano
51;7070;38123;Villazzano
53;7070;38123;Villazzano
53;7070;38123;Villazzano
1;7080;38123;Villazzano
1;7080;38123;Villazzano
1/A;7080;38123;Villazzano
1/A;7080;38123;Villazzano
1/A;7080;38123;Villazzano
3;7080;38123;Villazzano
3;7080;38123;Villazzano
4;7080;38123;Trento
4;7080;38123;Trento
4;7080;38123;Trento
5;7080;38123;Villazzano
5;7080;38123;Villazzano
7;7080;38123;Villazzano
7;7080;38123;Villazzano
7;7080;38123;Villazzano
7;7080;38123;Villazzano
8;7080;38123;Trento
9;7080;38123;Villazzano
9;7080;38123;Villazzano
11;7080;38123;Villazzano
11;7080;38123;Villazzano
12;7080;38123;Villazzano
12/A;7080;38123;Villazzano
13;7080;38123;Villazzano
13;7080;38123;Villazzano
14;7080;38123;Villazzano
15;7080;38123;Villazzano
15;7080;38123;Villazzano
16;7080;38123;Villazzano
16-gen;7080;38123;Villazzano
16-feb;7080;38123;Villazzano
16-mar;7080;38123;Villazzano
16-apr;7080;38123;Villazzano
16-mag;7080;38123;Villazzano
17;7080;38123;Villazzano
17;7080;38123;Villazzano
18;7080;38123;Villazzano
18;7080;38123;Villazzano
18-gen;7080;38123;Villazzano
18-ott;7080;38123;Villazzano
18-ott;7080;38123;Villazzano
18-feb;7080;38123;Villazzano
18-mar;7080;38123;Villazzano
18-apr;7080;38123;Villazzano
18-apr;7080;38123;Villazzano
18-giu;7080;38123;Villazzano
18-giu;7080;38123;Villazzano
18-lug;7080;38123;Villazzano
18-lug;7080;38123;Villazzano
18-ago;7080;38123;Villazzano
18-ago;7080;38123;Villazzano
18-set;7080;38123;Villazzano
18-set;7080;38123;Villazzano
19;7080;38123;Villazzano
19;7080;38123;Villazzano
20;7080;38123;Villazzano
21;7080;38123;Villazzano
21;7080;38123;Villazzano
22;7080;38123;Villazzano
23;7080;38123;Villazzano
23;7080;38123;Villazzano
24;7080;38123;Villazzano
25;7080;38123;Villazzano
25;7080;38123;Villazzano
26;7080;38123;Villazzano
26;7080;38123;Villazzano
26;7080;38123;Villazzano
27;7080;38123;Villazzano
27;7080;38123;Villazzano
29;7080;38123;Villazzano
29;7080;38123;Villazzano
29-gen;7080;38123;Villazzano
29-gen;7080;38123;Villazzano
29/2;7080;38123;Villazzano
29/2;7080;38123;Villazzano
29-mar;7080;38123;Villazzano
29-mar;7080;38123;Villazzano
29-apr;7080;38123;Villazzano
29-apr;7080;38123;Villazzano
29-mag;7080;38123;Villazzano
29-mag;7080;38123;Villazzano
31;7080;38123;Villazzano
31;7080;38123;Villazzano
33;7080;38123;Villazzano
33;7080;38123;Villazzano
35;7080;38123;Villazzano
35;7080;38123;Villazzano
37;7080;38123;Villazzano
37;7080;38123;Villazzano
38;7080;38123;Villazzano
39;7080;38123;Villazzano
39;7080;38123;Villazzano
40;7080;38123;Villazzano
40;7080;38123;Villazzano
41;7080;38123;Villazzano
41;7080;38123;Villazzano
43;7080;38123;Villazzano
43;7080;38123;Villazzano
43/A;7080;38123;Villazzano
45;7080;38123;Villazzano
47;7080;38123;Villazzano
51;7080;38123;Villazzano
51;7080;38123;Villazzano
51/A;7080;38123;Villazzano
53;7080;38123;Villazzano
53;7080;38123;Villazzano
53;7080;38123;Villazzano
53;7080;38123;Villazzano
53;7080;38123;Villazzano
53/A;7080;38123;Villazzano
53/A;7080;38123;Villazzano
53/B;7080;38123;Villazzano
53/B;7080;38123;Villazzano
57;7080;38123;Villazzano
57;7080;38123;Villazzano
59;7080;38123;Villazzano
59;7080;38123;Villazzano
59/A;7080;38123;Villazzano
59/B;7080;38123;Villazzano
59/B;7080;38123;Villazzano
60;7080;38123;Villazzano
60;7080;38123;Villazzano
60;7080;38123;Villazzano
61;7080;38123;Villazzano
61;7080;38123;Villazzano
61;7080;38123;Villazzano
62;7080;38123;Villazzano
63;7080;38123;Villazzano
64;7080;38123;Villazzano
65;7080;38123;Villazzano
66;7080;38123;Villazzano
68;7080;38123;Villazzano
70;7080;38123;Villazzano
71;7080;38123;Villazzano
72;7080;38123;Villazzano
73;7080;38123;Villazzano
74;7080;38123;Villazzano
75;7080;38123;Villazzano
76;7080;38123;Villazzano
77;7080;38123;Villazzano
77;7080;38123;Villazzano
79;7080;38123;Villazzano
79;7080;38123;Villazzano
80;7080;38123;Trento
81;7080;38123;Villazzano
82;7080;38123;Trento
83;7080;38123;Villazzano
83;7080;38123;Villazzano
83;7080;38123;Villazzano
83;7080;38123;Villazzano
83;7080;38123;Villazzano
86;7080;38123;Trento
88;7080;38123;Trento
90;7080;38123;Trento
92;7080;38123;Trento
94;7080;38123;Trento
1;7090;38123;Villazzano
1;7090;38123;Villazzano
1;7090;38123;Villazzano
1;7090;38123;Villazzano
2;7090;38123;Villazzano
2/A;7090;38123;Villazzano
3;7090;38123;Villazzano
3;7090;38123;Villazzano
4;7090;38123;Villazzano
5;7090;38123;Villazzano
6;7090;38123;Villazzano
7;7090;38123;Villazzano
8;7090;38123;Villazzano
9;7090;38123;Villazzano
10;7090;38123;Villazzano
10;7090;38123;Villazzano
10;7090;38123;Villazzano
11;7090;38123;Villazzano
13;7090;38123;Villazzano
13;7090;38123;Villazzano
14;7090;38123;Villazzano
15;7090;38123;Villazzano
15;7090;38123;Villazzano
15-gen;7090;38123;Villazzano
15-gen;7090;38123;Villazzano
16;7090;38123;Villazzano
16/A;7090;38123;Villazzano
17;7090;38123;Villazzano
17;7090;38123;Villazzano
19;7090;38123;Villazzano
19;7090;38123;Villazzano
20;7090;38123;Villazzano
21;7090;38123;Villazzano
21-gen;7090;38123;Villazzano
21-feb;7090;38123;Villazzano
21-mar;7090;38123;Villazzano
21-apr;7090;38123;Villazzano
21-mag;7090;38123;Villazzano
22;7090;38123;Villazzano
24;7090;38123;Villazzano
24;7090;38123;Villazzano
24;7090;38123;Villazzano
1;7110;38123;Villazzano
1;7110;38123;Villazzano
2;7110;38123;Villazzano
2;7110;38123;Villazzano
3;7110;38123;Villazzano
3;7110;38123;Villazzano
3/A;7110;38123;Villazzano
3/A;7110;38123;Villazzano
5;7110;38123;Villazzano
5;7110;38123;Villazzano
7;7110;38123;Villazzano
7;7110;38123;Villazzano
9;7110;38123;Villazzano
9;7110;38123;Villazzano
10;7110;38123;Villazzano
11;7110;38123;Villazzano
11;7110;38123;Villazzano
11/B;7110;38123;Villazzano
12;7110;38123;Villazzano
13;7110;38123;Villazzano
13;7110;38123;Villazzano
14;7110;38123;Villazzano
15;7110;38123;Villazzano
15;7110;38123;Villazzano
16;7110;38123;Villazzano
16;7110;38123;Villazzano
17;7110;38123;Villazzano
17;7110;38123;Villazzano
18;7110;38123;Villazzano
18;7110;38123;Villazzano
19;7110;38123;Villazzano
19;7110;38123;Villazzano
19-feb;7110;38123;Villazzano
19-mar;7110;38123;Villazzano
19-apr;7110;38123;Villazzano
19-mag;7110;38123;Villazzano
19-giu;7110;38123;Villazzano
19/A;7110;38123;Villazzano
19/A;7110;38123;Villazzano
19/B;7110;38123;Villazzano
19/B;7110;38123;Villazzano
20;7110;38123;Villazzano
20;7110;38123;Villazzano
20;7110;38123;Villazzano
21;7110;38123;Villazzano
21;7110;38123;Villazzano
22;7110;38123;Villazzano
23;7110;38123;Villazzano
23;7110;38123;Villazzano
26;7110;38123;Villazzano
26;7110;38123;Villazzano
26;7110;38123;Villazzano
27;7110;38123;Villazzano
27;7110;38123;Villazzano
28;7110;38123;Villazzano
28;7110;38123;Villazzano
28-gen;7110;38123;Villazzano
28-gen;7110;38123;Villazzano
30;7110;38123;Villazzano
30;7110;38123;Villazzano
32;7110;38123;Villazzano
32;7110;38123;Villazzano
34;7110;38123;Villazzano
36;7110;38123;Villazzano
50;7110;38123;Villazzano
50;7110;38123;Villazzano
74;7110;38123;Villazzano
74;7110;38123;Villazzano
1;7115;38123;Villazzano
3;7115;38123;Villazzano
3;7115;38123;Villazzano
4;7115;38123;Povo
5;7115;38123;Villazzano
6;7115;38123;Povo
6;7115;38123;Povo
7;7115;38123;Villazzano
7;7115;38123;Villazzano
8;7115;38123;Povo
8;7115;38123;Povo
10;7115;38123;Povo
10;7115;38123;Povo
13;7115;38123;Povo
13;7115;38123;Povo
13;7115;38123;Povo
14;7115;38123;Povo
14;7115;38123;Povo
16;7115;38123;Povo
17;7115;38123;Povo
17;7115;38123;Povo
18;7115;38123;Povo
19;7115;38123;Povo
19;7115;38123;Povo
1;7130;38123;Villazzano
1;7130;38123;Villazzano
1;7130;38123;Villazzano
2;7130;38123;Villazzano
3;7130;38123;Villazzano
3;7130;38123;Villazzano
4;7130;38123;Villazzano
5;7130;38123;Villazzano
5;7130;38123;Villazzano
5;7130;38123;Villazzano
5;7130;38123;Villazzano
5;7130;38123;Villazzano
5;7130;38123;Villazzano
5;7130;38123;Villazzano
6;7130;38123;Villazzano
6;7130;38123;Villazzano
6;7130;38123;Villazzano
6;7130;38123;Villazzano
6/B;7130;38123;Villazzano
7;7130;38123;Villazzano
7;7130;38123;Villazzano
8;7130;38123;Villazzano
8;7130;38123;Villazzano
10;7130;38123;Villazzano
11;7130;38123;Villazzano
13;7130;38123;Villazzano
13;7130;38123;Villazzano
14;7130;38123;Villazzano
14;7130;38123;Villazzano
15;7130;38123;Villazzano
15;7130;38123;Villazzano
15;7130;38123;Villazzano
15;7130;38123;Villazzano
16;7130;38123;Villazzano
16;7130;38123;Villazzano
19;7130;38123;Villazzano
19;7130;38123;Villazzano
20;7130;38123;Villazzano
20;7130;38123;Villazzano
21;7130;38123;Villazzano
22;7130;38123;Villazzano
23;7130;38123;Villazzano
25;7130;38123;Villazzano
25;7130;38123;Villazzano
25;7130;38123;Villazzano
25;7130;38123;Villazzano
25;7130;38123;Villazzano
26;7130;38123;Villazzano
1;7140;38123;Villazzano
2;7140;38123;Villazzano
3;7140;38123;Villazzano
4;7140;38123;Villazzano
4;7140;38123;Villazzano
5;7140;38123;Villazzano
6;7140;38123;Villazzano
7;7140;38123;Villazzano
7;7140;38123;Villazzano
1;7145;38123;Villazzano
3;7145;38123;Villazzano
5;7145;38123;Villazzano
6;7145;38123;Villazzano
6;7145;38123;Villazzano
7;7145;38123;Villazzano
8;7145;38123;Villazzano
8;7145;38123;Villazzano
8/A;7145;38123;Villazzano
9;7145;38123;Villazzano
10;7145;38123;Villazzano
10;7145;38123;Villazzano
10;7145;38123;Villazzano
10/A;7145;38123;Villazzano
10/A;7145;38123;Villazzano
10/A;7145;38123;Villazzano
11;7145;38123;Villazzano
12;7145;38123;Villazzano
12;7145;38123;Villazzano
12;7145;38123;Villazzano
12;7145;38123;Villazzano
12;7145;38123;Villazzano
12;7145;38123;Villazzano
12;7145;38123;Villazzano
12;7145;38123;Villazzano
12;7145;38123;Villazzano
12;7145;38123;Villazzano
12;7145;38123;Villazzano
12;7145;38123;Villazzano
12;7145;38123;Villazzano
12;7145;38123;Villazzano
13;7145;38123;Villazzano
13;7145;38123;Villazzano
14;7145;38123;Villazzano
14;7145;38123;Villazzano
15;7145;38123;Villazzano
15;7145;38123;Villazzano
16;7145;38123;Villazzano
16;7145;38123;Villazzano
17;7145;38123;Villazzano
17;7145;38123;Villazzano
18;7145;38123;Villazzano
18;7145;38123;Villazzano
18;7145;38123;Villazzano
18;7145;38123;Villazzano
19;7145;38123;Villazzano
19;7145;38123;Villazzano
20;7145;38123;Villazzano
20;7145;38123;Villazzano
20;7145;38123;Villazzano
21;7145;38123;Villazzano
21;7145;38123;Villazzano
23;7145;38123;Villazzano
23;7145;38123;Villazzano
25;7145;38123;Villazzano
25;7145;38123;Villazzano
26;7145;38123;Villazzano
26;7145;38123;Villazzano
26;7145;38123;Villazzano
26;7145;38123;Villazzano
26;7145;38123;Villazzano
27;7145;38123;Villazzano
27;7145;38123;Villazzano
29;7145;38123;Villazzano
29;7145;38123;Villazzano
31;7145;38123;Villazzano
31;7145;38123;Villazzano
33;7145;38123;Villazzano
33;7145;38123;Villazzano
35;7145;38123;Villazzano
35;7145;38123;Villazzano
37;7145;38123;Villazzano
37;7145;38123;Villazzano
39;7145;38123;Villazzano
39;7145;38123;Villazzano
41;7145;38123;Villazzano
41;7145;38123;Villazzano
43;7145;38123;Villazzano
43;7145;38123;Villazzano
45;7145;38123;Villazzano
45;7145;38123;Villazzano
47;7145;38123;Villazzano
47;7145;38123;Villazzano
49;7145;38123;Villazzano
49;7145;38123;Villazzano
51;7145;38123;Villazzano
51;7145;38123;Villazzano
53;7145;38123;Villazzano
53;7145;38123;Villazzano
55;7145;38123;Villazzano
55;7145;38123;Villazzano
57;7145;38123;Villazzano
57;7145;38123;Villazzano
59;7145;38123;Villazzano
59;7145;38123;Villazzano
75;7145;38123;Villazzano
75;7145;38123;Villazzano
77;7145;38123;Villazzano
77;7145;38123;Villazzano
79;7145;38123;Villazzano
79;7145;38123;Villazzano
81;7145;38123;Villazzano
81;7145;38123;Villazzano
83;7145;38123;Villazzano
83;7145;38123;Villazzano
85;7145;38123;Villazzano
85;7145;38123;Villazzano
87;7145;38123;Villazzano
87;7145;38123;Villazzano
89;7145;38123;Villazzano
89;7145;38123;Villazzano
91;7145;38123;Villazzano
91;7145;38123;Villazzano
93;7145;38123;Villazzano
93;7145;38123;Villazzano
95;7145;38123;Villazzano
95;7145;38123;Villazzano
97;7145;38123;Villazzano
97;7145;38123;Villazzano
99;7145;38123;Villazzano
99;7145;38123;Villazzano
101;7145;38123;Villazzano
101;7145;38123;Villazzano
103;7145;38123;Villazzano
103;7145;38123;Villazzano
105;7145;38123;Villazzano
105;7145;38123;Villazzano
107;7145;38123;Villazzano
107;7145;38123;Villazzano
109;7145;38123;Villazzano
109;7145;38123;Villazzano
111;7145;38123;Villazzano
111;7145;38123;Villazzano
113;7145;38123;Villazzano
113;7145;38123;Villazzano
115;7145;38123;Villazzano
115;7145;38123;Villazzano
117;7145;38123;Villazzano
117;7145;38123;Villazzano
119;7145;38123;Villazzano
119;7145;38123;Villazzano
121;7145;38123;Villazzano
121;7145;38123;Villazzano
123;7145;38123;Villazzano
123;7145;38123;Villazzano
125;7145;38123;Villazzano
125;7145;38123;Villazzano
127;7145;38123;Villazzano
127;7145;38123;Villazzano
129;7145;38123;Villazzano
129;7145;38123;Villazzano
131;7145;38123;Villazzano
131;7145;38123;Villazzano
133;7145;38123;Villazzano
133;7145;38123;Villazzano
135;7145;38123;Villazzano
135;7145;38123;Villazzano
137;7145;38123;Villazzano
137;7145;38123;Villazzano
139;7145;38123;Villazzano
139;7145;38123;Villazzano
141;7145;38123;Villazzano
141;7145;38123;Villazzano
143;7145;38123;Villazzano
143;7145;38123;Villazzano
145;7145;38123;Villazzano
145;7145;38123;Villazzano
147;7145;38123;Villazzano
147;7145;38123;Villazzano
149;7145;38123;Villazzano
149;7145;38123;Villazzano
1;7150;38123;Villazzano
1;7150;38123;Villazzano
2;7150;38123;Villazzano
2;7150;38123;Villazzano
3;7150;38123;Villazzano
3;7150;38123;Villazzano
4;7150;38123;Villazzano
4;7150;38123;Villazzano
5;7150;38123;Villazzano
5;7150;38123;Villazzano
6;7150;38123;Villazzano
6;7150;38123;Villazzano
7;7150;38123;Villazzano
7;7150;38123;Villazzano
8;7150;38123;Villazzano
8;7150;38123;Villazzano
9;7150;38123;Villazzano
9;7150;38123;Villazzano
10;7150;38123;Villazzano
10;7150;38123;Villazzano
11;7150;38123;Villazzano
11;7150;38123;Villazzano
12;7150;38123;Villazzano
12;7150;38123;Villazzano
13;7150;38123;Villazzano
14;7150;38123;Villazzano
14;7150;38123;Villazzano
15;7150;38123;Villazzano
16;7150;38123;Villazzano
16;7150;38123;Villazzano
17;7150;38123;Villazzano
18;7150;38123;Villazzano
18;7150;38123;Villazzano
19;7150;38123;Villazzano
20;7150;38123;Villazzano
20;7150;38123;Villazzano
20;7150;38123;Villazzano
20;7150;38123;Villazzano
21;7150;38123;Villazzano
21;7150;38123;Villazzano
23;7150;38123;Villazzano
23;7150;38123;Villazzano
25;7150;38123;Villazzano
25;7150;38123;Villazzano
1;7155;38123;Villazzano
1;7155;38123;Villazzano
2;7155;38123;Villazzano
2;7155;38123;Villazzano
3;7155;38123;Villazzano
3;7155;38123;Villazzano
4;7155;38123;Villazzano
5;7155;38123;Villazzano
5;7155;38123;Villazzano
6;7155;38123;Villazzano
7;7155;38123;Villazzano
7;7155;38123;Villazzano
9;7155;38123;Villazzano
9;7155;38123;Villazzano
11;7155;38123;Villazzano
13;7155;38123;Villazzano
15;7155;38123;Villazzano
17;7155;38123;Villazzano
19;7155;38123;Villazzano
21;7155;38123;Villazzano
23;7155;38123;Villazzano
23;7155;38123;Villazzano
25;7155;38123;Villazzano
27;7155;38123;Villazzano
27;7155;38123;Villazzano
29;7155;38123;Villazzano
33;7155;38123;Villazzano
33;7155;38123;Villazzano
1;7160;38123;Villazzano
1;7160;38123;Villazzano
1;7160;38123;Villazzano
3;7160;38123;Villazzano
3;7160;38123;Villazzano
5;7160;38123;Villazzano
5;7160;38123;Villazzano
6;7160;38123;Villazzano
7;7160;38123;Villazzano
7;7160;38123;Villazzano
9;7160;38123;Villazzano
9;7160;38123;Villazzano
10;7160;38123;Villazzano
10;7160;38123;Villazzano
12;7160;38123;Villazzano
14;7160;38123;Villazzano
18;7160;38123;Villazzano
18;7160;38123;Villazzano
18-gen;7160;38123;Villazzano
18-gen;7160;38123;Villazzano
20;7160;38123;Villazzano
20;7160;38123;Villazzano
22;7160;38123;Villazzano
22;7160;38123;Villazzano
24;7160;38123;Villazzano
24-gen;7160;38123;Villazzano
24-feb;7160;38123;Villazzano
24-feb;7160;38123;Villazzano
24-feb;7160;38123;Villazzano
25;7160;38123;Villazzano
25;7160;38123;Villazzano
26;7160;38123;Villazzano
26;7160;38123;Villazzano
27;7160;38123;Povo
27;7160;38123;Povo
27;7160;38123;Povo
27;7160;38123;Povo
27;7160;38123;Povo
27;7160;38123;Povo
27;7160;38123;Povo
27;7160;38123;Povo
27;7160;38123;Povo
27;7160;38123;Povo
27;7160;38123;Povo
28;7160;38123;Villazzano
28;7160;38123;Villazzano
32;7160;38123;Villazzano
32;7160;38123;Villazzano
33;7160;38123;Villazzano
33;7160;38123;Villazzano
34;7160;38123;Villazzano
35;7160;38123;Villazzano
35;7160;38123;Villazzano
36;7160;38123;Villazzano
37;7160;38123;Villazzano
37;7160;38123;Villazzano
38;7160;38123;Villazzano
38;7160;38123;Villazzano
40;7160;38123;Villazzano
42;7160;38123;Villazzano
42;7160;38123;Villazzano
1;7170;38123;Villazzano
1;7170;38123;Villazzano
2;7170;38123;Villazzano
3;7170;38123;Villazzano
3;7170;38123;Villazzano
4;7170;38123;Villazzano
5;7170;38123;Villazzano
5/A;7170;38123;Villazzano
6;7170;38123;Villazzano
7;7170;38123;Villazzano
8;7170;38123;Villazzano
9;7170;38123;Villazzano
10;7170;38123;Villazzano
11;7170;38123;Villazzano
12;7170;38123;Villazzano
12/A;7170;38123;Villazzano
14;7170;38123;Villazzano
15;7170;38123;Villazzano
15;7170;38123;Villazzano
16;7170;38123;Villazzano
17;7170;38123;Villazzano
17;7170;38123;Villazzano
17-gen;7170;38123;Villazzano
17-gen;7170;38123;Villazzano
17-feb;7170;38123;Villazzano
17-mar;7170;38123;Villazzano
18;7170;38123;Villazzano
19;7170;38123;Villazzano
19-gen;7170;38123;Villazzano
19-feb;7170;38123;Villazzano
19/A;7170;38123;Villazzano
19/A;7170;38123;Villazzano
19/A;7170;38123;Villazzano
19/A;7170;38123;Villazzano
19/A;7170;38123;Villazzano
19/A;7170;38123;Villazzano
19/A;7170;38123;Villazzano
19/B;7170;38123;Villazzano
19/B;7170;38123;Villazzano
19/B;7170;38123;Villazzano
19/C;7170;38123;Villazzano
20;7170;38123;Villazzano
21;7170;38123;Villazzano
22;7170;38123;Villazzano
24;7170;38123;Villazzano
26;7170;38123;Villazzano
28;7170;38123;Villazzano
30;7170;38123;Villazzano
1;7180;38123;Villazzano
1;7180;38123;Villazzano
2;7180;38123;Villazzano
2;7180;38123;Villazzano
3;7180;38123;Villazzano
3;7180;38123;Villazzano
4;7180;38123;Villazzano
5;7180;38123;Villazzano
5;7180;38123;Villazzano
6;7180;38123;Villazzano
7;7180;38123;Villazzano
8;7180;38123;Villazzano
8;7180;38123;Villazzano
25;7190;38123;Villazzano
9;7180;38123;Villazzano
10;7180;38123;Villazzano
10;7180;38123;Villazzano
11;7180;38123;Villazzano
11;7180;38123;Villazzano
12;7180;38123;Villazzano
12;7180;38123;Villazzano
13;7180;38123;Villazzano
13;7180;38123;Villazzano
14;7180;38123;Villazzano
14;7180;38123;Villazzano
15;7180;38123;Villazzano
17;7180;38123;Villazzano
17;7180;38123;Villazzano
19;7180;38123;Villazzano
19;7180;38123;Villazzano
21;7180;38123;Villazzano
21;7180;38123;Villazzano
23;7180;38123;Villazzano
23;7180;38123;Villazzano
25;7180;38123;Villazzano
25;7180;38123;Villazzano
27;7180;38123;Villazzano
27;7180;38123;Villazzano
29;7180;38123;Villazzano
31;7180;38123;Villazzano
33;7180;38123;Villazzano
35;7180;38123;Villazzano
36;7180;38123;Villazzano
38;7180;38123;Villazzano
40;7180;38123;Villazzano
42;7180;38123;Villazzano
44;7180;38123;Villazzano
46;7180;38123;Villazzano
26;7190;38123;Villazzano
48;7180;38123;Villazzano
50;7180;38123;Villazzano
52;7180;38123;Villazzano
54;7180;38123;Villazzano
56;7180;38123;Villazzano
58;7180;38123;Villazzano
60;7180;38123;Villazzano
62;7180;38123;Villazzano
64;7180;38123;Villazzano
66;7180;38123;Villazzano
68;7180;38123;Villazzano
70;7180;38123;Villazzano
72;7180;38123;Villazzano
74;7180;38123;Villazzano
76;7180;38123;Villazzano
148;7180;38123;Villazzano
150;7180;38123;Villazzano
152;7180;38123;Villazzano
154;7180;38123;Villazzano
156;7180;38123;Villazzano
158;7180;38123;Villazzano
160;7180;38123;Villazzano
162;7180;38123;Villazzano
164;7180;38123;Villazzano
166;7180;38123;Villazzano
168;7180;38123;Villazzano
170;7180;38123;Villazzano
172;7180;38123;Villazzano
174;7180;38123;Villazzano
176;7180;38123;Villazzano
178;7180;38123;Villazzano
180;7180;38123;Villazzano
182;7180;38123;Villazzano
184;7180;38123;Villazzano
186;7180;38123;Villazzano
188;7180;38123;Villazzano
190;7180;38123;Villazzano
192;7180;38123;Villazzano
194;7180;38123;Villazzano
196;7180;38123;Villazzano
198;7180;38123;Villazzano
200;7180;38123;Villazzano
202;7180;38123;Villazzano
204;7180;38123;Villazzano
206;7180;38123;Villazzano
208;7180;38123;Villazzano
210;7180;38123;Villazzano
212;7180;38123;Villazzano
214;7180;38123;Villazzano
216;7180;38123;Villazzano
218;7180;38123;Villazzano
220;7180;38123;Villazzano
222;7180;38123;Villazzano
224;7180;38123;Villazzano
226;7180;38123;Villazzano
228;7180;38123;Villazzano
230;7180;38123;Villazzano
232;7180;38123;Villazzano
234;7180;38123;Villazzano
236;7180;38123;Villazzano
238;7180;38123;Villazzano
240;7180;38123;Villazzano
242;7180;38123;Villazzano
244;7180;38123;Villazzano
246;7180;38123;Villazzano
248;7180;38123;Villazzano
250;7180;38123;Villazzano
252;7180;38123;Villazzano
254;7180;38123;Villazzano
256;7180;38123;Villazzano
258;7180;38123;Villazzano
260;7180;38123;Villazzano
262;7180;38123;Villazzano
264;7180;38123;Villazzano
266;7180;38123;Villazzano
268;7180;38123;Villazzano
270;7180;38123;Villazzano
272;7180;38123;Villazzano
274;7180;38123;Villazzano
276;7180;38123;Villazzano
278;7180;38123;Villazzano
280;7180;38123;Villazzano
282;7180;38123;Villazzano
286;7180;38123;Villazzano
286;7180;38123;Villazzano
1;7190;38123;Villazzano
2;7190;38123;Villazzano
2;7190;38123;Villazzano
2;7190;38123;Villazzano
2;7190;38123;Villazzano
3;7190;38123;Villazzano
3;7190;38123;Villazzano
5;7190;38123;Villazzano
5;7190;38123;Villazzano
9;7190;38123;Villazzano
11;7190;38123;Villazzano
13;7190;38123;Villazzano
15;7190;38123;Villazzano
17;7190;38123;Villazzano
19;7190;38123;Villazzano
21;7190;38123;Villazzano
23;7190;38123;Villazzano
24;7190;38123;Villazzano
24;7190;38123;Villazzano
26;7190;38123;Villazzano
27;7190;38123;Villazzano
28;7190;38123;Villazzano
28;7190;38123;Villazzano
28;7190;38123;Villazzano
28;7190;38123;Villazzano
29;7190;38123;Villazzano
30;7190;38123;Villazzano
30;7190;38123;Villazzano
31;7190;38123;Villazzano
33;7190;38123;Villazzano
35;7190;38123;Villazzano
37;7190;38123;Villazzano
37;7190;38123;Villazzano
39;7190;38123;Villazzano
41;7190;38123;Villazzano
41/1;7190;38123;Villazzano
43;7190;38123;Villazzano
45;7190;38123;Villazzano
47;7190;38123;Villazzano
49;7190;38123;Villazzano
51;7190;38123;Villazzano
53;7190;38123;Villazzano
53/1;7190;38123;Villazzano
53/1;7190;38123;Villazzano
53/1;7190;38123;Villazzano
53/1;7190;38123;Villazzano
53/1;7190;38123;Villazzano
53/1;7190;38123;Villazzano
53/1;7190;38123;Villazzano
55;7190;38123;Villazzano
55;7190;38123;Villazzano
57;7190;38123;Villazzano
57;7190;38123;Villazzano
59;7190;38123;Villazzano
59;7190;38123;Villazzano
61;7190;38123;Villazzano
61;7190;38123;Villazzano
63;7190;38123;Villazzano
63;7190;38123;Villazzano
65;7190;38123;Villazzano
65;7190;38123;Villazzano
67;7190;38123;Villazzano
67;7190;38123;Villazzano
69;7190;38123;Villazzano
69;7190;38123;Villazzano
71;7190;38123;Villazzano
71;7190;38123;Villazzano
73;7190;38123;Villazzano
73;7190;38123;Villazzano
75;7190;38123;Villazzano
75;7190;38123;Villazzano
77;7190;38123;Villazzano
77;7190;38123;Villazzano
79;7190;38123;Villazzano
81;7190;38123;Villazzano
85;7190;38123;Villazzano
85;7190;38123;Villazzano
1;7200;38123;Villazzano
2;7200;38123;Villazzano
3;7200;38123;Villazzano
3;7200;38123;Villazzano
4;7200;38123;Villazzano
5;7200;38123;Villazzano
5;7200;38123;Villazzano
6;7200;38123;Villazzano
6;7200;38123;Villazzano
7;7200;38123;Villazzano
7;7200;38123;Villazzano
7;7200;38123;Villazzano
9;7200;38123;Villazzano
9;7200;38123;Villazzano
9;7200;38123;Villazzano
11;7200;38123;Villazzano
13;7200;38123;Villazzano
13;7200;38123;Villazzano
15;7200;38123;Villazzano
17;7200;38123;Villazzano
19;7200;38123;Villazzano
19;7200;38123;Villazzano
21;7200;38123;Villazzano
23;7200;38123;Villazzano
23;7200;38123;Villazzano
25;7200;38123;Villazzano
25;7200;38123;Villazzano
27;7200;38123;Villazzano
27;7200;38123;Villazzano
29;7200;38123;Villazzano
29;7200;38123;Villazzano
31;7200;38123;Villazzano
33;7200;38123;Villazzano
35;7200;38123;Villazzano
37;7200;38123;Villazzano
39;7200;38123;Villazzano
41;7200;38123;Villazzano
43;7200;38123;Villazzano
45;7200;38123;Villazzano
47;7200;38123;Villazzano
49;7200;38123;Villazzano
51;7200;38123;Villazzano
53;7200;38123;Villazzano
55;7200;38123;Villazzano
55;7200;38123;Villazzano
55/1;7200;38123;Villazzano
55/1;7200;38123;Villazzano
57;7200;38123;Villazzano
57;7200;38123;Villazzano
59;7200;38123;Villazzano
59;7200;38123;Villazzano
61;7200;38123;Villazzano
61;7200;38123;Villazzano
61;7200;38123;Villazzano
61;7200;38123;Villazzano
63;7200;38123;Villazzano
63;7200;38123;Villazzano
67;7200;38123;Villazzano
67;7200;38123;Villazzano
67;7200;38123;Villazzano
69;7200;38123;Villazzano
69;7200;38123;Villazzano
73;7200;38123;Villazzano
73;7200;38123;Villazzano
75;7200;38123;Villazzano
75;7200;38123;Villazzano
75;7200;38123;Villazzano
77;7200;38123;Villazzano
77;7200;38123;Villazzano
79;7200;38123;Villazzano
79;7200;38123;Villazzano
81;7200;38123;Villazzano
1;7210;38123;Villazzano
1;7210;38123;Villazzano
1;7210;38123;Villazzano
1;7210;38123;Villazzano
3;7210;38123;Villazzano
5;7210;38123;Villazzano
9;7210;38123;Villazzano
9;7210;38123;Villazzano
11;7210;38123;Villazzano
11;7210;38123;Villazzano
13;7210;38123;Villazzano
13;7210;38123;Villazzano
15;7210;38123;Villazzano
15;7210;38123;Villazzano
17;7210;38123;Villazzano
17;7210;38123;Villazzano
60;7335;38123;Povo
17;7210;38123;Villazzano
17;7210;38123;Villazzano
17;7210;38123;Villazzano
21;7210;38123;Villazzano
21;7210;38123;Villazzano
22;7210;38123;Villazzano
22;7210;38123;Villazzano
23;7210;38123;Villazzano
23;7210;38123;Villazzano
24;7210;38123;Villazzano
24;7210;38123;Villazzano
24;7210;38123;Villazzano
25;7210;38123;Villazzano
25;7210;38123;Villazzano
26;7210;38123;Villazzano
26;7210;38123;Villazzano
27;7210;38123;Villazzano
27;7210;38123;Villazzano
27;7210;38123;Villazzano
27;7210;38123;Villazzano
27;7210;38123;Villazzano
27;7210;38123;Villazzano
27;7210;38123;Villazzano
28;7210;38123;Villazzano
28;7210;38123;Villazzano
31;7210;38123;Villazzano
31-gen;7210;38123;Villazzano
31/2;7210;38123;Villazzano
31/2;7210;38123;Villazzano
31-mar;7210;38123;Villazzano
31-mar;7210;38123;Villazzano
31/4;7210;38123;Villazzano
31/4;7210;38123;Villazzano
31-mag;7210;38123;Villazzano
31-mag;7210;38123;Villazzano
31-mag;7210;38123;Villazzano
33;7210;38123;Villazzano
35;7210;38123;Villazzano
37;7210;38123;Villazzano
39;7210;38123;Villazzano
39;7210;38123;Villazzano
1;7220;38123;Villazzano
2;7220;38123;Villazzano
2;7220;38123;Villazzano
3;7220;38123;Villazzano
3;7220;38123;Villazzano
4;7220;38123;Villazzano
5;7220;38123;Villazzano
5;7220;38123;Villazzano
5;7220;38123;Villazzano
5;7220;38123;Villazzano
6;7220;38123;Villazzano
6;7220;38123;Villazzano
6;7220;38123;Villazzano
6;7220;38123;Villazzano
7;7220;38123;Villazzano
8;7220;38123;Villazzano
8;7220;38123;Villazzano
9;7220;38123;Villazzano
9;7220;38123;Villazzano
10;7220;38123;Villazzano
11;7220;38123;Villazzano
11;7220;38123;Villazzano
12;7220;38123;Villazzano
14;7220;38123;Villazzano
16;7220;38123;Villazzano
18;7220;38123;Villazzano
20;7220;38123;Villazzano
20;7220;38123;Villazzano
22;7220;38123;Villazzano
22;7220;38123;Villazzano
2;7230;38123;Villazzano
2;7230;38123;Villazzano
3;7230;38123;Villazzano
3;7230;38123;Villazzano
4;7230;38123;Villazzano
4;7230;38123;Villazzano
6;7230;38123;Villazzano
6;7230;38123;Villazzano
7;7230;38123;Villazzano
7;7230;38123;Villazzano
8;7230;38123;Villazzano
8;7230;38123;Villazzano
9;7230;38123;Villazzano
10;7230;38123;Villazzano
10;7230;38123;Villazzano
11;7230;38123;Villazzano
11;7230;38123;Villazzano
12;7230;38123;Villazzano
12;7230;38123;Villazzano
13;7230;38123;Villazzano
13;7230;38123;Villazzano
14;7230;38123;Villazzano
14;7230;38123;Villazzano
15;7230;38123;Villazzano
15;7230;38123;Villazzano
16/A;7230;38123;Villazzano
16/B;7230;38123;Villazzano
16/B;7230;38123;Villazzano
16/C;7230;38123;Villazzano
16/D;7230;38123;Villazzano
16/D;7230;38123;Villazzano
16/D;7230;38123;Villazzano
16/D;7230;38123;Villazzano
16/E;7230;38123;Villazzano
17;7230;38123;Villazzano
18;7230;38123;Villazzano
18;7230;38123;Villazzano
19;7230;38123;Villazzano
19;7230;38123;Villazzano
20;7230;38123;Villazzano
20;7230;38123;Villazzano
20-gen;7230;38123;Villazzano
20-ott;7230;38123;Villazzano
20-nov;7230;38123;Villazzano
20-dic;7230;38123;Villazzano
20/13;7230;38123;Villazzano
20/14;7230;38123;Villazzano
20/15;7230;38123;Villazzano
20/16;7230;38123;Villazzano
20/17;7230;38123;Villazzano
20-feb;7230;38123;Villazzano
20-mar;7230;38123;Villazzano
20-apr;7230;38123;Villazzano
20-mag;7230;38123;Villazzano
20-giu;7230;38123;Villazzano
20-lug;7230;38123;Villazzano
20-ago;7230;38123;Villazzano
20-set;7230;38123;Villazzano
21;7230;38123;Villazzano
21;7230;38123;Villazzano
21;7230;38123;Villazzano
22;7230;38123;Villazzano
23;7230;38123;Villazzano
23;7230;38123;Villazzano
24;7230;38123;Villazzano
25;7230;38123;Villazzano
25;7230;38123;Villazzano
26;7230;38123;Villazzano
27;7230;38123;Villazzano
27;7230;38123;Villazzano
28;7230;38123;Villazzano
28;7230;38123;Villazzano
29;7230;38123;Villazzano
29/A;7230;38123;Villazzano
30;7230;38123;Villazzano
31;7230;38123;Villazzano
32;7230;38123;Villazzano
33;7230;38123;Villazzano
33;7230;38123;Villazzano
34;7230;38123;Villazzano
35;7230;38123;Villazzano
35/1;7230;38123;Villazzano
36;7230;38123;Villazzano
37;7230;38123;Villazzano
37;7230;38123;Villazzano
37/1;7230;38123;Villazzano
39;7230;38123;Villazzano
41;7230;38123;Villazzano
41;7230;38123;Villazzano
41;7230;38123;Villazzano
41/1;7230;38123;Villazzano
43;7230;38123;Villazzano
43/1;7230;38123;Villazzano
45;7230;38123;Villazzano
45;7230;38123;Villazzano
47;7230;38123;Villazzano
47;7230;38123;Villazzano
47/1;7230;38123;Villazzano
49;7230;38123;Villazzano
49/1;7230;38123;Villazzano
51;7230;38123;Villazzano
51/1;7230;38123;Villazzano
53;7230;38123;Villazzano
53;7230;38123;Villazzano
53/1;7230;38123;Villazzano
55;7230;38123;Villazzano
55/1;7230;38123;Villazzano
57;7230;38123;Villazzano
57/1;7230;38123;Villazzano
59;7230;38123;Villazzano
61;7230;38123;Villazzano
61;7230;38123;Villazzano
61/1;7230;38123;Villazzano
63;7230;38123;Villazzano
63;7230;38123;Villazzano
63/1;7230;38123;Villazzano
65;7230;38123;Villazzano
65;7230;38123;Villazzano
67;7230;38123;Villazzano
67;7230;38123;Villazzano
69;7230;38123;Villazzano
77;7230;38123;Villazzano
77;7230;38123;Villazzano
1;7240;38123;Villazzano
1/A;7240;38123;Villazzano
1/B;7240;38123;Villazzano
1/B;7240;38123;Villazzano
1/C;7240;38123;Villazzano
1/D;7240;38123;Villazzano
1/D;7240;38123;Villazzano
2;7240;38123;Villazzano
2/A;7240;38123;Villazzano
3;7240;38123;Villazzano
3;7240;38123;Villazzano
4;7240;38123;Villazzano
5;7240;38123;Villazzano
6;7240;38123;Villazzano
6/A;7240;38123;Villazzano
6/A;7240;38123;Villazzano
6/B;7240;38123;Villazzano
6/C;7240;38123;Villazzano
7;7240;38123;Villazzano
7;7240;38123;Villazzano
8;7240;38123;Villazzano
8;7240;38123;Villazzano
9;7240;38123;Villazzano
9;7240;38123;Villazzano
10;7240;38123;Villazzano
10;7240;38123;Villazzano
11;7240;38123;Villazzano
12;7240;38123;Villazzano
13;7240;38123;Villazzano
14;7240;38123;Villazzano
15;7240;38123;Villazzano
15;7240;38123;Villazzano
16;7240;38123;Villazzano
17;7240;38123;Villazzano
17;7240;38123;Villazzano
17-gen;7240;38123;Villazzano
17-apr;7240;38123;Villazzano
17-apr;7240;38123;Villazzano
17/A;7240;38123;Villazzano
17/A;7240;38123;Villazzano
17/B;7240;38123;Villazzano
17/B;7240;38123;Villazzano
17/B;7240;38123;Villazzano
17/B;7240;38123;Villazzano
17/C;7240;38123;Villazzano
17/D;7240;38123;Villazzano
17/D;7240;38123;Villazzano
17/E;7240;38123;Villazzano
17/F;7240;38123;Villazzano
18;7240;38123;Villazzano
18;7240;38123;Villazzano
18/A;7240;38123;Villazzano
18/A;7240;38123;Villazzano
18/A;7240;38123;Villazzano
18/A;7240;38123;Villazzano
18/A;7240;38123;Villazzano
19;7240;38123;Villazzano
19;7240;38123;Villazzano
19;7240;38123;Villazzano
19;7240;38123;Villazzano
19-gen;7240;38123;Villazzano
19-gen;7240;38123;Villazzano
19-feb;7240;38123;Villazzano
19-feb;7240;38123;Villazzano
19-mar;7240;38123;Villazzano
19-apr;7240;38123;Villazzano
19-mag;7240;38123;Villazzano
21;7240;38123;Villazzano
21;7240;38123;Villazzano
22;7240;38123;Villazzano
22/A;7240;38123;Villazzano
23;7240;38123;Villazzano
23;7240;38123;Villazzano
24;7240;38123;Villazzano
25;7240;38123;Villazzano
25;7240;38123;Villazzano
26;7240;38123;Villazzano
28;7240;38123;Villazzano
30;7240;38123;Villazzano
31;7240;38123;Villazzano
31;7240;38123;Villazzano
33;7240;38123;Villazzano
33;7240;38123;Villazzano
33/1;7240;38123;Villazzano
33/2;7240;38123;Villazzano
34;7240;38123;Villazzano
34;7240;38123;Villazzano
35;7240;38123;Villazzano
36;7240;38123;Villazzano
37;7240;38123;Villazzano
38;7240;38123;Villazzano
38/A;7240;38123;Villazzano
39;7240;38123;Villazzano
40;7240;38123;Villazzano
40;7240;38123;Villazzano
40;7240;38123;Villazzano
41;7240;38123;Villazzano
41;7240;38123;Villazzano
41;7240;38123;Villazzano
42;7240;38123;Villazzano
42;7240;38123;Villazzano
43;7240;38123;Villazzano
43;7240;38123;Villazzano
44;7240;38123;Villazzano
44;7240;38123;Villazzano
45;7240;38123;Villazzano
46;7240;38123;Villazzano
48;7240;38123;Villazzano
50;7240;38123;Villazzano
50;7240;38123;Villazzano
52;7240;38123;Villazzano
54;7240;38123;Villazzano
56;7240;38123;Villazzano
56;7240;38123;Villazzano
58;7240;38123;Villazzano
1;7250;38123;Villazzano
2;7250;38123;Villazzano
2;7250;38123;Villazzano
2;7250;38123;Villazzano
2;7250;38123;Villazzano
3;7250;38123;Villazzano
3;7250;38123;Villazzano
4;7250;38123;Villazzano
4;7250;38123;Villazzano
5;7250;38123;Villazzano
5;7250;38123;Villazzano
5;7250;38123;Villazzano
6;7250;38123;Villazzano
6;7250;38123;Villazzano
06-gen;7250;38123;Villazzano
06-gen;7250;38123;Villazzano
7;7250;38123;Villazzano
7/A;7250;38123;Villazzano
7/A;7250;38123;Villazzano
8;7250;38123;Villazzano
8;7250;38123;Villazzano
8;7250;38123;Villazzano
9;7250;38123;Villazzano
10;7250;38123;Villazzano
11;7250;38123;Villazzano
12;7250;38123;Villazzano
12;7250;38123;Villazzano
13;7250;38123;Villazzano
14;7250;38123;Villazzano
1;7260;38123;Villazzano
1;7260;38123;Villazzano
01-gen;7260;38123;Villazzano
01-gen;7260;38123;Villazzano
2;7260;38123;Villazzano
3;7260;38123;Villazzano
3/A;7260;38123;Villazzano
4;7260;38123;Villazzano
5;7260;38123;Villazzano
6;7260;38123;Villazzano
6;7260;38123;Villazzano
7;7260;38123;Villazzano
8;7260;38123;Villazzano
8;7260;38123;Villazzano
9;7260;38123;Villazzano
10;7260;38123;Villazzano
10;7260;38123;Villazzano
11;7260;38123;Villazzano
12;7260;38123;Villazzano
12;7260;38123;Villazzano
12/A;7260;38123;Villazzano
12/A;7260;38123;Villazzano
13;7260;38123;Villazzano
14;7260;38123;Villazzano
14;7260;38123;Villazzano
14/A;7260;38123;Villazzano
14/A;7260;38123;Villazzano
14/B;7260;38123;Villazzano
15;7260;38123;Villazzano
16;7260;38123;Villazzano
16;7260;38123;Villazzano
16;7260;38123;Villazzano
16;7260;38123;Villazzano
17;7260;38123;Villazzano
18;7260;38123;Villazzano
18;7260;38123;Villazzano
19;7260;38123;Villazzano
20;7260;38123;Villazzano
21;7260;38123;Villazzano
21;7260;38123;Villazzano
22;7260;38123;Villazzano
22;7260;38123;Villazzano
23;7260;38123;Villazzano
25;7260;38123;Villazzano
28;7260;38123;Villazzano
29;7260;38123;Villazzano
29;7260;38123;Villazzano
29;7260;38123;Villazzano
30;7260;38123;Villazzano
30;7260;38123;Villazzano
30/A;7260;38123;Villazzano
30/A;7260;38123;Villazzano
30/B;7260;38123;Villazzano
30/B;7260;38123;Villazzano
30/B;7260;38123;Villazzano
32;7260;38123;Villazzano
32;7260;38123;Villazzano
32;7260;38123;Villazzano
33;7260;38123;Villazzano
33;7260;38123;Villazzano
33;7260;38123;Villazzano
34;7260;38123;Villazzano
34;7260;38123;Villazzano
35;7260;38123;Villazzano
35;7260;38123;Villazzano
35;7260;38123;Villazzano
35/A;7260;38123;Villazzano
35/A;7260;38123;Villazzano
35/A;7260;38123;Villazzano
35/A;7260;38123;Villazzano
38;7260;38123;Villazzano
39;7260;38123;Villazzano
39;7260;38123;Villazzano
40;7260;38123;Villazzano
42;7260;38123;Villazzano
44;7260;38123;Villazzano
46;7260;38123;Villazzano
46;7260;38123;Villazzano
48;7260;38123;Villazzano
1;7261;38123;Villazzano
1;7261;38123;Villazzano
3;7261;38123;Villazzano
4;7261;38123;Villazzano
4;7261;38123;Villazzano
4;7261;38123;Villazzano
4;7261;38123;Villazzano
4;7261;38123;Villazzano
6;7261;38123;Villazzano
6;7261;38123;Villazzano
9;7261;38123;Villazzano
10;7261;38123;Villazzano
10;7261;38123;Villazzano
11;7261;38123;Villazzano
12;7261;38123;Villazzano
12;7261;38123;Villazzano
14;7261;38123;Villazzano
14;7261;38123;Villazzano
15;7261;38123;Villazzano
15;7261;38123;Villazzano
17;7261;38123;Villazzano
17;7261;38123;Villazzano
18;7261;38123;Villazzano
18;7261;38123;Villazzano
19;7261;38123;Villazzano
20;7261;38123;Villazzano
20;7261;38123;Villazzano
21;7261;38123;Villazzano
21;7261;38123;Villazzano
21;7261;38123;Villazzano
1;7262;38123;Villazzano
1;7262;38123;Villazzano
2;7262;38123;Villazzano
2;7262;38123;Villazzano
4;7262;38123;Villazzano
4;7262;38123;Villazzano
5;7262;38123;Villazzano
6;7262;38123;Villazzano
6;7262;38123;Villazzano
7;7262;38123;Villazzano
9;7262;38123;Villazzano
10;7262;38123;Villazzano
10;7262;38123;Villazzano
11;7262;38123;Villazzano
12;7262;38123;Villazzano
13;7262;38123;Villazzano
14;7262;38123;Villazzano
15;7262;38123;Villazzano
15;7262;38123;Villazzano
16;7262;38123;Villazzano
16;7262;38123;Villazzano
17;7262;38123;Villazzano
18;7262;38123;Villazzano
18;7262;38123;Villazzano
19;7262;38123;Villazzano
20;7262;38123;Villazzano
22;7262;38123;Villazzano
24;7262;38123;Villazzano
24;7262;38123;Villazzano
25;7262;38123;Villazzano
25;7262;38123;Villazzano
25;7262;38123;Villazzano
27;7262;38123;Villazzano
29;7262;38123;Villazzano
4;7263;38123;Villazzano
4;7263;38123;Villazzano
6;7263;38123;Villazzano
6;7263;38123;Villazzano
7;7263;38123;Villazzano
8;7263;38123;Villazzano
8;7263;38123;Villazzano
10;7263;38123;Villazzano
10;7263;38123;Villazzano
12;7263;38123;Villazzano
12;7263;38123;Villazzano
13;7263;38123;Villazzano
13;7263;38123;Villazzano
14;7263;38123;Villazzano
14;7263;38123;Villazzano
15;7263;38123;Villazzano
15;7263;38123;Villazzano
17;7263;38123;Villazzano
17;7263;38123;Villazzano
20;7263;38123;Villazzano
20;7263;38123;Villazzano
20;7263;38123;Villazzano
20;7263;38123;Villazzano
21;7263;38123;Villazzano
21;7263;38123;Villazzano
23;7263;38123;Villazzano
23;7263;38123;Villazzano
24;7263;38123;Villazzano
24;7263;38123;Villazzano
25;7263;38123;Villazzano
25;7263;38123;Villazzano
26;7263;38123;Villazzano
26;7263;38123;Villazzano
27;7263;38123;Villazzano
29;7263;38123;Villazzano
29;7263;38123;Villazzano
31;7263;38123;Villazzano
31;7263;38123;Villazzano
33;7263;38123;Villazzano
33;7263;38123;Villazzano
5;7264;38123;Villazzano
5;7264;38123;Villazzano
6;7264;38123;Villazzano
6;7264;38123;Villazzano
10;7264;38123;Villazzano
14;7264;38123;Villazzano
14;7264;38123;Villazzano
16;7264;38123;Villazzano
16;7264;38123;Villazzano
1;7265;38123;Villazzano
3;7265;38123;Villazzano
3;7265;38123;Villazzano
4;7265;38123;Villazzano
5;7265;38123;Villazzano
5;7265;38123;Villazzano
5;7265;38123;Villazzano
6;7265;38123;Villazzano
7;7265;38123;Villazzano
8;7265;38123;Villazzano
8;7265;38123;Villazzano
9;7265;38123;Villazzano
9;7265;38123;Villazzano
11;7265;38123;Villazzano
11;7265;38123;Villazzano
13;7265;38123;Villazzano
13;7265;38123;Villazzano
15;7265;38123;Villazzano
15;7265;38123;Villazzano
17;7265;38123;Villazzano
17;7265;38123;Villazzano
19;7265;38123;Villazzano
19;7265;38123;Villazzano
21;7265;38123;Villazzano
21;7265;38123;Villazzano
23;7265;38123;Villazzano
23;7265;38123;Villazzano
25;7265;38123;Villazzano
25;7265;38123;Villazzano
3;7267;38123;Villazzano
3;7267;38123;Villazzano
5;7267;38123;Villazzano
5;7267;38123;Villazzano
6;7267;38123;Villazzano
6;7267;38123;Villazzano
11;7267;38123;Villazzano
11;7267;38123;Villazzano
12;7267;38123;Villazzano
12;7267;38123;Villazzano
13;7267;38123;Villazzano
13;7267;38123;Villazzano
14;7267;38123;Villazzano
14;7267;38123;Villazzano
15;7267;38123;Villazzano
17;7267;38123;Villazzano
19;7267;38123;Villazzano
21;7267;38123;Villazzano
25;7267;38123;Villazzano
25;7267;38123;Villazzano
31;7267;38123;Villazzano
1;7268;38123;Villazzano
1;7268;38123;Villazzano
2;7268;38123;Villazzano
2;7268;38123;Villazzano
3;7268;38123;Villazzano
3;7268;38123;Villazzano
4;7268;38123;Villazzano
4;7268;38123;Villazzano
4;7268;38123;Villazzano
5;7268;38123;Villazzano
5;7268;38123;Villazzano
7;7268;38123;Villazzano
7;7268;38123;Villazzano
1;7284;38123;Villazzano
1;7285;38123;Villazzano
1;7285;38123;Villazzano
3;7285;38123;Villazzano
3;7285;38123;Villazzano
5;7285;38123;Villazzano
5;7285;38123;Villazzano
6;7285;38123;Villazzano
6;7285;38123;Villazzano
6;7285;38123;Villazzano
7;7285;38123;Villazzano
7;7285;38123;Villazzano
9;7285;38123;Villazzano
11;7285;38123;Villazzano
13;7285;38123;Villazzano
15;7285;38123;Villazzano
17;7285;38123;Villazzano
18;7285;38123;Villazzano
18;7285;38123;Villazzano
19;7285;38123;Villazzano
21;7285;38123;Villazzano
23;7285;38123;Villazzano
25;7285;38123;Villazzano
27;7285;38123;Villazzano
29;7285;38123;Villazzano
31;7285;38123;Villazzano
33;7285;38123;Villazzano
35;7285;38123;Villazzano
37;7285;38123;Villazzano
39;7285;38123;Villazzano
60;7335;38123;Povo
41;7285;38123;Villazzano
43;7285;38123;Villazzano
45;7285;38123;Villazzano
47;7285;38123;Villazzano
49;7285;38123;Villazzano
51;7285;38123;Villazzano
53;7285;38123;Villazzano
55;7285;38123;Villazzano
57;7285;38123;Villazzano
59;7285;38123;Villazzano
59;7285;38123;Villazzano
61;7285;38123;Villazzano
63;7285;38123;Villazzano
65;7285;38123;Villazzano
65;7285;38123;Villazzano
67;7285;38123;Villazzano
67;7285;38123;Villazzano
71;7285;38123;Villazzano
73;7285;38123;Villazzano
75;7285;38123;Villazzano
77;7285;38123;Villazzano
79;7285;38123;Villazzano
81;7285;38123;Villazzano
83;7285;38123;Villazzano
85;7285;38123;Villazzano
87;7285;38123;Villazzano
89;7285;38123;Villazzano
91;7285;38123;Villazzano
93;7285;38123;Villazzano
95;7285;38123;Villazzano
97;7285;38123;Villazzano
99;7285;38123;Villazzano
101;7285;38123;Villazzano
103;7285;38123;Villazzano
105;7285;38123;Villazzano
107;7285;38123;Villazzano
109;7285;38123;Villazzano
111;7285;38123;Villazzano
113;7285;38123;Villazzano
115;7285;38123;Villazzano
117;7285;38123;Villazzano
119;7285;38123;Villazzano
121;7285;38123;Villazzano
123;7285;38123;Villazzano
125;7285;38123;Villazzano
127;7285;38123;Villazzano
129;7285;38123;Villazzano
131;7285;38123;Villazzano
133;7285;38123;Villazzano
135;7285;38123;Villazzano
137;7285;38123;Villazzano
139;7285;38123;Villazzano
141;7285;38123;Villazzano
143;7285;38123;Villazzano
1;7305;38123;Povo
1;7305;38123;Povo
1;7305;38123;Povo
01-gen;7305;38123;Povo
01-gen;7305;38123;Povo
2;7305;38123;Povo
2;7305;38123;Povo
3;7305;38123;Povo
4;7305;38123;Povo
4;7305;38123;Povo
04-gen;7305;38123;Povo
04-gen;7305;38123;Povo
04-gen;7305;38123;Povo
5;7305;38123;Povo
5;7305;38123;Povo
5;7305;38123;Povo
5;7305;38123;Povo
05-gen;7305;38123;Povo
05-gen;7305;38123;Povo
6;7305;38123;Povo
6;7305;38123;Povo
7;7305;38123;Povo
7;7305;38123;Povo
15;7305;38123;Povo
15;7305;38123;Povo
15;7305;38123;Povo
23;7305;38123;Povo
23;7305;38123;Povo
26;7305;38123;Povo
26;7305;38123;Povo
27;7305;38123;Povo
27;7305;38123;Povo
27;7305;38123;Povo
27;7305;38123;Povo
27;7305;38123;Povo
27;7305;38123;Povo
27;7305;38123;Povo
27/A;7305;38123;Povo
27/A;7305;38123;Povo
29;7305;38123;Povo
29;7305;38123;Povo
32;7305;38123;Povo
32;7305;38123;Povo
32/A;7305;38123;Povo
32/B;7305;38123;Povo
32/C;7305;38123;Povo
32/D;7305;38123;Povo
32/D;7305;38123;Povo
32/E;7305;38123;Povo
32/E;7305;38123;Povo
32/F;7305;38123;Povo
34;7305;38123;Povo
34;7305;38123;Povo
36;7305;38123;Povo
38;7305;38123;Povo
40;7305;38123;Povo
42;7305;38123;Povo
44;7305;38123;Povo
46;7305;38123;Povo
48;7305;38123;Povo
50;7305;38123;Povo
52;7305;38123;Povo
54;7305;38123;Povo
54/A;7305;38123;Povo
54/B;7305;38123;Povo
54/B;7305;38123;Povo
54/C;7305;38123;Povo
54/C;7305;38123;Povo
54/C;7305;38123;Povo
54/C;7305;38123;Povo
54/C;7305;38123;Povo
56;7305;38123;Povo
56;7305;38123;Povo
56/C;7305;38123;Povo
56/C;7305;38123;Povo
56/D;7305;38123;Povo
56/D;7305;38123;Povo
58;7305;38123;Povo
58;7305;38123;Povo
58/A;7305;38123;Povo
58/B;7305;38123;Povo
58/C;7305;38123;Povo
58/D;7305;38123;Povo
58/E;7305;38123;Povo
58/F;7305;38123;Povo
58/G;7305;38123;Povo
58/L;7305;38123;Povo
60;7305;38123;Povo
62;7305;38123;Povo
62;7305;38123;Povo
62;7305;38123;Povo
62/A;7305;38123;Povo
62/A;7305;38123;Povo
64;7305;38123;Povo
64/A;7305;38123;Povo
64/B;7305;38123;Povo
64/B;7305;38123;Povo
64/C;7305;38123;Povo
64/C;7305;38123;Povo
64/C;7305;38123;Povo
64/C;7305;38123;Povo
64/C;7305;38123;Povo
64/C;7305;38123;Povo
64/C;7305;38123;Povo
64/C;7305;38123;Povo
64/C;7305;38123;Povo
64/C;7305;38123;Povo
66;7305;38123;Povo
66/A;7305;38123;Povo
66/A;7305;38123;Povo
66/A;7305;38123;Povo
66/A;7305;38123;Povo
66/B;7305;38123;Povo
66/C;7305;38123;Povo
68;7305;38123;Povo
68;7305;38123;Povo
68;7305;38123;Povo
68;7305;38123;Povo
68/A;7305;38123;Povo
68/A;7305;38123;Povo
70;7305;38123;Povo
70;7305;38123;Povo
70/A;7305;38123;Povo
72;7305;38123;Povo
74;7305;38123;Povo
74;7305;38123;Povo
76;7305;38123;Povo
76;7305;38123;Povo
1;7315;38123;Povo
3;7315;38123;Povo
4;7315;38123;Povo
5;7315;38123;Povo
6;7315;38123;Povo
7;7315;38123;Povo
8;7315;38123;Povo
9;7315;38123;Povo
10;7315;38123;Povo
12;7315;38123;Povo
14;7315;38123;Povo
14;7315;38123;Povo
14;7315;38123;Povo
15;7315;38123;Povo
17;7315;38123;Povo
18;7315;38123;Povo
18;7315;38123;Povo
18;7315;38123;Povo
19;7315;38123;Povo
21;7315;38123;Povo
22;7315;38123;Povo
23;7315;38123;Povo
24;7315;38123;Povo
24;7315;38123;Povo
27;7315;38123;Povo
27;7315;38123;Povo
27;7315;38123;Povo
28;7315;38123;Povo
29;7315;38123;Povo
30;7315;38123;Povo
31;7315;38123;Povo
31;7315;38123;Povo
31-gen;7315;38123;Povo
31-gen;7315;38123;Povo
31-gen;7315;38123;Povo
31/2;7315;38123;Povo
31-mar;7315;38123;Povo
31/4;7315;38123;Povo
31-mag;7315;38123;Povo
31/6;7315;38123;Povo
33;7315;38123;Povo
35;7315;38123;Povo
35/A;7315;38123;Povo
37;7315;38123;Povo
39;7315;38123;Povo
41;7315;38123;Povo
43;7315;38123;Povo
45;7315;38123;Povo
47;7315;38123;Povo
47;7315;38123;Povo
49;7315;38123;Povo
49;7315;38123;Povo
51;7315;38123;Povo
51;7315;38123;Povo
53;7315;38123;Povo
55;7315;38123;Povo
55;7315;38123;Povo
57;7315;38123;Povo
57;7315;38123;Povo
1;7335;38123;Povo
1;7335;38123;Povo
2;7335;38123;Povo
2;7335;38123;Povo
6;7335;38123;Povo
7;7335;38123;Povo
7;7335;38123;Povo
7;7335;38123;Povo
8;7335;38123;Povo
8;7335;38123;Povo
9;7335;38123;Povo
9;7335;38123;Povo
12;7335;38123;Povo
12;7335;38123;Povo
14;7335;38123;Povo
14;7335;38123;Povo
16;7335;38123;Povo
16;7335;38123;Povo
18;7335;38123;Povo
18;7335;38123;Povo
20;7335;38123;Povo
20;7335;38123;Povo
20;7335;38123;Povo
20/A;7335;38123;Povo
20/A;7335;38123;Povo
20/A;7335;38123;Povo
20/A;7335;38123;Povo
20/A;7335;38123;Povo
20/A;7335;38123;Povo
20/A;7335;38123;Povo
22;7335;38123;Povo
22;7335;38123;Povo
23;7335;38123;Povo
23;7335;38123;Povo
24;7335;38123;Povo
24;7335;38123;Povo
24/A;7335;38123;Povo
25;7335;38123;Povo
25;7335;38123;Povo
26;7335;38123;Povo
26/A;7335;38123;Povo
29;7335;38123;Povo
30;7335;38123;Povo
31;7335;38123;Povo
31;7335;38123;Povo
32;7335;38123;Povo
32;7335;38123;Povo
33;7335;38123;Povo
33;7335;38123;Povo
34;7335;38123;Povo
34;7335;38123;Povo
35;7335;38123;Povo
35;7335;38123;Povo
36;7335;38123;Povo
36;7335;38123;Povo
37;7335;38123;Povo
37;7335;38123;Povo
37;7335;38123;Povo
37;7335;38123;Povo
39;7335;38123;Povo
39;7335;38123;Povo
40;7335;38123;Povo
41;7335;38123;Povo
41;7335;38123;Povo
42;7335;38123;Povo
42;7335;38123;Povo
42;7335;38123;Povo
44;7335;38123;Povo
44/A;7335;38123;Povo
44/B;7335;38123;Povo
45;7335;38123;Povo
45;7335;38123;Povo
46;7335;38123;Povo
47;7335;38123;Povo
47;7335;38123;Povo
47/A;7335;38123;Povo
47/A;7335;38123;Povo
49;7335;38123;Povo
49;7335;38123;Povo
50;7335;38123;Povo
50;7335;38123;Povo
50;7335;38123;Povo
52;7335;38123;Povo
52;7335;38123;Povo
53;7335;38123;Povo
53;7335;38123;Povo
54;7335;38123;Povo
54;7335;38123;Povo
55;7335;38123;Povo
55;7335;38123;Povo
55;7335;38123;Povo
57;7335;38123;Povo
57;7335;38123;Povo
59;7335;38123;Povo
59;7335;38123;Povo
59;7335;38123;Povo
60;7335;38123;Povo
60;7335;38123;Povo
60;7335;38123;Povo
60;7335;38123;Povo
60;7335;38123;Povo
61;7335;38123;Povo
63;7335;38123;Povo
64;7335;38123;Povo
64;7335;38123;Povo
65;7335;38123;Povo
65;7335;38123;Povo
65/A;7335;38123;Povo
65/A;7335;38123;Povo
67;7335;38123;Povo
67;7335;38123;Povo
67;7335;38123;Povo
67;7335;38123;Povo
68;7335;38123;Povo
68;7335;38123;Povo
69;7335;38123;Povo
71;7335;38123;Povo
71/A;7335;38123;Povo
73;7335;38123;Povo
73/A;7335;38123;Povo
75;7335;38123;Povo
10;7340;38123;Povo
11;7340;38123;Povo
12;7340;38123;Povo
13;7340;38123;Povo
13;7340;38123;Povo
13;7340;38123;Povo
14;7340;38123;Povo
14;7340;38123;Povo
16;7340;38123;Povo
16;7340;38123;Povo
17;7340;38123;Povo
17;7340;38123;Povo
18;7340;38123;Povo
18;7340;38123;Povo
19;7340;38123;Povo
19;7340;38123;Povo
19;7340;38123;Povo
20;7340;38123;Povo
20;7340;38123;Povo
22;7340;38123;Povo
23;7340;38123;Povo
23;7340;38123;Povo
24;7340;38123;Povo
24;7340;38123;Povo
25;7340;38123;Povo
25;7340;38123;Povo
26;7340;38123;Povo
26;7340;38123;Povo
27;7340;38123;Povo
30;7340;38123;Povo
31;7340;38123;Povo
32;7340;38123;Povo
33;7340;38123;Povo
33;7340;38123;Povo
34;7340;38123;Povo
36;7340;38123;Povo
36;7340;38123;Povo
37;7340;38123;Povo
37;7340;38123;Povo
38;7340;38123;Povo
38;7340;38123;Povo
39;7340;38123;Povo
39;7340;38123;Povo
40;7340;38123;Povo
40;7340;38123;Povo
41;7340;38123;Povo
41;7340;38123;Povo
42;7340;38123;Povo
42;7340;38123;Povo
42/1;7340;38123;Povo
42/1;7340;38123;Povo
43;7340;38123;Povo
43;7340;38123;Povo
43;7340;38123;Povo
43;7340;38123;Povo
44;7340;38123;Povo
44;7340;38123;Povo
44;7340;38123;Povo
47;7340;38123;Povo
47;7340;38123;Povo
48;7340;38123;Povo
48;7340;38123;Povo
49;7340;38123;Povo
49;7340;38123;Povo
51;7340;38123;Povo
52;7340;38123;Povo
52;7340;38123;Povo
52/A;7340;38123;Povo
52/A;7340;38123;Povo
53;7340;38123;Povo
53;7340;38123;Povo
54;7340;38123;Povo
54;7340;38123;Povo
55;7340;38123;Povo
55;7340;38123;Povo
56;7340;38123;Povo
56;7340;38123;Povo
57;7340;38123;Povo
57;7340;38123;Povo
59;7340;38123;Povo
59;7340;38123;Povo
60;7340;38123;Povo
60;7340;38123;Povo
60;7340;38123;Povo
61;7340;38123;Povo
62;7340;38123;Povo
64;7340;38123;Povo
64;7340;38123;Povo
17;7350;38123;Povo
64;7340;38123;Povo
65;7340;38123;Povo
65;7340;38123;Povo
66;7340;38123;Povo
66;7340;38123;Povo
67;7340;38123;Povo
67;7340;38123;Povo
67;7340;38123;Povo
68;7340;38123;Povo
69;7340;38123;Povo
69;7340;38123;Povo
70;7340;38123;Povo
70;7340;38123;Povo
70;7340;38123;Povo
71;7340;38123;Povo
71;7340;38123;Povo
72;7340;38123;Povo
72;7340;38123;Povo
73;7340;38123;Povo
73;7340;38123;Povo
74;7340;38123;Povo
74;7340;38123;Povo
75;7340;38123;Povo
75;7340;38123;Povo
76;7340;38123;Povo
77;7340;38123;Povo
77;7340;38123;Povo
77;7340;38123;Povo
78;7340;38123;Povo
78;7340;38123;Povo
78;7340;38123;Povo
79;7340;38123;Povo
79;7340;38123;Povo
80;7340;38123;Povo
81;7340;38123;Povo
17;7350;38123;Povo
83;7340;38123;Povo
83;7340;38123;Povo
85;7340;38123;Povo
85;7340;38123;Povo
86;7340;38123;Povo
86;7340;38123;Povo
87;7340;38123;Povo
87;7340;38123;Povo
88;7340;38123;Povo
89;7340;38123;Povo
90;7340;38123;Povo
90;7340;38123;Povo
90;7340;38123;Povo
91;7340;38123;Povo
91;7340;38123;Povo
91/A;7340;38123;Povo
91/A;7340;38123;Povo
91/B;7340;38123;Povo
91/B;7340;38123;Povo
92;7340;38123;Povo
92;7340;38123;Povo
93;7340;38123;Povo
93;7340;38123;Povo
94;7340;38123;Povo
94;7340;38123;Povo
96;7340;38123;Povo
96;7340;38123;Povo
97;7340;38123;Povo
97;7340;38123;Povo
97;7340;38123;Povo
98;7340;38123;Povo
98;7340;38123;Povo
99;7340;38123;Povo
100;7340;38123;Povo
101;7340;38123;Povo
102;7340;38123;Povo
102;7340;38123;Povo
103;7340;38123;Povo
103;7340;38123;Povo
104;7340;38123;Povo
1;7345;38123;Povo
2;7345;38123;Povo
3;7345;38123;Povo
4;7345;38123;Povo
5;7345;38123;Povo
5/A;7345;38123;Povo
5/B;7345;38123;Povo
5/C;7345;38123;Povo
6;7345;38123;Povo
06-gen;7345;38123;Povo
7;7345;38123;Povo
8;7345;38123;Povo
9;7345;38123;Povo
10;7345;38123;Povo
11;7345;38123;Povo
12;7345;38123;Povo
13;7345;38123;Povo
14;7345;38123;Povo
15;7345;38123;Povo
15;7345;38123;Povo
15;7345;38123;Povo
16;7345;38123;Povo
17;7345;38123;Povo
17;7345;38123;Povo
18;7345;38123;Povo
20;7345;38123;Povo
21;7345;38123;Povo
21;7345;38123;Povo
21;7345;38123;Povo
22;7345;38123;Povo
22-gen;7345;38123;Povo
22-ott;7345;38123;Povo
22-nov;7345;38123;Povo
22-dic;7345;38123;Povo
22/13;7345;38123;Povo
22/14;7345;38123;Povo
22/15;7345;38123;Povo
22/16;7345;38123;Povo
22/17;7345;38123;Povo
22/18;7345;38123;Povo
22/19;7345;38123;Povo
22-feb;7345;38123;Povo
22/20;7345;38123;Povo
22/21;7345;38123;Povo
22/22;7345;38123;Povo
22/23;7345;38123;Povo
22/24;7345;38123;Povo
22/25;7345;38123;Povo
22/26;7345;38123;Povo
22/27;7345;38123;Povo
22/28;7345;38123;Povo
22/29;7345;38123;Povo
22-mar;7345;38123;Povo
22/30;7345;38123;Povo
22/31;7345;38123;Povo
22/32;7345;38123;Povo
22/33;7345;38123;Povo
22/34;7345;38123;Povo
22/35;7345;38123;Povo
22/36;7345;38123;Povo
22/37;7345;38123;Povo
22/38;7345;38123;Povo
22/39;7345;38123;Povo
22-apr;7345;38123;Povo
22-mag;7345;38123;Povo
22-giu;7345;38123;Povo
22-lug;7345;38123;Povo
22-ago;7345;38123;Povo
22-set;7345;38123;Povo
22/A;7345;38123;Povo
22/A;7345;38123;Povo
23;7345;38123;Povo
24;7345;38123;Povo
24;7345;38123;Povo
26;7345;38123;Povo
26/A;7345;38123;Povo
26/A;7345;38123;Povo
27;7345;38123;Povo
28;7345;38123;Povo
28;7345;38123;Povo
29;7345;38123;Povo
29/A;7345;38123;Povo
29/A;7345;38123;Povo
29/B;7345;38123;Povo
29/B;7345;38123;Povo
30;7345;38123;Povo
30;7345;38123;Povo
30;7345;38123;Povo
30/A;7345;38123;Povo
31;7345;38123;Povo
31;7345;38123;Povo
32;7345;38123;Povo
32;7345;38123;Povo
33;7345;38123;Povo
33;7345;38123;Povo
34;7345;38123;Povo
34;7345;38123;Povo
34/1;7345;38123;Povo
35;7345;38123;Povo
35;7345;38123;Povo
36;7345;38123;Povo
37;7345;38123;Povo
37;7345;38123;Povo
39;7345;38123;Povo
39;7345;38123;Povo
41;7345;38123;Povo
41;7345;38123;Povo
43;7345;38123;Povo
43;7345;38123;Povo
45;7345;38123;Povo
45;7345;38123;Povo
1;7350;38123;Povo
1;7350;38123;Povo
1;7350;38123;Povo
1;7350;38123;Povo
1;7350;38123;Povo
1;7350;38123;Povo
2;7350;38123;Povo
2;7350;38123;Povo
2;7350;38123;Povo
2;7350;38123;Povo
3;7350;38123;Povo
4;7350;38123;Povo
04-gen;7350;38123;Povo
4/A;7350;38123;Povo
6;7350;38123;Povo
6/A;7350;38123;Povo
7;7350;38123;Povo
7;7350;38123;Povo
7;7350;38123;Povo
7/A;7350;38123;Povo
7/B;7350;38123;Povo
8;7350;38123;Povo
8;7350;38123;Povo
9;7350;38123;Povo
9/A;7350;38123;Povo
9/A;7350;38123;Povo
10;7350;38123;Povo
11;7350;38123;Povo
11;7350;38123;Povo
12;7350;38123;Povo
12;7350;38123;Povo
13;7350;38123;Povo
14;7350;38123;Povo
14;7350;38123;Povo
15;7350;38123;Povo
15;7350;38123;Povo
15;7350;38123;Povo
16;7350;38123;Povo
17;7350;38123;Povo
18;7350;38123;Povo
18;7350;38123;Povo
19;7350;38123;Povo
19;7350;38123;Povo
19;7350;38123;Povo
19/A;7350;38123;Povo
19/A;7350;38123;Povo
19/A;7350;38123;Povo
19/B;7350;38123;Povo
19/B;7350;38123;Povo
19/C;7350;38123;Povo
19/C;7350;38123;Povo
20;7350;38123;Povo
20;7350;38123;Povo
21;7350;38123;Povo
21;7350;38123;Povo
21;7350;38123;Povo
22;7350;38123;Povo
22;7350;38123;Povo
23;7350;38123;Povo
24;7350;38123;Povo
25;7350;38123;Povo
26;7350;38123;Povo
27;7350;38123;Povo
28;7350;38123;Povo
29;7350;38123;Povo
30;7350;38123;Povo
31;7350;38123;Povo
31/A;7350;38123;Povo
31/A;7350;38123;Povo
32;7350;38123;Povo
32/A;7350;38123;Povo
32/A;7350;38123;Povo
32/A;7350;38123;Povo
33;7350;38123;Povo
34;7350;38123;Povo
34;7350;38123;Povo
35;7350;38123;Povo
35;7350;38123;Povo
36;7350;38123;Povo
37;7350;38123;Povo
37;7350;38123;Povo
38;7350;38123;Povo
39;7350;38123;Povo
39;7350;38123;Povo
40;7350;38123;Povo
41;7350;38123;Povo
42;7350;38123;Povo
42;7350;38123;Povo
43;7350;38123;Povo
45;7350;38123;Povo
47;7350;38123;Povo
47;7350;38123;Povo
49;7350;38123;Povo
49;7350;38123;Povo
51;7350;38123;Povo
51/A;7350;38123;Povo
52;7350;38123;Povo
52;7350;38123;Povo
53;7350;38123;Povo
55;7350;38123;Povo
57;7350;38123;Povo
59;7350;38123;Povo
61;7350;38123;Povo
63;7350;38123;Povo
65;7350;38123;Povo
67;7350;38123;Povo
69;7350;38123;Povo
71;7350;38123;Povo
73;7350;38123;Povo
75;7350;38123;Povo
77;7350;38123;Povo
79;7350;38123;Povo
81;7350;38123;Povo
83;7350;38123;Povo
85;7350;38123;Povo
87;7350;38123;Povo
89;7350;38123;Povo
91;7350;38123;Povo
93;7350;38123;Povo
95;7350;38123;Povo
97;7350;38123;Povo
99;7350;38123;Povo
101;7350;38123;Povo
103;7350;38123;Povo
105;7350;38123;Povo
107;7350;38123;Povo
109;7350;38123;Povo
111;7350;38123;Povo
113;7350;38123;Povo
115;7350;38123;Povo
117;7350;38123;Povo
119;7350;38123;Povo
121;7350;38123;Povo
123;7350;38123;Povo
125;7350;38123;Povo
127;7350;38123;Povo
129;7350;38123;Povo
131;7350;38123;Povo
1;7355;38123;Povo
1;7355;38123;Povo
1/A;7355;38123;Povo
1/B;7355;38123;Povo
1/C;7355;38123;Povo
1/C;7355;38123;Povo
3;7355;38123;Povo
03-gen;7355;38123;Povo
03-feb;7355;38123;Povo
03-mar;7355;38123;Povo
03-apr;7355;38123;Povo
03-mag;7355;38123;Povo
03-giu;7355;38123;Povo
03-lug;7355;38123;Povo
03-ago;7355;38123;Povo
03-set;7355;38123;Povo
4;7355;38123;Povo
5;7355;38123;Povo
5;7355;38123;Povo
7;7355;38123;Povo
9;7355;38123;Povo
9;7355;38123;Povo
10;7355;38123;Povo
10;7355;38123;Povo
10;7355;38123;Povo
11;7355;38123;Povo
11;7355;38123;Povo
11;7355;38123;Povo
12;7355;38123;Povo
12;7355;38123;Povo
13;7355;38123;Povo
13;7355;38123;Povo
15;7355;38123;Povo
15;7355;38123;Povo
15;7355;38123;Povo
16;7355;38123;Povo
16;7355;38123;Povo
16;7355;38123;Povo
17;7355;38123;Povo
17;7355;38123;Povo
17;7355;38123;Povo
18;7355;38123;Povo
19;7355;38123;Povo
21;7355;38123;Povo
21;7355;38123;Povo
22;7355;38123;Povo
23;7355;38123;Povo
23;7355;38123;Povo
25;7355;38123;Povo
27;7355;38123;Povo
27;7355;38123;Povo
29;7355;38123;Povo
29;7355;38123;Povo
29;7355;38123;Povo
29/A;7355;38123;Povo
31;7355;38123;Povo
31;7355;38123;Povo
31;7355;38123;Povo
33;7355;38123;Povo
33;7355;38123;Povo
33;7355;38123;Povo
35;7355;38123;Povo
35;7355;38123;Povo
35;7355;38123;Povo
37;7355;38123;Povo
37;7355;38123;Povo
39;7355;38123;Povo
39;7355;38123;Povo
41;7355;38123;Povo
41;7355;38123;Povo
4;7370;38123;Povo
4;7370;38123;Povo
7;7370;38123;Povo
10;7370;38123;Povo
10;7370;38123;Povo
12;7370;38123;Povo
12;7370;38123;Povo
12;7370;38123;Povo
12;7370;38123;Povo
14;7370;38123;Povo
14;7370;38123;Povo
15;7370;38123;Povo
16;7370;38123;Povo
17;7370;38123;Povo
17;7370;38123;Povo
18;7370;38123;Povo
18;7370;38123;Povo
19;7370;38123;Povo
22;7370;38123;Povo
22;7370;38123;Povo
24;7370;38123;Povo
24;7370;38123;Povo
28;7370;38123;Povo
40;7370;38123;Povo
40;7370;38123;Povo
42;7370;38123;Povo
50;7370;38123;Povo
1;7375;38123;Povo
1;7375;38123;Povo
2/A;7375;38123;Povo
2/A;7375;38123;Povo
2/B;7375;38123;Povo
2/B;7375;38123;Povo
3;7375;38123;Povo
3;7375;38123;Povo
3/A;7375;38123;Povo
3/A;7375;38123;Povo
4;7375;38123;Povo
4;7375;38123;Povo
5;7375;38123;Povo
5;7375;38123;Povo
7;7375;38123;Povo
7;7375;38123;Povo
7;7375;38123;Povo
9;7375;38123;Povo
9;7375;38123;Povo
9;7375;38123;Povo
9;7375;38123;Povo
9;7375;38123;Povo
9;7375;38123;Povo
11;7375;38123;Povo
13;7375;38123;Povo
14;7375;38123;Povo
16;7375;38123;Povo
19;7375;38123;Povo
20;7375;38123;Povo
20/A;7375;38123;Povo
21;7375;38123;Povo
22;7375;38123;Povo
24;7375;38123;Povo
26;7375;38123;Povo
26;7375;38123;Povo
26;7375;38123;Povo
30;7375;38123;Povo
32;7375;38123;Povo
32/A;7375;38123;Povo
34;7375;38123;Povo
1;7380;38123;Povo
2;7380;38123;Povo
3;7380;38123;Povo
4;7380;38123;Povo
4;7380;38123;Povo
5;7380;38123;Povo
5;7380;38123;Povo
6;7380;38123;Povo
7;7380;38123;Povo
7/A;7380;38123;Povo
7/A;7380;38123;Povo
8;7380;38123;Povo
8;7380;38123;Povo
8;7380;38123;Povo
9;7380;38123;Povo
10;7380;38123;Povo
11;7380;38123;Povo
11;7380;38123;Povo
11;7380;38123;Povo
11;7380;38123;Povo
11;7380;38123;Povo
11;7380;38123;Povo
11;7380;38123;Povo
11;7380;38123;Povo
11;7380;38123;Povo
11;7380;38123;Povo
11;7380;38123;Povo
11;7380;38123;Povo
11/A;7380;38123;Povo
11/A;7380;38123;Povo
12;7380;38123;Povo
13;7380;38123;Povo
14;7380;38123;Povo
15;7380;38123;Povo
15;7380;38123;Povo
17;7380;38123;Povo
17;7380;38123;Povo
1;7385;38123;Povo
2;7385;38123;Povo
2;7385;38123;Povo
4;7385;38123;Povo
5;7385;38123;Povo
5;7385;38123;Povo
6;7385;38123;Povo
7;7385;38123;Povo
7;7385;38123;Povo
8;7385;38123;Povo
10;7385;38123;Povo
10;7385;38123;Povo
12;7385;38123;Povo
14;7385;38123;Povo
16;7385;38123;Povo
18;7385;38123;Povo
18;7385;38123;Povo
20;7385;38123;Povo
22;7385;38123;Povo
24;7385;38123;Povo
26;7385;38123;Povo
28;7385;38123;Povo
30;7385;38123;Povo
32;7385;38123;Povo
34;7385;38123;Povo
34;7385;38123;Povo
36;7385;38123;Povo
38;7385;38123;Povo
40;7385;38123;Povo
42;7385;38123;Povo
44;7385;38123;Povo
46;7385;38123;Povo
46;7385;38123;Povo
46;7385;38123;Povo
48;7385;38123;Povo
50;7385;38123;Povo
50;7385;38123;Povo
52;7385;38123;Povo
54;7385;38123;Povo
54;7385;38123;Povo
54;7385;38123;Povo
74;7385;38123;Povo
74/1;7385;38123;Povo
74/1;7385;38123;Povo
76;7385;38123;Povo
76;7385;38123;Povo
76;7385;38123;Povo
1;7390;38123;Povo
1;7390;38123;Povo
2;7390;38123;Povo
2;7390;38123;Povo
3;7390;38123;Povo
3;7390;38123;Povo
4;7390;38123;Povo
4;7390;38123;Povo
5;7390;38123;Povo
5;7390;38123;Povo
6;7390;38123;Povo
7;7390;38123;Povo
7;7390;38123;Povo
8;7390;38123;Povo
9;7390;38123;Povo
9;7390;38123;Povo
9;7390;38123;Povo
10;7390;38123;Povo
11;7390;38123;Povo
11;7390;38123;Povo
12;7390;38123;Povo
13;7390;38123;Povo
13;7390;38123;Povo
14;7390;38123;Povo
15;7390;38123;Povo
15;7390;38123;Povo
16;7390;38123;Povo
17;7390;38123;Povo
18;7390;38123;Povo
19;7390;38123;Povo
19;7390;38123;Povo
20;7390;38123;Povo
21;7390;38123;Povo
21;7390;38123;Povo
22;7390;38123;Povo
23;7390;38123;Povo
24;7390;38123;Povo
25;7390;38123;Povo
25;7390;38123;Povo
1;7395;38123;Povo
1;7395;38123;Povo
1;7395;38123;Povo
2;7395;38123;Povo
2;7395;38123;Povo
3;7395;38123;Povo
3;7395;38123;Povo
4;7395;38123;Povo
5;7395;38123;Povo
5;7395;38123;Povo
5;7395;38123;Povo
5;7395;38123;Povo
6;7395;38123;Povo
6;7395;38123;Povo
6;7395;38123;Povo
7;7395;38123;Povo
7;7395;38123;Povo
7/A;7395;38123;Povo
7/A;7395;38123;Povo
8;7395;38123;Povo
9;7395;38123;Povo
9;7395;38123;Povo
10;7395;38123;Povo
10;7395;38123;Povo
10;7395;38123;Povo
10;7395;38123;Povo
12;7395;38123;Povo
12;7395;38123;Povo
14;7395;38123;Povo
14;7395;38123;Povo
16;7395;38123;Povo
16;7395;38123;Povo
18;7395;38123;Povo
20;7395;38123;Povo
2;7400;38123;Povo
2/A;7400;38123;Povo
2/A;7400;38123;Povo
4;7400;38123;Povo
6;7400;38123;Povo
8;7400;38123;Povo
10;7400;38123;Povo
10;7400;38123;Povo
1;7405;38123;Povo
1;7405;38123;Povo
1/A;7405;38123;Povo
1/A;7405;38123;Povo
1/A;7405;38123;Povo
1/B;7405;38123;Povo
2;7405;38123;Povo
2;7405;38123;Povo
3;7405;38123;Povo
3;7405;38123;Povo
3;7405;38123;Povo
03-gen;7405;38123;Povo
03-gen;7405;38123;Povo
4;7405;38123;Povo
4;7405;38123;Povo
5;7405;38123;Povo
5;7405;38123;Povo
6;7405;38123;Povo
7;7405;38123;Povo
8;7405;38123;Povo
8;7405;38123;Povo
9;7405;38123;Povo
9;7405;38123;Povo
10;7405;38123;Povo
10;7405;38123;Povo
11;7405;38123;Povo
11;7405;38123;Povo
11;7405;38123;Povo
12;7405;38123;Povo
12;7405;38123;Povo
13;7405;38123;Povo
13;7405;38123;Povo
14;7405;38123;Povo
14;7405;38123;Povo
15;7405;38123;Povo
15;7405;38123;Povo
15;7405;38123;Povo
17;7405;38123;Povo
17;7405;38123;Povo
19;7405;38123;Povo
19;7405;38123;Povo
21;7405;38123;Povo
21;7405;38123;Povo
1;7410;38123;Povo
1;7410;38123;Povo
1;7410;38123;Povo
3;7410;38123;Povo
3;7410;38123;Povo
7;7410;38123;Povo
7;7410;38123;Povo
7/A;7410;38123;Povo
7/A;7410;38123;Povo
9;7410;38123;Povo
9;7410;38123;Povo
11;7410;38123;Povo
11;7410;38123;Povo
11;7410;38123;Povo
11;7410;38123;Povo
13;7410;38123;Povo
13;7410;38123;Povo
15;7410;38123;Povo
15;7410;38123;Povo
17;7410;38123;Povo
17;7410;38123;Povo
19;7410;38123;Povo
21;7410;38123;Povo
23;7410;38123;Povo
25;7410;38123;Povo
27;7410;38123;Povo
29;7410;38123;Povo
31;7410;38123;Povo
33;7410;38123;Povo
35;7410;38123;Povo
37;7410;38123;Povo
39;7410;38123;Povo
41;7410;38123;Povo
43;7410;38123;Povo
45;7410;38123;Povo
47;7410;38123;Povo
49;7410;38123;Povo
51;7410;38123;Povo
51;7410;38123;Povo
1;7415;38123;Povo
1;7415;38123;Povo
1/A;7415;38123;Povo
1/A;7415;38123;Povo
1/B;7415;38123;Povo
1/B;7415;38123;Povo
1/C;7415;38123;Povo
2;7415;38123;Povo
3;7415;38123;Povo
3;7415;38123;Povo
3;7415;38123;Povo
4;7415;38123;Povo
4;7415;38123;Povo
5;7415;38123;Povo
5;7415;38123;Povo
6;7415;38123;Povo
6;7415;38123;Povo
6;7415;38123;Povo
8;7415;38123;Povo
8;7415;38123;Povo
9;7415;38123;Povo
9;7415;38123;Povo
10;7415;38123;Povo
11;7415;38123;Povo
11;7415;38123;Povo
12;7415;38123;Povo
13;7415;38123;Povo
13;7415;38123;Povo
14;7415;38123;Povo
15;7415;38123;Povo
15;7415;38123;Povo
15/A;7415;38123;Povo
15/A;7415;38123;Povo
16;7415;38123;Povo
16;7415;38123;Povo
17;7415;38123;Povo
17;7415;38123;Povo
19;7415;38123;Povo
19;7415;38123;Povo
21;7415;38123;Povo
21;7415;38123;Povo
21-gen;7415;38123;Povo
21-gen;7415;38123;Povo
23;7415;38123;Povo
25;7415;38123;Povo
27;7415;38123;Povo
27;7415;38123;Povo
29;7415;38123;Povo
31;7415;38123;Povo
31;7415;38123;Povo
33;7415;38123;Povo
35;7415;38123;Povo
37;7415;38123;Povo
39;7415;38123;Povo
41;7415;38123;Povo
43;7415;38123;Povo
45;7415;38123;Povo
47;7415;38123;Povo
49;7415;38123;Povo
49;7415;38123;Povo
51;7415;38123;Povo
53;7415;38123;Povo
53;7415;38123;Povo
55;7415;38123;Povo
55;7415;38123;Povo
57;7415;38123;Povo
57;7415;38123;Povo
59;7415;38123;Povo
59;7415;38123;Povo
61;7415;38123;Povo
63;7415;38123;Povo
1;7420;38123;Povo
1;7420;38123;Povo
2;7420;38123;Povo
2;7420;38123;Povo
2;7420;38123;Povo
3;7420;38123;Povo
4;7420;38123;Povo
4;7420;38123;Povo
5;7420;38123;Povo
6;7420;38123;Povo
6;7420;38123;Povo
8;7420;38123;Povo
10;7420;38123;Povo
12;7420;38123;Povo
14;7420;38123;Povo
14;7420;38123;Povo
14/B;7420;38123;Povo
14/C;7420;38123;Povo
14/D;7420;38123;Povo
14/E;7420;38123;Povo
14/F;7420;38123;Povo
16;7420;38123;Povo
16;7420;38123;Povo
22;7420;38123;Povo
24;7420;38123;Povo
24;7420;38123;Povo
28;7420;38123;Povo
28;7420;38123;Povo
30;7420;38123;Povo
32;7420;38123;Povo
34;7420;38123;Povo
36;7420;38123;Povo
36;7420;38123;Povo
38;7420;38123;Povo
38;7420;38123;Povo
40;7420;38123;Povo
40;7420;38123;Povo
42;7420;38123;Povo
44;7420;38123;Povo
44;7420;38123;Povo
1;7425;38123;Povo
1;7425;38123;Povo
1;7425;38123;Povo
2;7425;38123;Povo
2;7425;38123;Povo
2;7425;38123;Povo
2;7425;38123;Povo
2;7425;38123;Povo
3;7425;38123;Povo
3;7425;38123;Povo
4;7425;38123;Povo
04-gen;7425;38123;Povo
04-feb;7425;38123;Povo
04-feb;7425;38123;Povo
04-mar;7425;38123;Povo
04-apr;7425;38123;Povo
04-apr;7425;38123;Povo
04-mag;7425;38123;Povo
04-mag;7425;38123;Povo
04-giu;7425;38123;Povo
04-giu;7425;38123;Povo
5;7425;38123;Povo
5;7425;38123;Povo
5;7425;38123;Povo
5/A;7425;38123;Povo
6;7425;38123;Povo
06-gen;7425;38123;Povo
06-gen;7425;38123;Povo
06-feb;7425;38123;Povo
06-feb;7425;38123;Povo
06-mar;7425;38123;Povo
06-mar;7425;38123;Povo
06-apr;7425;38123;Povo
06-apr;7425;38123;Povo
06-mag;7425;38123;Povo
06-mag;7425;38123;Povo
06-giu;7425;38123;Povo
06-lug;7425;38123;Povo
7;7425;38123;Povo
8;7425;38123;Povo
08-gen;7425;38123;Povo
08-gen;7425;38123;Povo
08-feb;7425;38123;Povo
08-mar;7425;38123;Povo
08-mar;7425;38123;Povo
08-apr;7425;38123;Povo
08-mag;7425;38123;Povo
08-giu;7425;38123;Povo
08-lug;7425;38123;Povo
9;7425;38123;Povo
10;7425;38123;Povo
10-gen;7425;38123;Povo
10-feb;7425;38123;Povo
10-feb;7425;38123;Povo
11;7425;38123;Povo
11/A;7425;38123;Povo
11/A;7425;38123;Povo
12;7425;38123;Povo
13;7425;38123;Povo
14;7425;38123;Povo
15;7425;38123;Povo
15;7425;38123;Povo
16;7425;38123;Povo
17;7425;38123;Povo
17;7425;38123;Povo
18;7425;38123;Povo
19;7425;38123;Povo
19;7425;38123;Povo
20;7425;38123;Povo
21;7425;38123;Povo
21;7425;38123;Povo
22;7425;38123;Povo
22;7425;38123;Povo
23;7425;38123;Povo
23;7425;38123;Povo
25;7425;38123;Povo
25;7425;38123;Povo
27;7425;38123;Povo
27/A;7425;38123;Povo
27/A;7425;38123;Povo
27/B;7425;38123;Povo
29;7425;38123;Povo
31;7425;38123;Povo
32;7425;38123;Povo
32;7425;38123;Povo
33;7425;38123;Povo
33;7425;38123;Povo
34;7425;38123;Povo
35;7425;38123;Povo
35;7425;38123;Povo
36;7425;38123;Povo
36;7425;38123;Povo
37;7425;38123;Povo
37;7425;38123;Povo
38;7425;38123;Povo
40;7425;38123;Povo
43;7425;38123;Povo
43;7425;38123;Povo
1;7430;38123;Povo
1;7430;38123;Povo
3;7430;38123;Povo
3;7430;38123;Povo
3;7430;38123;Povo
3;7430;38123;Povo
4;7430;38123;Povo
5;7430;38123;Povo
5;7430;38123;Povo
6;7430;38123;Povo
7;7430;38123;Povo
8;7430;38123;Povo
8/A;7430;38123;Povo
8/A;7430;38123;Povo
9;7430;38123;Povo
10;7430;38123;Povo
10;7430;38123;Povo
10/A;7430;38123;Povo
12;7430;38123;Povo
12;7430;38123;Povo
13;7430;38123;Povo
13;7430;38123;Povo
14;7430;38123;Povo
14;7430;38123;Povo
15;7430;38123;Povo
15;7430;38123;Povo
16;7430;38123;Povo
16;7430;38123;Povo
16;7430;38123;Povo
16;7430;38123;Povo
17;7430;38123;Povo
17;7430;38123;Povo
19;7430;38123;Povo
19;7430;38123;Povo
21;7430;38123;Povo
21;7430;38123;Povo
23;7430;38123;Povo
23;7430;38123;Povo
25;7430;38123;Povo
25;7430;38123;Povo
25;7430;38123;Povo
27;7430;38123;Povo
29;7430;38123;Povo
31;7430;38123;Povo
33;7430;38123;Povo
33/1;7430;38123;Povo
33/2;7430;38123;Povo
35;7430;38123;Povo
35;7430;38123;Povo
37;7430;38123;Povo
37;7430;38123;Povo
39;7430;38123;Povo
39;7430;38123;Povo
41;7430;38123;Povo
41;7430;38123;Povo
43;7430;38123;Povo
43;7430;38123;Povo
43/A;7430;38123;Povo
43/A;7430;38123;Povo
45;7430;38123;Povo
45;7430;38123;Povo
47;7430;38123;Povo
47;7430;38123;Povo
49;7430;38123;Povo
49;7430;38123;Povo
57;7430;38123;Povo
57;7430;38123;Povo
1;7435;38123;Povo
3;7435;38123;Povo
4;7435;38123;Povo
4;7435;38123;Povo
4;7435;38123;Povo
4;7435;38123;Povo
5;7435;38123;Povo
5/A;7435;38123;Povo
6;7435;38123;Povo
6;7435;38123;Povo
7;7435;38123;Povo
9;7435;38123;Povo
10;7435;38123;Povo
11;7435;38123;Povo
13;7435;38123;Povo
15;7435;38123;Povo
17;7435;38123;Povo
19;7435;38123;Povo
19;7435;38123;Povo
19;7435;38123;Povo
19;7435;38123;Povo
21;7435;38123;Povo
21;7435;38123;Povo
23;7435;38123;Povo
23;7435;38123;Povo
23;7435;38123;Povo
1;7440;38123;Povo
2;7440;38123;Povo
2;7440;38123;Povo
2/A;7440;38123;Povo
2/B;7440;38123;Povo
2/B;7440;38123;Povo
2/C;7440;38123;Povo
2/C;7440;38123;Povo
3;7440;38123;Povo
4;7440;38123;Povo
4;7440;38123;Povo
5;7440;38123;Povo
5;7440;38123;Povo
7;7440;38123;Povo
7;7440;38123;Povo
8;7440;38123;Povo
10;7440;38123;Povo
10;7440;38123;Povo
10;7440;38123;Povo
11;7440;38123;Povo
12;7440;38123;Povo
12;7440;38123;Povo
13;7440;38123;Povo
14;7440;38123;Povo
15;7440;38123;Povo
15/A;7440;38123;Povo
16;7440;38123;Povo
17;7440;38123;Povo
18;7440;38123;Povo
19;7440;38123;Povo
20;7440;38123;Povo
22;7440;38123;Povo
24;7440;38123;Povo
26;7440;38123;Povo
32;7440;38123;Povo
32;7440;38123;Povo
32;7440;38123;Povo
32;7440;38123;Povo
36;7440;38123;Povo
38;7440;38123;Povo
40;7440;38123;Povo
1;7445;38123;Povo
2;7445;38123;Povo
3;7445;38123;Povo
4;7445;38123;Povo
5;7445;38123;Povo
7;7445;38123;Povo
7;7445;38123;Povo
9;7445;38123;Povo
9;7445;38123;Povo
11;7445;38123;Povo
11;7445;38123;Povo
1;7450;38123;Povo
1;7450;38123;Povo
01-gen;7450;38123;Povo
01-gen;7450;38123;Povo
3;7450;38123;Povo
3;7450;38123;Povo
5;7450;38123;Povo
5;7450;38123;Povo
5;7450;38123;Povo
8;7450;38123;Povo
12;7450;38123;Povo
12/A;7450;38123;Povo
14;7450;38123;Povo
14;7450;38123;Povo
16;7450;38123;Povo
16;7450;38123;Povo
17;7450;38123;Povo
18;7450;38123;Povo
18;7450;38123;Povo
20;7450;38123;Povo
20;7450;38123;Povo
21;7450;38123;Povo
22;7450;38123;Povo
22;7450;38123;Povo
24;7450;38123;Povo
24;7450;38123;Povo
26;7450;38123;Povo
26;7450;38123;Povo
26;7450;38123;Povo
26/A;7450;38123;Povo
26/A;7450;38123;Povo
28;7450;38123;Povo
30;7450;38123;Povo
32;7450;38123;Povo
34;7450;38123;Povo
36;7450;38123;Povo
38;7450;38123;Povo
38;7450;38123;Povo
40;7450;38123;Povo
40;7450;38123;Povo
42;7450;38123;Povo
42;7450;38123;Povo
42;7450;38123;Povo
44;7450;38123;Povo
44;7450;38123;Povo
2;7455;38123;Povo
2;7455;38123;Povo
4;7455;38123;Povo
6;7455;38123;Povo
6;7455;38123;Povo
6/A;7455;38123;Povo
6/A;7455;38123;Povo
7;7455;38123;Povo
7;7455;38123;Povo
7;7455;38123;Povo
8;7455;38123;Povo
8;7455;38123;Povo
10;7455;38123;Povo
10;7455;38123;Povo
10;7455;38123;Povo
11;7455;38123;Povo
12;7455;38123;Povo
12;7455;38123;Povo
12;7455;38123;Povo
15;7455;38123;Povo
15;7455;38123;Povo
15;7455;38123;Povo
15;7455;38123;Povo
16;7455;38123;Povo
16;7455;38123;Povo
16;7455;38123;Povo
17;7455;38123;Povo
19;7455;38123;Povo
19;7455;38123;Povo
20;7455;38123;Povo
20;7455;38123;Povo
20;7455;38123;Povo
20;7455;38123;Povo
22;7455;38123;Povo
22;7455;38123;Povo
23;7455;38123;Povo
23;7455;38123;Povo
24;7455;38123;Povo
25;7455;38123;Povo
25;7455;38123;Povo
26;7455;38123;Povo
26;7455;38123;Povo
27;7455;38123;Povo
27/A;7455;38123;Povo
28;7455;38123;Povo
29;7455;38123;Povo
31;7455;38123;Povo
31;7455;38123;Povo
32;7455;38123;Povo
34;7455;38123;Povo
1;7460;38123;Povo
2;7460;38123;Povo
2;7460;38123;Povo
2/A;7460;38123;Povo
2/B;7460;38123;Povo
3;7460;38123;Povo
4;7460;38123;Povo
4;7460;38123;Povo
5;7460;38123;Povo
6;7460;38123;Povo
6;7460;38123;Povo
8;7460;38123;Povo
8;7460;38123;Povo
8;7460;38123;Povo
10;7460;38123;Povo
10;7460;38123;Povo
12;7460;38123;Povo
12;7460;38123;Povo
14;7460;38123;Povo
14;7460;38123;Povo
16;7460;38123;Povo
16;7460;38123;Povo
18;7460;38123;Povo
18;7460;38123;Povo
19;7460;38123;Povo
20;7460;38123;Povo
20;7460;38123;Povo
21;7460;38123;Povo
22;7460;38123;Povo
24;7460;38123;Povo
26;7460;38123;Povo
28;7460;38123;Povo
30;7460;38123;Povo
30;7460;38123;Povo
32;7460;38123;Povo
34;7460;38123;Povo
36;7460;38123;Povo
36;7460;38123;Povo
36;7460;38123;Povo
1;7465;38123;Povo
2;7465;38123;Povo
3;7465;38123;Povo
03-gen;7465;38123;Povo
4;7465;38123;Povo
5;7465;38123;Povo
5;7465;38123;Povo
6;7465;38123;Povo
7;7465;38123;Povo
7;7465;38123;Povo
7;7465;38123;Povo
8;7465;38123;Povo
8;7465;38123;Povo
8;7465;38123;Povo
10;7465;38123;Povo
10;7465;38123;Povo
11;7465;38123;Povo
13;7465;38123;Povo
15;7465;38123;Povo
22;7465;38123;Povo
23;7465;38123;Povo
23;7465;38123;Povo
24;7465;38123;Povo
25;7465;38123;Povo
26;7465;38123;Povo
28;7465;38123;Povo
30;7465;38123;Povo
30;7465;38123;Povo
30;7465;38123;Povo
31;7465;38123;Povo
31;7465;38123;Povo
32;7465;38123;Povo
32;7465;38123;Povo
33;7465;38123;Povo
33;7465;38123;Povo
34;7465;38123;Povo
34;7465;38123;Povo
34/A;7465;38123;Povo
34/A;7465;38123;Povo
34/A;7465;38123;Povo
34/A;7465;38123;Povo
34/A;7465;38123;Povo
34/A;7465;38123;Povo
35;7465;38123;Povo
35;7465;38123;Povo
36;7465;38123;Povo
36;7465;38123;Povo
37;7465;38123;Povo
37;7465;38123;Povo
38;7465;38123;Povo
38;7465;38123;Povo
38;7465;38123;Povo
38;7465;38123;Povo
38;7465;38123;Povo
38;7465;38123;Povo
38;7465;38123;Povo
38;7465;38123;Povo
38;7465;38123;Povo
38;7465;38123;Povo
38;7465;38123;Povo
41;7465;38123;Povo
41;7465;38123;Povo
42;7465;38123;Povo
42;7465;38123;Povo
44;7465;38123;Povo
44;7465;38123;Povo
46;7465;38123;Povo
48;7465;38123;Povo
48;7465;38123;Povo
50;7465;38123;Povo
50;7465;38123;Povo
52;7465;38123;Povo
52;7465;38123;Povo
54;7465;38123;Povo
54/A;7465;38123;Povo
54/B;7465;38123;Povo
56;7465;38123;Povo
56;7465;38123;Povo
56;7465;38123;Povo
58;7465;38123;Povo
60;7465;38123;Povo
60;7465;38123;Povo
60;7465;38123;Povo
1;7475;38123;Povo
1;7475;38123;Povo
2;7475;38123;Povo
2;7475;38123;Povo
3;7475;38123;Povo
4;7475;38123;Povo
4;7475;38123;Povo
5;7475;38123;Povo
5;7475;38123;Povo
6;7475;38123;Povo
6;7475;38123;Povo
7;7475;38123;Povo
7;7475;38123;Povo
8;7475;38123;Povo
1;7480;38123;Povo
1;7480;38123;Povo
2;7480;38123;Povo
3;7480;38123;Povo
3;7480;38123;Povo
6;7480;38123;Povo
6;7480;38123;Povo
8;7480;38123;Povo
10;7480;38123;Povo
10;7480;38123;Povo
12;7480;38123;Povo
12;7480;38123;Povo
14;7480;38123;Povo
14;7480;38123;Povo
16;7480;38123;Povo
16;7480;38123;Povo
16/A;7480;38123;Povo
16/A;7480;38123;Povo
1;7485;38123;Povo
1;7485;38123;Povo
2;7485;38123;Povo
4;7485;38123;Povo
5;7485;38123;Povo
6;7485;38123;Povo
7;7485;38123;Povo
8;7485;38123;Povo
8;7485;38123;Povo
9;7485;38123;Povo
9/A;7485;38123;Povo
10;7485;38123;Povo
12;7485;38123;Povo
13;7485;38123;Povo
13/A;7485;38123;Povo
14;7485;38123;Povo
15;7485;38123;Povo
16;7485;38123;Povo
16;7485;38123;Povo
17;7485;38123;Povo
18;7485;38123;Povo
18;7485;38123;Povo
19;7485;38123;Povo
20;7485;38123;Povo
20;7485;38123;Povo
21;7485;38123;Povo
22;7485;38123;Povo
22;7485;38123;Povo
22;7485;38123;Povo
23;7485;38123;Povo
25;7485;38123;Povo
28;7485;38123;Povo
28;7485;38123;Povo
28;7485;38123;Povo
29;7485;38123;Povo
30;7485;38123;Povo
30;7485;38123;Povo
31;7485;38123;Povo
33;7485;38123;Povo
34;7485;38123;Povo
34;7485;38123;Povo
34;7485;38123;Povo
35;7485;38123;Povo
35;7485;38123;Povo
36;7485;38123;Povo
36;7485;38123;Povo
36;7485;38123;Povo
36;7485;38123;Povo
37;7485;38123;Povo
38;7485;38123;Povo
38;7485;38123;Povo
39;7485;38123;Povo
40;7485;38123;Povo
42;7485;38123;Povo
42;7485;38123;Povo
42;7485;38123;Povo
43;7485;38123;Povo
45;7485;38123;Povo
46;7485;38123;Povo
48;7485;38123;Povo
48;7485;38123;Povo
48;7485;38123;Povo
49;7485;38123;Povo
50;7485;38123;Povo
50;7485;38123;Povo
50;7485;38123;Povo
50;7485;38123;Povo
51;7485;38123;Povo
52;7485;38123;Povo
52;7485;38123;Povo
55;7485;38123;Povo
56;7485;38123;Povo
56;7485;38123;Povo
57;7485;38123;Povo
57/1;7485;38123;Povo
57/1;7485;38123;Povo
58;7485;38123;Povo
58;7485;38123;Povo
59;7485;38123;Povo
59;7485;38123;Povo
59;7485;38123;Povo
59/2;7485;38123;Povo
59/2;7485;38123;Povo
59/3;7485;38123;Povo
59/3;7485;38123;Povo
59/3;7485;38123;Povo
59/3;7485;38123;Povo
59/4;7485;38123;Povo
59/4;7485;38123;Povo
59/5;7485;38123;Povo
59/5;7485;38123;Povo
59/5;7485;38123;Povo
59/6;7485;38123;Povo
59/6;7485;38123;Povo
59/6;7485;38123;Povo
60;7485;38123;Povo
60;7485;38123;Povo
61;7485;38123;Povo
61;7485;38123;Povo
61/A;7485;38123;Povo
61/A;7485;38123;Povo
61/B;7485;38123;Povo
61/F;7485;38123;Povo
62;7485;38123;Povo
62;7485;38123;Povo
62;7485;38123;Povo
62;7485;38123;Povo
63;7485;38123;Povo
63;7485;38123;Povo
64;7485;38123;Povo
64;7485;38123;Povo
64/A;7485;38123;Povo
64/A;7485;38123;Povo
65;7485;38123;Povo
65/A;7485;38123;Povo
66;7485;38123;Povo
66;7485;38123;Povo
66/A;7485;38123;Povo
66/A;7485;38123;Povo
66/A;7485;38123;Povo
67;7485;38123;Povo
67;7485;38123;Povo
68;7485;38123;Povo
69;7485;38123;Povo
70;7485;38123;Povo
70;7485;38123;Povo
70;7485;38123;Povo
71;7485;38123;Povo
71;7485;38123;Povo
74;7485;38123;Povo
75;7485;38123;Povo
75;7485;38123;Povo
76;7485;38123;Povo
77;7485;38123;Povo
77;7485;38123;Povo
78;7485;38123;Povo
78;7485;38123;Povo
78;7485;38123;Povo
79;7485;38123;Povo
79;7485;38123;Povo
79;7485;38123;Povo
80;7485;38123;Povo
81;7485;38123;Povo
81;7485;38123;Povo
82;7485;38123;Povo
83;7485;38123;Povo
83;7485;38123;Povo
84;7485;38123;Povo
84;7485;38123;Povo
84;7485;38123;Povo
84;7485;38123;Povo
85;7485;38123;Povo
85;7485;38123;Povo
86;7485;38123;Povo
86;7485;38123;Povo
87;7485;38123;Povo
87;7485;38123;Povo
87;7485;38123;Povo
88;7485;38123;Povo
88;7485;38123;Povo
90;7485;38123;Povo
90;7485;38123;Povo
90;7485;38123;Povo
92;7485;38123;Povo
92;7485;38123;Povo
94;7485;38123;Povo
96;7485;38123;Povo
1;7490;38123;Povo
2;7490;38123;Povo
2;7490;38123;Povo
3;7490;38123;Povo
3;7490;38123;Povo
3/A;7490;38123;Povo
5;7490;38123;Povo
7;7490;38123;Povo
9;7490;38123;Povo
11;7490;38123;Povo
13;7490;38123;Povo
15;7490;38123;Povo
17;7490;38123;Povo
24;7490;38123;Povo
25;7490;38123;Povo
25;7490;38123;Povo
25;7490;38123;Povo
25;7490;38123;Povo
26;7490;38123;Povo
27;7490;38123;Povo
28;7490;38123;Povo
28/A;7490;38123;Povo
28/A;7490;38123;Povo
29;7490;38123;Povo
30;7490;38123;Povo
30/A;7490;38123;Povo
30/B;7490;38123;Povo
30/C;7490;38123;Povo
31;7490;38123;Povo
32;7490;38123;Povo
32;7490;38123;Povo
32;7490;38123;Povo
33;7490;38123;Povo
34;7490;38123;Povo
34;7490;38123;Povo
35;7490;38123;Povo
36;7490;38123;Povo
36;7490;38123;Povo
37;7490;38123;Povo
37/A;7490;38123;Povo
37/A;7490;38123;Povo
38;7490;38123;Povo
38;7490;38123;Povo
39;7490;38123;Povo
40;7490;38123;Povo
40;7490;38123;Povo
41;7490;38123;Povo
41;7490;38123;Povo
41;7490;38123;Povo
43;7490;38123;Povo
45;7490;38123;Povo
47;7490;38123;Povo
50;7490;38123;Povo
50;7490;38123;Povo
54;7490;38123;Povo
54;7490;38123;Povo
54;7490;38123;Povo
54;7490;38123;Povo
56;7490;38123;Povo
56;7490;38123;Povo
56;7490;38123;Povo
56;7490;38123;Povo
56/A;7490;38123;Povo
56/A;7490;38123;Povo
58;7490;38123;Povo
60;7490;38123;Povo
70;7490;38123;Povo
70;7490;38123;Povo
1;7500;38123;Povo
1;7500;38123;Povo
2;7500;38123;Povo
3;7500;38123;Povo
4;7500;38123;Povo
5;7500;38123;Povo
6;7500;38123;Povo
7;7500;38123;Povo
7;7500;38123;Povo
7;7500;38123;Povo
8;7500;38123;Povo
10;7500;38123;Povo
11;7500;38123;Povo
11;7500;38123;Povo
11;7500;38123;Povo
12;7500;38123;Povo
13;7500;38123;Povo
14;7500;38123;Povo
16;7500;38123;Povo
16;7500;38123;Povo
21;7500;38123;Povo
21;7500;38123;Povo
22;7500;38123;Povo
22;7500;38123;Povo
22;7500;38123;Povo
22;7500;38123;Povo
22/A;7500;38123;Povo
22/A;7500;38123;Povo
22/A;7500;38123;Povo
22/A;7500;38123;Povo
22/A;7500;38123;Povo
23;7500;38123;Povo
23;7500;38123;Povo
24;7500;38123;Povo
24;7500;38123;Povo
25;7500;38123;Povo
25;7500;38123;Povo
26;7500;38123;Povo
26;7500;38123;Povo
26;7500;38123;Povo
27/A;7500;38123;Povo
27/A;7500;38123;Povo
27/B;7500;38123;Povo
27/B;7500;38123;Povo
27/C;7500;38123;Povo
27/C;7500;38123;Povo
27/D;7500;38123;Povo
27/D;7500;38123;Povo
27/E;7500;38123;Povo
27/E;7500;38123;Povo
28;7500;38123;Povo
28;7500;38123;Povo
29;7500;38123;Povo
29;7500;38123;Povo
36;7500;38123;Povo
36;7500;38123;Povo
38;7500;38123;Povo
38;7500;38123;Povo
39;7500;38123;Povo
39;7500;38123;Povo
41;7500;38123;Povo
41;7500;38123;Povo
41;7500;38123;Povo
43;7500;38123;Povo
43;7500;38123;Povo
45;7500;38123;Povo
45;7500;38123;Povo
47;7500;38123;Povo
47;7500;38123;Povo
47;7500;38123;Povo
49;7500;38123;Povo
49;7500;38123;Povo
2;7501;38123;Povo
3;7501;38123;Povo
3;7501;38123;Povo
5;7501;38123;Povo
5;7501;38123;Povo
6;7501;38123;Povo
6;7501;38123;Povo
6;7501;38123;Povo
8;7501;38123;Povo
8;7501;38123;Povo
9;7501;38123;Povo
10;7501;38123;Povo
10;7501;38123;Povo
11;7501;38123;Povo
19;7501;38123;Villazzano
19;7501;38123;Villazzano
20;7501;38123;Villazzano
20;7501;38123;Villazzano
22;7501;38123;Villazzano
23;7501;38123;Villazzano
24;7501;38123;Villazzano
1;7502;38123;Villazzano
1;7502;38123;Villazzano
3;7502;38123;Villazzano
5;7502;38123;Villazzano
5;7502;38123;Villazzano
6;7502;38123;Villazzano
6;7502;38123;Villazzano
6;7502;38123;Villazzano
12;7502;38123;Villazzano
12;7502;38123;Villazzano
14;7502;38123;Povo
14;7502;38123;Povo
16;7502;38123;Povo
16;7502;38123;Povo
18;7502;38123;Povo
20;7502;38123;Povo
22;7502;38123;Povo
24;7502;38123;Povo
24;7502;38123;Povo
24;7502;38123;Povo
24;7502;38123;Povo
1;7503;38123;Povo
2;7503;38123;Povo
3;7503;38123;Povo
4;7503;38123;Povo
5;7503;38123;Povo
2;7505;38123;Povo
2;7505;38123;Povo
2;7505;38123;Povo
2;7505;38123;Povo
2;7505;38123;Povo
4;7505;38123;Povo
4;7505;38123;Povo
5;7505;38123;Povo
5;7505;38123;Povo
5;7505;38123;Povo
5;7505;38123;Povo
5;7505;38123;Povo
6;7505;38123;Povo
8;7505;38123;Povo
9;7505;38123;Povo
9;7505;38123;Povo
10;7505;38123;Povo
10;7505;38123;Povo
10;7505;38123;Povo
11;7505;38123;Povo
12;7505;38123;Povo
12;7505;38123;Povo
12;7505;38123;Povo
12/A;7505;38123;Povo
12/A;7505;38123;Povo
12/A;7505;38123;Povo
14;7505;38123;Povo
14;7505;38123;Povo
14;7505;38123;Povo
14;7505;38123;Povo
18;7505;38123;Povo
9;7510;38123;Povo
9;7510;38123;Povo
14;7510;38123;Povo
14;7510;38123;Povo
14/A;7510;38123;Povo
14/A;7510;38123;Povo
14/A;7510;38123;Povo
14/B;7510;38123;Povo
16;7510;38123;Povo
16;7510;38123;Povo
18;7510;38123;Povo
18;7510;38123;Povo
20;7510;38123;Povo
20;7510;38123;Povo
22;7510;38123;Povo
22;7510;38123;Povo
22;7510;38123;Povo
26;7510;38123;Povo
26;7510;38123;Povo
26/A;7510;38123;Povo
26/A;7510;38123;Povo
26/B;7510;38123;Povo
26/B;7510;38123;Povo
28;7510;38123;Povo
28;7510;38123;Povo
28/A;7510;38123;Povo
28/A;7510;38123;Povo
28/A;7510;38123;Povo
30;7510;38123;Povo
30;7510;38123;Povo
30/A;7510;38123;Povo
30/A;7510;38123;Povo
30/B;7510;38123;Povo
30/B;7510;38123;Povo
32;7510;38123;Povo
32;7510;38123;Povo
34;7510;38123;Povo
34;7510;38123;Povo
1;7515;38123;Povo
1;7515;38123;Povo
3;7515;38123;Povo
3;7515;38123;Povo
4;7515;38123;Povo
4;7515;38123;Povo
4;7515;38123;Povo
5;7515;38123;Povo
5;7515;38123;Povo
6;7515;38123;Povo
7;7515;38123;Povo
8;7515;38123;Povo
10;7515;38123;Povo
12;7515;38123;Povo
13;7515;38123;Povo
15;7515;38123;Povo
16;7515;38123;Povo
25;7515;38123;Povo
3;7545;38123;Povo
3;7545;38123;Povo
4;7545;38123;Povo
5;7545;38123;Povo
5;7545;38123;Povo
7;7545;38123;Povo
7;7545;38123;Povo
8;7545;38123;Povo
8;7545;38123;Povo
8;7545;38123;Povo
9;7545;38123;Povo
12;7545;38123;Povo
14;7545;38123;Povo
14;7545;38123;Povo
14;7545;38123;Povo
16;7545;38123;Povo
18;7545;38123;Povo
18;7545;38123;Povo
1;7700;38123;Mattarello
1;7700;38123;Mattarello
3;7700;38123;Mattarello
4;7700;38123;Mattarello
4;7700;38123;Mattarello
4;7700;38123;Mattarello
2;7701;38123;Mattarello
4;7701;38123;Mattarello
6;7701;38123;Mattarello
8;7701;38123;Mattarello
9;7701;38123;Mattarello
11;7701;38123;Mattarello
13;7701;38123;Mattarello
13;7701;38123;Mattarello
15;7701;38123;Mattarello
15;7701;38123;Mattarello
17;7701;38123;Mattarello
17;7701;38123;Mattarello
19;7701;38123;Mattarello
19;7701;38123;Mattarello
3;7703;38123;Mattarello
3;7703;38123;Mattarello
5;7703;38123;Mattarello
5;7703;38123;Mattarello
6;7703;38123;Romagnano
7;7703;38123;Mattarello
7;7703;38123;Mattarello
23;7703;38123;Romagnano
2;7704;38123;Mattarello
3;7704;38123;Mattarello
3;7704;38123;Mattarello
3;7704;38123;Mattarello
4;7704;38123;Mattarello
6;7704;38123;Mattarello
7;7704;38123;Mattarello
8;7704;38123;Mattarello
10;7704;38123;Mattarello
11;7704;38123;Mattarello
12;7704;38123;Mattarello
14;7704;38123;Mattarello
15;7704;38123;Mattarello
16;7704;38123;Mattarello
17;7704;38123;Mattarello
18;7704;38123;Mattarello
19;7704;38123;Mattarello
20;7704;38123;Mattarello
25;7704;38123;Mattarello
25;7704;38123;Mattarello
25;7704;38123;Mattarello
25;7704;38123;Mattarello
26;7704;38123;Mattarello
26;7704;38123;Mattarello
31;7704;38123;Trento
31;7704;38123;Trento
31;7704;38123;Trento
31;7704;38123;Trento
31;7704;38123;Trento
40;7704;38123;Mattarello
40;7704;38123;Mattarello
41;7704;38123;Mattarello
41;7704;38123;Mattarello
41;7704;38123;Mattarello
41;7704;38123;Mattarello
41;7704;38123;Mattarello
41;7704;38123;Mattarello
41;7704;38123;Mattarello
41;7704;38123;Mattarello
41;7704;38123;Mattarello
41;7704;38123;Mattarello
41;7704;38123;Mattarello
41;7704;38123;Mattarello
41;7704;38123;Mattarello
41;7704;38123;Mattarello
41;7704;38123;Mattarello
45;7704;38123;Mattarello
46;7704;38123;Mattarello
48;7704;38123;Mattarello
49;7704;38123;Mattarello
49;7704;38123;Mattarello
50;7704;38123;Mattarello
54;7704;38123;Mattarello
54;7704;38123;Mattarello
4;7712;38123;Mattarello
6;7712;38123;Mattarello
6;7712;38123;Mattarello
7;7712;38123;Mattarello
7;7712;38123;Mattarello
7;7712;38123;Mattarello
8;7712;38123;Mattarello
9;7712;38123;Mattarello
9;7712;38123;Mattarello
9;7712;38123;Mattarello
12;7712;38123;Mattarello
12;7712;38123;Mattarello
15;7712;38123;Mattarello
3;7713;38123;Mattarello
4;7713;38123;Mattarello
4;7713;38123;Mattarello
4;7713;38123;Mattarello
5;7713;38123;Mattarello
7;7713;38123;Mattarello
8;7713;38123;Mattarello
9;7713;38123;Mattarello
10;7713;38123;Mattarello
11;7713;38123;Mattarello
13;7713;38123;Mattarello
14;7713;38123;Mattarello
14;7713;38123;Mattarello
15;7713;38123;Mattarello
16;7713;38123;Mattarello
17;7713;38123;Mattarello
18;7713;38123;Mattarello
21;7713;38123;Mattarello
22;7713;38123;Mattarello
23;7713;38123;Mattarello
24;7713;38123;Mattarello
25;7713;38123;Mattarello
26;7713;38123;Mattarello
26;7713;38123;Mattarello
27;7713;38123;Mattarello
28;7713;38123;Mattarello
31;7713;38123;Mattarello
32;7713;38123;Mattarello
33;7713;38123;Mattarello
34;7713;38123;Mattarello
35;7713;38123;Mattarello
36;7713;38123;Mattarello
36;7713;38123;Mattarello
3;7714;38123;Mattarello
5;7714;38123;Mattarello
7;7714;38123;Mattarello
8;7714;38123;Mattarello
10;7714;38123;Mattarello
10;7714;38123;Mattarello
11;7714;38123;Mattarello
11;7714;38123;Mattarello
11;7714;38123;Mattarello
13;7714;38123;Mattarello
13;7714;38123;Mattarello
15;7714;38123;Mattarello
15;7714;38123;Mattarello
15;7714;38123;Mattarello
17;7714;38123;Mattarello
17;7714;38123;Mattarello
17;7714;38123;Mattarello
18;7714;38123;Mattarello
19;7714;38123;Mattarello
19;7714;38123;Mattarello
20;7714;38123;Mattarello
21;7714;38123;Mattarello
21;7714;38123;Mattarello
21;7714;38123;Mattarello
22;7714;38123;Mattarello
22;7714;38123;Mattarello
24;7714;38123;Mattarello
24;7714;38123;Mattarello
25;7714;38123;Mattarello
25;7714;38123;Mattarello
26;7714;38123;Mattarello
27;7714;38123;Mattarello
27;7714;38123;Mattarello
29;7714;38123;Mattarello
29;7714;38123;Mattarello
31;7714;38123;Mattarello
32;7714;38123;Mattarello
33;7714;38123;Mattarello
34;7714;38123;Mattarello
34;7714;38123;Mattarello
34;7714;38123;Mattarello
36;7714;38123;Mattarello
37;7714;38123;Mattarello
37;7714;38123;Mattarello
39;7714;38123;Mattarello
4;7717;38123;Mattarello
4;7717;38123;Mattarello
3;7718;38123;Mattarello
4;7718;38123;Mattarello
5;7718;38123;Mattarello
6;7718;38123;Mattarello
6;7718;38123;Mattarello
6;7718;38123;Mattarello
7;7718;38123;Mattarello
8;7718;38123;Mattarello
8;7718;38123;Mattarello
9;7718;38123;Mattarello
10;7718;38123;Mattarello
11;7718;38123;Mattarello
12;7718;38123;Mattarello
12;7718;38123;Mattarello
12;7718;38123;Mattarello
4;7721;38123;Mattarello
4;7721;38123;Mattarello
4;7721;38123;Mattarello
12;7721;38123;Mattarello
1;7730;38123;Mattarello
2;7730;38123;Mattarello
4;7730;38123;Mattarello
4;7730;38123;Mattarello
5;7730;38123;Mattarello
6;7730;38123;Mattarello
6;7730;38123;Mattarello
6;7730;38123;Mattarello
6;7730;38123;Mattarello
6;7730;38123;Mattarello
6;7730;38123;Mattarello
6;7730;38123;Mattarello
6;7730;38123;Mattarello
6;7730;38123;Mattarello
7;7730;38123;Mattarello
7;7730;38123;Mattarello
10;7730;38123;Mattarello
10;7730;38123;Mattarello
11;7730;38123;Mattarello
11;7730;38123;Mattarello
11;7730;38123;Mattarello
11;7730;38123;Mattarello
11;7730;38123;Mattarello
12;7730;38123;Mattarello
12;7730;38123;Mattarello
13;7730;38123;Mattarello
13;7730;38123;Mattarello
13;7730;38123;Mattarello
14;7730;38123;Mattarello
14/A;7730;38123;Mattarello
16;7730;38123;Mattarello
17;7730;38123;Mattarello
18;7730;38123;Mattarello
19;7730;38123;Mattarello
19;7730;38123;Mattarello
20;7730;38123;Mattarello
21;7730;38123;Mattarello
22;7730;38123;Mattarello
22;7730;38123;Mattarello
23;7730;38123;Mattarello
23/A;7730;38123;Mattarello
24;7730;38123;Mattarello
24;7730;38123;Mattarello
25;7730;38123;Mattarello
26;7730;38123;Mattarello
27;7730;38123;Mattarello
28;7730;38123;Mattarello
29;7730;38123;Mattarello
30;7730;38123;Mattarello
31;7730;38123;Mattarello
32;7730;38123;Mattarello
33;7730;38123;Mattarello
34;7730;38123;Mattarello
35;7730;38123;Mattarello
36;7730;38123;Mattarello
36;7730;38123;Mattarello
37;7730;38123;Mattarello
38;7730;38123;Mattarello
39;7730;38123;Mattarello
41;7730;38123;Mattarello
43;7730;38123;Mattarello
45;7730;38123;Mattarello
46;7730;38123;Mattarello
47;7730;38123;Mattarello
48;7730;38123;Mattarello
49;7730;38123;Mattarello
49;7730;38123;Mattarello
51;7730;38123;Mattarello
51;7730;38123;Mattarello
52;7730;38123;Mattarello
53;7730;38123;Mattarello
54;7730;38123;Mattarello
55;7730;38123;Mattarello
56;7730;38123;Mattarello
57;7730;38123;Mattarello
57;7730;38123;Mattarello
58;7730;38123;Mattarello
58;7730;38123;Mattarello
58;7730;38123;Mattarello
1;7740;38123;Mattarello
1;7740;38123;Mattarello
2;7740;38123;Mattarello
3;7740;38123;Mattarello
3;7740;38123;Mattarello
3;7740;38123;Mattarello
4;7740;38123;Mattarello
6;7740;38123;Mattarello
6;7740;38123;Mattarello
8;7740;38123;Mattarello
9;7740;38123;Mattarello
9;7740;38123;Mattarello
10;7740;38123;Mattarello
11;7740;38123;Mattarello
12;7740;38123;Mattarello
13;7740;38123;Mattarello
13;7740;38123;Mattarello
14;7740;38123;Mattarello
14;7740;38123;Mattarello
14-feb;7740;38123;Mattarello
15;7740;38123;Mattarello
16;7740;38123;Mattarello
16;7740;38123;Mattarello
18;7740;38123;Mattarello
18;7740;38123;Mattarello
20;7740;38123;Mattarello
20;7740;38123;Mattarello
22;7740;38123;Mattarello
22;7740;38123;Mattarello
22;7740;38123;Mattarello
24;7740;38123;Mattarello
24;7740;38123;Mattarello
26;7740;38123;Mattarello
26;7740;38123;Mattarello
28;7740;38123;Mattarello
30;7740;38123;Mattarello
32;7740;38123;Mattarello
32;7740;38123;Mattarello
34;7740;38123;Mattarello
36;7740;38123;Mattarello
36;7740;38123;Mattarello
38;7740;38123;Mattarello
38;7740;38123;Mattarello
42;7740;38123;Mattarello
42;7740;38123;Mattarello
44;7740;38123;Mattarello
48;7740;38123;Mattarello
50;7740;38123;Mattarello
1;7745;38123;Mattarello
1;7745;38123;Mattarello
3;7745;38123;Mattarello
3;7745;38123;Mattarello
4;7745;38123;Mattarello
5;7745;38123;Mattarello
5;7745;38123;Mattarello
5;7745;38123;Mattarello
6;7745;38123;Mattarello
7;7745;38123;Mattarello
8;7745;38123;Mattarello
9;7745;38123;Mattarello
10;7745;38123;Mattarello
11;7745;38123;Mattarello
12;7745;38123;Mattarello
13;7745;38123;Mattarello
14;7745;38123;Mattarello
15;7745;38123;Mattarello
16;7745;38123;Mattarello
17;7745;38123;Mattarello
18;7745;38123;Mattarello
19;7745;38123;Mattarello
20;7745;38123;Mattarello
21;7745;38123;Mattarello
22;7745;38123;Mattarello
22;7745;38123;Mattarello
23;7745;38123;Mattarello
24;7745;38123;Mattarello
26;7745;38123;Mattarello
28;7745;38123;Mattarello
30;7745;38123;Mattarello
1;7750;38123;Mattarello
1;7750;38123;Mattarello
1;7750;38123;Mattarello
1/A;7750;38123;Mattarello
1/A;7750;38123;Mattarello
4;7750;38123;Mattarello
4;7750;38123;Mattarello
5;7750;38123;Mattarello
6;7750;38123;Mattarello
6;7750;38123;Mattarello
6/A;7750;38123;Mattarello
7;7750;38123;Mattarello
8;7750;38123;Mattarello
8;7750;38123;Mattarello
8;7750;38123;Mattarello
9;7750;38123;Mattarello
9;7750;38123;Mattarello
10;7750;38123;Mattarello
10;7750;38123;Mattarello
10;7750;38123;Mattarello
11;7750;38123;Mattarello
11;7750;38123;Mattarello
12;7750;38123;Mattarello
12;7750;38123;Mattarello
12;7750;38123;Mattarello
13;7750;38123;Mattarello
13;7750;38123;Mattarello
14;7750;38123;Mattarello
14;7750;38123;Mattarello
14;7750;38123;Mattarello
14;7750;38123;Mattarello
14;7750;38123;Mattarello
15;7750;38123;Mattarello
15;7750;38123;Mattarello
16;7750;38123;Mattarello
16;7750;38123;Mattarello
17;7750;38123;Mattarello
17;7750;38123;Mattarello
18;7750;38123;Mattarello
18;7750;38123;Mattarello
19;7750;38123;Mattarello
20;7750;38123;Mattarello
20;7750;38123;Mattarello
21;7750;38123;Mattarello
22;7750;38123;Mattarello
22;7750;38123;Mattarello
23;7750;38123;Mattarello
24;7750;38123;Mattarello
24;7750;38123;Mattarello
25;7750;38123;Mattarello
25;7750;38123;Mattarello
25/A;7750;38123;Mattarello
25/A;7750;38123;Mattarello
25/B;7750;38123;Mattarello
25/B;7750;38123;Mattarello
26;7750;38123;Mattarello
26;7750;38123;Mattarello
27;7750;38123;Mattarello
28;7750;38123;Mattarello
28;7750;38123;Mattarello
28;7750;38123;Mattarello
28;7750;38123;Mattarello
28-gen;7750;38123;Mattarello
28-gen;7750;38123;Mattarello
28-gen;7750;38123;Mattarello
28-gen;7750;38123;Mattarello
29;7750;38123;Mattarello
30;7750;38123;Mattarello
30;7750;38123;Mattarello
31;7750;38123;Mattarello
33;7750;38123;Mattarello
34;7750;38123;Mattarello
35;7750;38123;Mattarello
35;7750;38123;Mattarello
36;7750;38123;Mattarello
36;7750;38123;Mattarello
37;7750;38123;Mattarello
38;7750;38123;Mattarello
38;7750;38123;Mattarello
40;7750;38123;Mattarello
40;7750;38123;Mattarello
40;7750;38123;Mattarello
41;7750;38123;Mattarello
41;7750;38123;Mattarello
43;7750;38123;Mattarello
43;7750;38123;Mattarello
44;7750;38123;Mattarello
44;7750;38123;Mattarello
45;7750;38123;Mattarello
45;7750;38123;Mattarello
46;7750;38123;Mattarello
46;7750;38123;Mattarello
48;7750;38123;Mattarello
48;7750;38123;Mattarello
49;7750;38123;Mattarello
51;7750;38123;Mattarello
52;7750;38123;Mattarello
52;7750;38123;Mattarello
53;7750;38123;Mattarello
54;7750;38123;Mattarello
54;7750;38123;Mattarello
55;7750;38123;Mattarello
57;7750;38123;Mattarello
58;7750;38123;Mattarello
59;7750;38123;Mattarello
60;7750;38123;Mattarello
64;7750;38123;Mattarello
64;7750;38123;Mattarello
66;7750;38123;Mattarello
67;7750;38123;Mattarello
67;7750;38123;Mattarello
67;7750;38123;Mattarello
69;7750;38123;Mattarello
69;7750;38123;Mattarello
70;7750;38123;Mattarello
70;7750;38123;Mattarello
70;7750;38123;Mattarello
71;7750;38123;Mattarello
71;7750;38123;Mattarello
73;7750;38123;Mattarello
73;7750;38123;Mattarello
75;7750;38123;Mattarello
75;7750;38123;Mattarello
75/A;7750;38123;Mattarello
75/A;7750;38123;Mattarello
77;7750;38123;Mattarello
77;7750;38123;Mattarello
79;7750;38123;Mattarello
79;7750;38123;Mattarello
79;7750;38123;Mattarello
83;7750;38123;Mattarello
83/B;7750;38123;Mattarello
89;7750;38123;Mattarello
91;7750;38123;Mattarello
91;7750;38123;Mattarello
93;7750;38123;Mattarello
93;7750;38123;Mattarello
95;7750;38123;Mattarello
95;7750;38123;Mattarello
97;7750;38123;Mattarello
97;7750;38123;Mattarello
1;7755;38123;Mattarello
1;7755;38123;Mattarello
2;7755;38123;Mattarello
2;7755;38123;Mattarello
3;7755;38123;Mattarello
4;7755;38123;Mattarello
5;7755;38123;Mattarello
7;7755;38123;Mattarello
7;7755;38123;Mattarello
7;7755;38123;Mattarello
9;7755;38123;Mattarello
9;7755;38123;Mattarello
9;7755;38123;Mattarello
11;7755;38123;Mattarello
11;7755;38123;Mattarello
11;7755;38123;Mattarello
11;7755;38123;Mattarello
13;7755;38123;Mattarello
15;7755;38123;Mattarello
17;7755;38123;Mattarello
19;7755;38123;Mattarello
21;7755;38123;Mattarello
21;7755;38123;Mattarello
21;7755;38123;Mattarello
21;7755;38123;Mattarello
21;7755;38123;Mattarello
21;7755;38123;Mattarello
21;7755;38123;Mattarello
21;7755;38123;Mattarello
2;7760;38123;Mattarello
2;7760;38123;Mattarello
3;7760;38123;Mattarello
3;7760;38123;Mattarello
3;7760;38123;Mattarello
3;7760;38123;Mattarello
3;7760;38123;Mattarello
5;7760;38123;Mattarello
5;7760;38123;Mattarello
7;7760;38123;Mattarello
7;7760;38123;Mattarello
7;7760;38123;Mattarello
8;7760;38123;Mattarello
8;7760;38123;Mattarello
9;7760;38123;Mattarello
9;7760;38123;Mattarello
10;7760;38123;Mattarello
11;7760;38123;Mattarello
11;7760;38123;Mattarello
12;7760;38123;Mattarello
12;7760;38123;Mattarello
13;7760;38123;Mattarello
13;7760;38123;Mattarello
13;7760;38123;Mattarello
13/A;7760;38123;Mattarello
13/A;7760;38123;Mattarello
13/A;7760;38123;Mattarello
13/A;7760;38123;Mattarello
14;7760;38123;Mattarello
15;7760;38123;Mattarello
15;7760;38123;Mattarello
16;7760;38123;Mattarello
17;7760;38123;Mattarello
18;7760;38123;Mattarello
18;7760;38123;Mattarello
19;7760;38123;Mattarello
20;7760;38123;Mattarello
20;7760;38123;Mattarello
20;7760;38123;Mattarello
21;7760;38123;Mattarello
21;7760;38123;Mattarello
22;7760;38123;Mattarello
23;7760;38123;Mattarello
23;7760;38123;Mattarello
24;7760;38123;Mattarello
24;7760;38123;Mattarello
25;7760;38123;Mattarello
25;7760;38123;Mattarello
26;7760;38123;Mattarello
26;7760;38123;Mattarello
26;7760;38123;Mattarello
27;7760;38123;Mattarello
27;7760;38123;Mattarello
28;7760;38123;Mattarello
28;7760;38123;Mattarello
29;7760;38123;Mattarello
29;7760;38123;Mattarello
30;7760;38123;Mattarello
30;7760;38123;Mattarello
32;7760;38123;Mattarello
32;7760;38123;Mattarello
33;7760;38123;Mattarello
33;7760;38123;Mattarello
35;7760;38123;Mattarello
1;7765;38123;Mattarello
1;7765;38123;Mattarello
2;7765;38123;Mattarello
2;7765;38123;Mattarello
3;7765;38123;Mattarello
4;7765;38123;Mattarello
4;7765;38123;Mattarello
5;7765;38123;Mattarello
6;7765;38123;Mattarello
6;7765;38123;Mattarello
6;7765;38123;Mattarello
7;7765;38123;Mattarello
8;7765;38123;Mattarello
8;7765;38123;Mattarello
9;7765;38123;Mattarello
9;7765;38123;Mattarello
10;7765;38123;Mattarello
10;7765;38123;Mattarello
11;7765;38123;Mattarello
11;7765;38123;Mattarello
12;7765;38123;Mattarello
12;7765;38123;Mattarello
13;7765;38123;Mattarello
13;7765;38123;Mattarello
1;7770;38123;Mattarello
2;7770;38123;Mattarello
2;7770;38123;Mattarello
3;7770;38123;Mattarello
4;7770;38123;Mattarello
5;7770;38123;Mattarello
6;7770;38123;Mattarello
7;7770;38123;Mattarello
8;7770;38123;Mattarello
9;7770;38123;Mattarello
10;7770;38123;Mattarello
11;7770;38123;Mattarello
12;7770;38123;Mattarello
12/A;7770;38123;Mattarello
13;7770;38123;Mattarello
13;7770;38123;Mattarello
14;7770;38123;Mattarello
15;7770;38123;Mattarello
15;7770;38123;Mattarello
16;7770;38123;Mattarello
18;7770;38123;Mattarello
19;7770;38123;Mattarello
20;7770;38123;Mattarello
22;7770;38123;Mattarello
23;7770;38123;Mattarello
23;7770;38123;Mattarello
23;7770;38123;Mattarello
23;7770;38123;Mattarello
24;7770;38123;Mattarello
26;7770;38123;Mattarello
26;7770;38123;Mattarello
26;7770;38123;Mattarello
26;7770;38123;Mattarello
26;7770;38123;Mattarello
26;7770;38123;Mattarello
30;7770;38123;Mattarello
32;7770;38123;Mattarello
32;7770;38123;Mattarello
32;7770;38123;Mattarello
34;7770;38123;Mattarello
34;7770;38123;Mattarello
1;7775;38123;Mattarello
1;7775;38123;Mattarello
1;7775;38123;Mattarello
1;7775;38123;Mattarello
2;7775;38123;Mattarello
2;7775;38123;Mattarello
3;7775;38123;Mattarello
3;7775;38123;Mattarello
4;7775;38123;Mattarello
4;7775;38123;Mattarello
4;7775;38123;Mattarello
5;7775;38123;Mattarello
6;7775;38123;Mattarello
6;7775;38123;Mattarello
6;7775;38123;Mattarello
7;7775;38123;Mattarello
8;7775;38123;Mattarello
8;7775;38123;Mattarello
9;7775;38123;Mattarello
10;7775;38123;Mattarello
10;7775;38123;Mattarello
12;7775;38123;Mattarello
12;7775;38123;Mattarello
14;7775;38123;Mattarello
14;7775;38123;Mattarello
16;7775;38123;Mattarello
16;7775;38123;Mattarello
18;7775;38123;Mattarello
18;7775;38123;Mattarello
18;7775;38123;Mattarello
18;7775;38123;Mattarello
19;7775;38123;Mattarello
20;7775;38123;Mattarello
20;7775;38123;Mattarello
22;7775;38123;Mattarello
22;7775;38123;Mattarello
23;7775;38123;Mattarello
23;7775;38123;Mattarello
23;7775;38123;Mattarello
23;7775;38123;Mattarello
23;7775;38123;Mattarello
23;7775;38123;Mattarello
23;7775;38123;Mattarello
23;7775;38123;Mattarello
23;7775;38123;Mattarello
23;7775;38123;Mattarello
23;7775;38123;Mattarello
24;7775;38123;Mattarello
24;7775;38123;Mattarello
24;7775;38123;Mattarello
26;7775;38123;Mattarello
26;7775;38123;Mattarello
27;7775;38123;Mattarello
27;7775;38123;Mattarello
29;7775;38123;Mattarello
29;7775;38123;Mattarello
31;7775;38123;Mattarello
31;7775;38123;Mattarello
1;7780;38123;Mattarello
2;7780;38123;Mattarello
3;7780;38123;Mattarello
4;7780;38123;Mattarello
5;7780;38123;Mattarello
5;7780;38123;Mattarello
6;7780;38123;Mattarello
7;7780;38123;Mattarello
8;7780;38123;Mattarello
9;7780;38123;Mattarello
10;7780;38123;Mattarello
11;7780;38123;Mattarello
12;7780;38123;Mattarello
12;7780;38123;Mattarello
13;7780;38123;Mattarello
14;7780;38123;Mattarello
15;7780;38123;Mattarello
16;7780;38123;Mattarello
16;7780;38123;Mattarello
16;7780;38123;Mattarello
17;7780;38123;Mattarello
19;7780;38123;Mattarello
19;7780;38123;Mattarello
20;7780;38123;Mattarello
20;7780;38123;Mattarello
20;7780;38123;Mattarello
20;7780;38123;Mattarello
21;7780;38123;Mattarello
21;7780;38123;Mattarello
22;7780;38123;Mattarello
22;7780;38123;Mattarello
23;7780;38123;Mattarello
23;7780;38123;Mattarello
24;7780;38123;Mattarello
24;7780;38123;Mattarello
25;7780;38123;Mattarello
27;7780;38123;Mattarello
27;7780;38123;Mattarello
27;7780;38123;Mattarello
27;7780;38123;Mattarello
27;7780;38123;Mattarello
27;7780;38123;Mattarello
30;7780;38123;Mattarello
31;7780;38123;Mattarello
32;7780;38123;Mattarello
34;7780;38123;Mattarello
36;7780;38123;Mattarello
40;7780;38123;Mattarello
42;7780;38123;Mattarello
44;7780;38123;Mattarello
46;7780;38123;Mattarello
48;7780;38123;Mattarello
1;7785;38123;Mattarello
1;7785;38123;Mattarello
1;7785;38123;Mattarello
1;7785;38123;Mattarello
2;7785;38123;Mattarello
2;7785;38123;Mattarello
3;7785;38123;Mattarello
4;7785;38123;Mattarello
4;7785;38123;Mattarello
4;7785;38123;Mattarello
4;7785;38123;Mattarello
4;7785;38123;Mattarello
4;7785;38123;Mattarello
4;7785;38123;Mattarello
4;7785;38123;Mattarello
5;7785;38123;Mattarello
5;7785;38123;Mattarello
6;7785;38123;Mattarello
7;7785;38123;Mattarello
8;7785;38123;Mattarello
9;7785;38123;Mattarello
10;7785;38123;Mattarello
10;7785;38123;Mattarello
12;7785;38123;Mattarello
13;7785;38123;Mattarello
14;7785;38123;Mattarello
14;7785;38123;Mattarello
14-gen;7785;38123;Mattarello
14-feb;7785;38123;Mattarello
16;7785;38123;Mattarello
20;7785;38123;Mattarello
20;7785;38123;Mattarello
23;7785;38123;Mattarello
23;7785;38123;Mattarello
2;7790;38123;Mattarello
2/A;7790;38123;Mattarello
3;7790;38123;Mattarello
3;7790;38123;Mattarello
3;7790;38123;Mattarello
3;7790;38123;Mattarello
4;7790;38123;Mattarello
4;7790;38123;Mattarello
5;7790;38123;Mattarello
7;7790;38123;Mattarello
7;7790;38123;Mattarello
8;7790;38123;Mattarello
9;7790;38123;Mattarello
9;7790;38123;Mattarello
10;7790;38123;Mattarello
10;7790;38123;Mattarello
11;7790;38123;Mattarello
11;7790;38123;Mattarello
12;7790;38123;Mattarello
13;7790;38123;Mattarello
13;7790;38123;Mattarello
13/A;7790;38123;Mattarello
13/A;7790;38123;Mattarello
14;7790;38123;Mattarello
15;7790;38123;Mattarello
15;7790;38123;Mattarello
15/A;7790;38123;Mattarello
15/A;7790;38123;Mattarello
16;7790;38123;Mattarello
17;7790;38123;Mattarello
18;7790;38123;Mattarello
19;7790;38123;Mattarello
20;7790;38123;Mattarello
21;7790;38123;Mattarello
22;7790;38123;Mattarello
23;7790;38123;Mattarello
24;7790;38123;Mattarello
25;7790;38123;Mattarello
25;7790;38123;Mattarello
25;7790;38123;Mattarello
25;7790;38123;Mattarello
25;7790;38123;Mattarello
25;7790;38123;Mattarello
25;7790;38123;Mattarello
25;7790;38123;Mattarello
25;7790;38123;Mattarello
25;7790;38123;Mattarello
26;7790;38123;Mattarello
26;7790;38123;Mattarello
27;7790;38123;Mattarello
28;7790;38123;Mattarello
28;7790;38123;Mattarello
29;7790;38123;Mattarello
30;7790;38123;Mattarello
30;7790;38123;Mattarello
31;7790;38123;Mattarello
32;7790;38123;Mattarello
32;7790;38123;Mattarello
32/A;7790;38123;Mattarello
32/A;7790;38123;Mattarello
33;7790;38123;Mattarello
34;7790;38123;Mattarello
34;7790;38123;Mattarello
35;7790;38123;Mattarello
36;7790;38123;Mattarello
36;7790;38123;Mattarello
36;7790;38123;Mattarello
37;7790;38123;Mattarello
39;7790;38123;Mattarello
40;7790;38123;Mattarello
40;7790;38123;Mattarello
41;7790;38123;Mattarello
42;7790;38123;Mattarello
42;7790;38123;Mattarello
43;7790;38123;Mattarello
45;7790;38123;Mattarello
46;7790;38123;Mattarello
47;7790;38123;Mattarello
48;7790;38123;Mattarello
48;7790;38123;Mattarello
49;7790;38123;Mattarello
50;7790;38123;Mattarello
50;7790;38123;Mattarello
51;7790;38123;Mattarello
52;7790;38123;Mattarello
52;7790;38123;Mattarello
53;7790;38123;Mattarello
53;7790;38123;Mattarello
53;7790;38123;Mattarello
54;7790;38123;Mattarello
54;7790;38123;Mattarello
55;7790;38123;Mattarello
56;7790;38123;Mattarello
56;7790;38123;Mattarello
57;7790;38123;Mattarello
58;7790;38123;Mattarello
58;7790;38123;Mattarello
59;7790;38123;Mattarello
60;7790;38123;Mattarello
60;7790;38123;Mattarello
61;7790;38123;Mattarello
62;7790;38123;Mattarello
62;7790;38123;Mattarello
62;7790;38123;Mattarello
62;7790;38123;Mattarello
63;7790;38123;Mattarello
63;7790;38123;Mattarello
64;7790;38123;Mattarello
66;7790;38123;Mattarello
81;7790;38123;Mattarello
81;7790;38123;Mattarello
81;7790;38123;Mattarello
81;7790;38123;Mattarello
85;7790;38123;Mattarello
85;7790;38123;Mattarello
87;7790;38123;Mattarello
87;7790;38123;Mattarello
89;7790;38123;Mattarello
91;7790;38123;Mattarello
91;7790;38123;Mattarello
93;7790;38123;Mattarello
95;7790;38123;Mattarello
97;7790;38123;Mattarello
99;7790;38123;Mattarello
101;7790;38123;Mattarello
103;7790;38123;Mattarello
103;7790;38123;Mattarello
105;7790;38123;Mattarello
105;7790;38123;Mattarello
109;7790;38123;Mattarello
109;7790;38123;Mattarello
113;7790;38123;Mattarello
113/A;7790;38123;Mattarello
115;7790;38123;Mattarello
117;7790;38123;Mattarello
119;7790;38123;Mattarello
121;7790;38123;Mattarello
123;7790;38123;Mattarello
125;7790;38123;Mattarello
125;7790;38123;Mattarello
127;7790;38123;Mattarello
131;7790;38123;Mattarello
133;7790;38123;Mattarello
135;7790;38123;Mattarello
137;7790;38123;Mattarello
137;7790;38123;Mattarello
139;7790;38123;Mattarello
139;7790;38123;Mattarello
141;7790;38123;Mattarello
143;7790;38123;Mattarello
145;7790;38123;Mattarello
147;7790;38123;Mattarello
149;7790;38123;Mattarello
149;7790;38123;Mattarello
151;7790;38123;Mattarello
153;7790;38123;Mattarello
155;7790;38123;Mattarello
157;7790;38123;Mattarello
157;7790;38123;Mattarello
159;7790;38123;Mattarello
161;7790;38123;Mattarello
163;7790;38123;Mattarello
165;7790;38123;Mattarello
167;7790;38123;Mattarello
169;7790;38123;Mattarello
171;7790;38123;Mattarello
173;7790;38123;Mattarello
1;7795;38123;Mattarello
3;7795;38123;Mattarello
4;7795;38123;Mattarello
4;7795;38123;Mattarello
4;7795;38123;Mattarello
4;7795;38123;Mattarello
5;7795;38123;Mattarello
7;7795;38123;Mattarello
9;7795;38123;Mattarello
9;7795;38123;Mattarello
10;7795;38123;Mattarello
10;7795;38123;Mattarello
11;7795;38123;Mattarello
11;7795;38123;Mattarello
12;7795;38123;Mattarello
13;7795;38123;Mattarello
13;7795;38123;Mattarello
14;7795;38123;Mattarello
14;7795;38123;Mattarello
15;7795;38123;Mattarello
16;7795;38123;Mattarello
16;7795;38123;Mattarello
16/A;7795;38123;Mattarello
17;7795;38123;Mattarello
17;7795;38123;Mattarello
19;7795;38123;Mattarello
19;7795;38123;Mattarello
19;7795;38123;Mattarello
20;7795;38123;Mattarello
20;7795;38123;Mattarello
21;7795;38123;Mattarello
21;7795;38123;Mattarello
22;7795;38123;Mattarello
23;7795;38123;Mattarello
23;7795;38123;Mattarello
24;7795;38123;Mattarello
24;7795;38123;Mattarello
25;7795;38123;Mattarello
25;7795;38123;Mattarello
26;7795;38123;Mattarello
27;7795;38123;Mattarello
27;7795;38123;Mattarello
28;7795;38123;Mattarello
29;7795;38123;Mattarello
29;7795;38123;Mattarello
30;7795;38123;Mattarello
31;7795;38123;Mattarello
31;7795;38123;Mattarello
32;7795;38123;Mattarello
33;7795;38123;Mattarello
33;7795;38123;Mattarello
34;7795;38123;Mattarello
35;7795;38123;Mattarello
35/A;7795;38123;Mattarello
35/B;7795;38123;Mattarello
36;7795;38123;Mattarello
37;7795;38123;Mattarello
37;7795;38123;Mattarello
38;7795;38123;Mattarello
39;7795;38123;Mattarello
39/A;7795;38123;Mattarello
40;7795;38123;Mattarello
41;7795;38123;Mattarello
41;7795;38123;Mattarello
42;7795;38123;Mattarello
43;7795;38123;Mattarello
43;7795;38123;Mattarello
44;7795;38123;Mattarello
45;7795;38123;Mattarello
45;7795;38123;Mattarello
45;7795;38123;Mattarello
46;7795;38123;Mattarello
47;7795;38123;Mattarello
48;7795;38123;Mattarello
49;7795;38123;Mattarello
49;7795;38123;Mattarello
50;7795;38123;Mattarello
51;7795;38123;Mattarello
51/A;7795;38123;Mattarello
53;7795;38123;Mattarello
54;7795;38123;Mattarello
55;7795;38123;Mattarello
56;7795;38123;Mattarello
57;7795;38123;Mattarello
57;7795;38123;Mattarello
58;7795;38123;Mattarello
59;7795;38123;Mattarello
59;7795;38123;Mattarello
60;7795;38123;Mattarello
61;7795;38123;Mattarello
61;7795;38123;Mattarello
62;7795;38123;Mattarello
63;7795;38123;Mattarello
64;7795;38123;Mattarello
65;7795;38123;Mattarello
66;7795;38123;Mattarello
67;7795;38123;Mattarello
68;7795;38123;Mattarello
68;7795;38123;Mattarello
69;7795;38123;Mattarello
70;7795;38123;Mattarello
71;7795;38123;Mattarello
72;7795;38123;Mattarello
73;7795;38123;Mattarello
74;7795;38123;Mattarello
75;7795;38123;Mattarello
76;7795;38123;Mattarello
77;7795;38123;Mattarello
77/A;7795;38123;Mattarello
78;7795;38123;Mattarello
78;7795;38123;Mattarello
78;7795;38123;Mattarello
79;7795;38123;Mattarello
80;7795;38123;Mattarello
81;7795;38123;Mattarello
81/A;7795;38123;Mattarello
82;7795;38123;Mattarello
83;7795;38123;Mattarello
84;7795;38123;Mattarello
85;7795;38123;Mattarello
86;7795;38123;Mattarello
86;7795;38123;Mattarello
87;7795;38123;Mattarello
87;7795;38123;Mattarello
88;7795;38123;Mattarello
89;7795;38123;Mattarello
89;7795;38123;Mattarello
90;7795;38123;Mattarello
91;7795;38123;Mattarello
92;7795;38123;Mattarello
93;7795;38123;Mattarello
94;7795;38123;Mattarello
95;7795;38123;Mattarello
96;7795;38123;Mattarello
97;7795;38123;Mattarello
98;7795;38123;Mattarello
99;7795;38123;Mattarello
100;7795;38123;Mattarello
101;7795;38123;Mattarello
101;7795;38123;Mattarello
101;7795;38123;Mattarello
101;7795;38123;Mattarello
102;7795;38123;Mattarello
103;7795;38123;Mattarello
103;7795;38123;Mattarello
104;7795;38123;Mattarello
105;7795;38123;Mattarello
105;7795;38123;Mattarello
106;7795;38123;Mattarello
106;7795;38123;Mattarello
106;7795;38123;Mattarello
107;7795;38123;Mattarello
107;7795;38123;Mattarello
109;7795;38123;Mattarello
109;7795;38123;Mattarello
109;7795;38123;Mattarello
110;7795;38123;Mattarello
110;7795;38123;Mattarello
111;7795;38123;Mattarello
112;7795;38123;Mattarello
112;7795;38123;Mattarello
113;7795;38123;Mattarello
113;7795;38123;Mattarello
113;7795;38123;Mattarello
113;7795;38123;Mattarello
114;7795;38123;Mattarello
114;7795;38123;Mattarello
115;7795;38123;Mattarello
115;7795;38123;Mattarello
115;7795;38123;Mattarello
116;7795;38123;Mattarello
116;7795;38123;Mattarello
117;7795;38123;Mattarello
117;7795;38123;Mattarello
117;7795;38123;Mattarello
118;7795;38123;Mattarello
118;7795;38123;Mattarello
119;7795;38123;Mattarello
120;7795;38123;Mattarello
120;7795;38123;Mattarello
121;7795;38123;Mattarello
122;7795;38123;Mattarello
122;7795;38123;Mattarello
123;7795;38123;Mattarello
123;7795;38123;Mattarello
124;7795;38123;Mattarello
124;7795;38123;Mattarello
125;7795;38123;Mattarello
125;7795;38123;Mattarello
126;7795;38123;Mattarello
126;7795;38123;Mattarello
127;7795;38123;Mattarello
128;7795;38123;Mattarello
128;7795;38123;Mattarello
129;7795;38123;Mattarello
129;7795;38123;Mattarello
129;7795;38123;Mattarello
130;7795;38123;Mattarello
130;7795;38123;Mattarello
131;7795;38123;Mattarello
131;7795;38123;Mattarello
132;7795;38123;Mattarello
132;7795;38123;Mattarello
133;7795;38123;Mattarello
133;7795;38123;Mattarello
133;7795;38123;Mattarello
135;7795;38123;Mattarello
135;7795;38123;Mattarello
137;7795;38123;Mattarello
139;7795;38123;Mattarello
141;7795;38123;Mattarello
143;7795;38123;Mattarello
143;7795;38123;Mattarello
145;7795;38123;Mattarello
147;7795;38123;Mattarello
2;7800;38123;Mattarello
2;7800;38123;Mattarello
3;7800;38123;Mattarello
3;7800;38123;Mattarello
3;7800;38123;Mattarello
4;7800;38123;Mattarello
4;7800;38123;Mattarello
5;7800;38123;Mattarello
5;7800;38123;Mattarello
5;7800;38123;Mattarello
6;7800;38123;Mattarello
6;7800;38123;Mattarello
8;7800;38123;Mattarello
8;7800;38123;Mattarello
10;7800;38123;Mattarello
12;7800;38123;Mattarello
12;7800;38123;Mattarello
14;7800;38123;Mattarello
14;7800;38123;Mattarello
14/A;7800;38123;Mattarello
14/A;7800;38123;Mattarello
16;7800;38123;Mattarello
18;7800;38123;Mattarello
20;7800;38123;Mattarello
20/A;7800;38123;Mattarello
22;7800;38123;Mattarello
22;7800;38123;Mattarello
24;7800;38123;Mattarello
24;7800;38123;Mattarello
24;7800;38123;Mattarello
26;7800;38123;Mattarello
28;7800;38123;Mattarello
30;7800;38123;Mattarello
30;7800;38123;Mattarello
30;7800;38123;Mattarello
2;7805;38123;Mattarello
2;7805;38123;Mattarello
4;7805;38123;Mattarello
4;7805;38123;Mattarello
5;7805;38123;Mattarello
6;7805;38123;Mattarello
6;7805;38123;Mattarello
7;7805;38123;Mattarello
8;7805;38123;Mattarello
8;7805;38123;Mattarello
9;7805;38123;Mattarello
10;7805;38123;Mattarello
11;7805;38123;Mattarello
15;7805;38123;Mattarello
1;7810;38123;Mattarello
1;7810;38123;Mattarello
2;7810;38123;Mattarello
2;7810;38123;Mattarello
2;7810;38123;Mattarello
3/A;7810;38123;Mattarello
3/A;7810;38123;Mattarello
3/B;7810;38123;Mattarello
3/C;7810;38123;Mattarello
3/D;7810;38123;Mattarello
4;7810;38123;Mattarello
5;7810;38123;Mattarello
5;7810;38123;Mattarello
6;7810;38123;Mattarello
6;7810;38123;Mattarello
7;7810;38123;Mattarello
7;7810;38123;Mattarello
8;7810;38123;Mattarello
8;7810;38123;Mattarello
8;7810;38123;Mattarello
9;7810;38123;Mattarello
9;7810;38123;Mattarello
11;7810;38123;Mattarello
11;7810;38123;Mattarello
11;7810;38123;Mattarello
13;7810;38123;Mattarello
13/A;7810;38123;Mattarello
13/A;7810;38123;Mattarello
13/B;7810;38123;Mattarello
15;7810;38123;Mattarello
15;7810;38123;Mattarello
15;7810;38123;Mattarello
15;7810;38123;Mattarello
15;7810;38123;Mattarello
15;7810;38123;Mattarello
19;7810;38123;Mattarello
19;7810;38123;Mattarello
19;7810;38123;Mattarello
19;7810;38123;Mattarello
21;7810;38123;Mattarello
21;7810;38123;Mattarello
23;7810;38123;Mattarello
23;7810;38123;Mattarello
23;7810;38123;Mattarello
23;7810;38123;Mattarello
1;7815;38123;Mattarello
1;7815;38123;Mattarello
3;7815;38123;Mattarello
4;7815;38123;Mattarello
4;7815;38123;Mattarello
5;7815;38123;Mattarello
6;7815;38123;Mattarello
7;7815;38123;Mattarello
7;7815;38123;Mattarello
9;7815;38123;Mattarello
9;7815;38123;Mattarello
10;7815;38123;Mattarello
10;7815;38123;Mattarello
11;7815;38123;Mattarello
12;7815;38123;Mattarello
12;7815;38123;Mattarello
13;7815;38123;Mattarello
14;7815;38123;Mattarello
15;7815;38123;Mattarello
15/A;7815;38123;Mattarello
15/B;7815;38123;Mattarello
16;7815;38123;Mattarello
16/A;7815;38123;Mattarello
17;7815;38123;Mattarello
17/A;7815;38123;Mattarello
19;7815;38123;Mattarello
21;7815;38123;Mattarello
23;7815;38123;Mattarello
23;7815;38123;Mattarello
23;7815;38123;Mattarello
25;7815;38123;Mattarello
25;7815;38123;Mattarello
26;7815;38123;Mattarello
26;7815;38123;Mattarello
27;7815;38123;Mattarello
27;7815;38123;Mattarello
28;7815;38123;Mattarello
28;7815;38123;Mattarello
28;7815;38123;Mattarello
29;7815;38123;Mattarello
30;7815;38123;Mattarello
31;7815;38123;Mattarello
32;7815;38123;Mattarello
32;7815;38123;Mattarello
32/1;7815;38123;Mattarello
32/1;7815;38123;Mattarello
32/2;7815;38123;Mattarello
32/2;7815;38123;Mattarello
32/3;7815;38123;Mattarello
32/3;7815;38123;Mattarello
33;7815;38123;Mattarello
34;7815;38123;Mattarello
34;7815;38123;Mattarello
34/1;7815;38123;Mattarello
34/1;7815;38123;Mattarello
34/2;7815;38123;Mattarello
34/2;7815;38123;Mattarello
35;7815;38123;Mattarello
35;7815;38123;Mattarello
36;7815;38123;Mattarello
36;7815;38123;Mattarello
36/1;7815;38123;Mattarello
36/1;7815;38123;Mattarello
36/2;7815;38123;Mattarello
36/2;7815;38123;Mattarello
38;7815;38123;Mattarello
38;7815;38123;Mattarello
40;7815;38123;Mattarello
40;7815;38123;Mattarello
41;7815;38123;Mattarello
42;7815;38123;Mattarello
42;7815;38123;Mattarello
43;7815;38123;Mattarello
43;7815;38123;Mattarello
43;7815;38123;Mattarello
43;7815;38123;Mattarello
43;7815;38123;Mattarello
44;7815;38123;Mattarello
44;7815;38123;Mattarello
45;7815;38123;Mattarello
45;7815;38123;Mattarello
46;7815;38123;Mattarello
46;7815;38123;Mattarello
47;7815;38123;Mattarello
48;7815;38123;Mattarello
48;7815;38123;Mattarello
49;7815;38123;Mattarello
50;7815;38123;Mattarello
51;7815;38123;Mattarello
51;7815;38123;Mattarello
52;7815;38123;Mattarello
52/A;7815;38123;Mattarello
53;7815;38123;Mattarello
54;7815;38123;Mattarello
54;7815;38123;Mattarello
55;7815;38123;Mattarello
56;7815;38123;Mattarello
56;7815;38123;Mattarello
57;7815;38123;Mattarello
58;7815;38123;Mattarello
60;7815;38123;Mattarello
61;7815;38123;Mattarello
61;7815;38123;Mattarello
64;7815;38123;Mattarello
64;7815;38123;Mattarello
66;7815;38123;Mattarello
66;7815;38123;Mattarello
67;7815;38123;Mattarello
67;7815;38123;Mattarello
67;7815;38123;Mattarello
68;7815;38123;Mattarello
70;7815;38123;Mattarello
71;7815;38123;Mattarello
71;7815;38123;Mattarello
71;7815;38123;Mattarello
72;7815;38123;Mattarello
73;7815;38123;Mattarello
73/A;7815;38123;Mattarello
74;7815;38123;Mattarello
76;7815;38123;Mattarello
76;7815;38123;Mattarello
77;7815;38123;Mattarello
78;7815;38123;Mattarello
78;7815;38123;Mattarello
79;7815;38123;Mattarello
79;7815;38123;Mattarello
80;7815;38123;Mattarello
82;7815;38123;Mattarello
82/A;7815;38123;Mattarello
82/B;7815;38123;Mattarello
84;7815;38123;Mattarello
84;7815;38123;Mattarello
84;7815;38123;Mattarello
86;7815;38123;Mattarello
88;7815;38123;Mattarello
90;7815;38123;Mattarello
92;7815;38123;Mattarello
94;7815;38123;Mattarello
96;7815;38123;Mattarello
98;7815;38123;Mattarello
100;7815;38123;Mattarello
100;7815;38123;Mattarello
102;7815;38123;Mattarello
102;7815;38123;Mattarello
104;7815;38123;Mattarello
104;7815;38123;Mattarello
106;7815;38123;Mattarello
106;7815;38123;Mattarello
108;7815;38123;Mattarello
108;7815;38123;Mattarello
108;7815;38123;Mattarello
110;7815;38123;Mattarello
110;7815;38123;Mattarello
112;7815;38123;Mattarello
112;7815;38123;Mattarello
114;7815;38123;Mattarello
114;7815;38123;Mattarello
116;7815;38123;Mattarello
116;7815;38123;Mattarello
118;7815;38123;Mattarello
118;7815;38123;Mattarello
120;7815;38123;Mattarello
120;7815;38123;Mattarello
122;7815;38123;Mattarello
122;7815;38123;Mattarello
124;7815;38123;Mattarello
126;7815;38123;Mattarello
128;7815;38123;Mattarello
128;7815;38123;Mattarello
132;7815;38123;Mattarello
134;7815;38123;Mattarello
134;7815;38123;Mattarello
136;7815;38123;Mattarello
138;7815;38123;Mattarello
138;7815;38123;Mattarello
138;7815;38123;Mattarello
140;7815;38123;Mattarello
140;7815;38123;Mattarello
140;7815;38123;Mattarello
140;7815;38123;Mattarello
142;7815;38123;Mattarello
142;7815;38123;Mattarello
144;7815;38123;Mattarello
144;7815;38123;Mattarello
144;7815;38123;Mattarello
144/A;7815;38123;Mattarello
144/A;7815;38123;Mattarello
146;7815;38123;Mattarello
146;7815;38123;Mattarello
148;7815;38123;Mattarello
150;7815;38123;Mattarello
152;7815;38123;Mattarello
152;7815;38123;Mattarello
152/1;7815;38123;Mattarello
154;7815;38123;Mattarello
154/1;7815;38123;Mattarello
154/2;7815;38123;Mattarello
154/A;7815;38123;Mattarello
156;7815;38123;Mattarello
156;7815;38123;Mattarello
156/A;7815;38123;Mattarello
156/A;7815;38123;Mattarello
158;7815;38123;Mattarello
158/A;7815;38123;Mattarello
160;7815;38123;Mattarello
162;7815;38123;Mattarello
166;7815;38123;Mattarello
166;7815;38123;Mattarello
166;7815;38123;Mattarello
168;7815;38123;Mattarello
170;7815;38123;Mattarello
170/1;7815;38123;Mattarello
172;7815;38123;Mattarello
172;7815;38123;Mattarello
172/A;7815;38123;Mattarello
172/A;7815;38123;Mattarello
172/B;7815;38123;Mattarello
172/B;7815;38123;Mattarello
174;7815;38123;Mattarello
174;7815;38123;Mattarello
180;7815;38123;Mattarello
180;7815;38123;Mattarello
180/A;7815;38123;Mattarello
180/B;7815;38123;Mattarello
182;7815;38123;Mattarello
182/A;7815;38123;Mattarello
182/B;7815;38123;Mattarello
184;7815;38123;Mattarello
184;7815;38123;Mattarello
186;7815;38123;Mattarello
186;7815;38123;Mattarello
186;7815;38123;Mattarello
186;7815;38123;Mattarello
188;7815;38123;Mattarello
188;7815;38123;Mattarello
188;7815;38123;Mattarello
188;7815;38123;Mattarello
188/A;7815;38123;Mattarello
190;7815;38123;Mattarello
192;7815;38123;Mattarello
194;7815;38123;Mattarello
196;7815;38123;Mattarello
198;7815;38123;Mattarello
200;7815;38123;Mattarello
202;7815;38123;Mattarello
204;7815;38123;Mattarello
206;7815;38123;Mattarello
208;7815;38123;Mattarello
210;7815;38123;Mattarello
212;7815;38123;Mattarello
214;7815;38123;Mattarello
216;7815;38123;Mattarello
218;7815;38123;Mattarello
220;7815;38123;Mattarello
222;7815;38123;Mattarello
5;7820;38123;Mattarello
7;7820;38123;Mattarello
9;7820;38123;Mattarello
11;7820;38123;Mattarello
12;7820;38123;Mattarello
13;7820;38123;Mattarello
14;7820;38123;Mattarello
15;7820;38123;Mattarello
17;7820;38123;Mattarello
17;7820;38123;Mattarello
18;7820;38123;Mattarello
20;7820;38123;Mattarello
21;7820;38123;Mattarello
23;7820;38123;Mattarello
25;7820;38123;Mattarello
29;7820;38123;Mattarello
29;7820;38123;Mattarello
29;7820;38123;Mattarello
30;7820;38123;Mattarello
32;7820;38123;Mattarello
32;7820;38123;Mattarello
33;7820;38123;Mattarello
34;7820;38123;Mattarello
34;7820;38123;Mattarello
34;7820;38123;Mattarello
36;7820;38123;Mattarello
36;7820;38123;Mattarello
37;7820;38123;Mattarello
37;7820;38123;Mattarello
38;7820;38123;Mattarello
40;7820;38123;Mattarello
40;7820;38123;Mattarello
41;7820;38123;Mattarello
42;7820;38123;Mattarello
42;7820;38123;Mattarello
43;7820;38123;Mattarello
44;7820;38123;Mattarello
44;7820;38123;Mattarello
45;7820;38123;Mattarello
46;7820;38123;Mattarello
46;7820;38123;Mattarello
47;7820;38123;Mattarello
47;7820;38123;Mattarello
48;7820;38123;Mattarello
49;7820;38123;Mattarello
51;7820;38123;Mattarello
52;7820;38123;Mattarello
53;7820;38123;Mattarello
57;7820;38123;Mattarello
57;7820;38123;Mattarello
61;7820;38123;Mattarello
61;7820;38123;Mattarello
67;7820;38123;Mattarello
69;7820;38123;Mattarello
73;7820;38123;Mattarello
79;7820;38123;Mattarello
81;7820;38123;Mattarello
83;7820;38123;Mattarello
85;7820;38123;Mattarello
95;7820;38123;Mattarello
99;7820;38123;Mattarello
103;7820;38123;Mattarello
105;7820;38123;Mattarello
119;7820;38123;Mattarello
121;7820;38123;Mattarello
123;7820;38123;Mattarello
125;7820;38123;Mattarello
139;7820;38123;Mattarello
139;7820;38123;Mattarello
141;7820;38123;Mattarello
141;7820;38123;Mattarello
145;7820;38123;Mattarello
147;7820;38123;Mattarello
147;7820;38123;Mattarello
151;7820;38123;Mattarello
151;7820;38123;Mattarello
151;7820;38123;Mattarello
151;7820;38123;Mattarello
153;7820;38123;Mattarello
153;7820;38123;Mattarello
153;7820;38123;Mattarello
153;7820;38123;Mattarello
157;7820;38123;Mattarello
159;7820;38123;Mattarello
161;7820;38123;Mattarello
163;7820;38123;Mattarello
165;7820;38123;Mattarello
167;7820;38123;Mattarello
6;7835;38123;Mattarello
6;7835;38123;Mattarello
8;7835;38123;Mattarello
10;7835;38123;Mattarello
11;7835;38123;Mattarello
12;7835;38123;Mattarello
13;7835;38123;Mattarello
14;7835;38123;Mattarello
15;7835;38123;Mattarello
16;7835;38123;Mattarello
17;7835;38123;Mattarello
20;7835;38123;Mattarello
6;7840;38123;Mattarello
7;7840;38123;Mattarello
7;7840;38123;Mattarello
11;7840;38123;Mattarello
11;7840;38123;Mattarello
15;7840;38123;Mattarello
1;7845;38123;Mattarello
1;7845;38123;Mattarello
3;7845;38123;Mattarello
5;7845;38123;Mattarello
6;7845;38123;Mattarello
6;7845;38123;Mattarello
6;7845;38123;Mattarello
7;7845;38123;Mattarello
12;7845;38123;Mattarello
12;7845;38123;Mattarello
16;7845;38123;Mattarello
16;7845;38123;Mattarello
16;7845;38123;Mattarello
24;7845;38123;Mattarello
26;7845;38123;Mattarello
26;7845;38123;Mattarello
28;7845;38123;Mattarello
28;7845;38123;Mattarello
28;7845;38123;Mattarello
30;7845;38123;Mattarello
30;7845;38123;Mattarello
30/A;7845;38123;Mattarello
30/A;7845;38123;Mattarello
32;7845;38123;Mattarello
32/A;7845;38123;Mattarello
34;7845;38123;Mattarello
36;7845;38123;Mattarello
36;7845;38123;Mattarello
36;7845;38123;Mattarello
36;7845;38123;Mattarello
40;7845;38123;Mattarello
42;7845;38123;Mattarello
42;7845;38123;Mattarello
42;7845;38123;Mattarello
44;7845;38123;Mattarello
5;7850;38123;Mattarello
7;7850;38123;Mattarello
8;7850;38123;Mattarello
8;7850;38123;Mattarello
13;7850;38123;Mattarello
13;7850;38123;Mattarello
14;7850;38123;Mattarello
14;7850;38123;Mattarello
17;7850;38123;Mattarello
17;7850;38123;Mattarello
17;7850;38123;Mattarello
21;7850;38123;Mattarello
30;7850;38123;Mattarello
30;7850;38123;Mattarello
30;7850;38123;Mattarello
31;7850;38123;Mattarello
31;7850;38123;Mattarello
31;7850;38123;Mattarello
32;7850;38123;Mattarello
32;7850;38123;Mattarello
32;7850;38123;Mattarello
34;7850;38123;Mattarello
34;7850;38123;Mattarello
36;7850;38123;Mattarello
36;7850;38123;Mattarello
40;7850;38123;Mattarello
40;7850;38123;Mattarello
50;7850;38123;Mattarello
51;7850;38123;Mattarello
53;7850;38123;Mattarello
53;7850;38123;Mattarello
61;7850;38123;Mattarello
71;7850;38123;Mattarello
77;7850;38123;Mattarello
79;7850;38123;Mattarello
79;7850;38123;Mattarello
81;7850;38123;Mattarello
81;7850;38123;Mattarello
85;7850;38123;Mattarello
87;7850;38123;Mattarello
87;7850;38123;Mattarello
89;7850;38123;Mattarello
6;7855;38123;Mattarello
6;7855;38123;Mattarello
7;7855;38123;Mattarello
7;7855;38123;Mattarello
7;7855;38123;Mattarello
7;7855;38123;Mattarello
10;7855;38123;Mattarello
11;7855;38123;Mattarello
11;7855;38123;Mattarello
11;7855;38123;Mattarello
12;7855;38123;Mattarello
15;7855;38123;Mattarello
15;7855;38123;Mattarello
17;7855;38123;Mattarello
17;7855;38123;Mattarello
21;7855;38123;Mattarello
21;7855;38123;Mattarello
25;7855;38123;Mattarello
25;7855;38123;Mattarello
29;7855;38123;Mattarello
6;7860;38123;Mattarello
6;7860;38123;Mattarello
6;7860;38123;Mattarello
8;7860;38123;Mattarello
8;7860;38123;Mattarello
9;7860;38123;Mattarello
12;7860;38123;Mattarello
12;7860;38123;Mattarello
12;7860;38123;Mattarello
12;7860;38123;Mattarello
13;7860;38123;Mattarello
13;7860;38123;Mattarello
13;7860;38123;Mattarello
13;7860;38123;Mattarello
14;7860;38123;Mattarello
14;7860;38123;Mattarello
14;7860;38123;Mattarello
16;7860;38123;Mattarello
18;7860;38123;Mattarello
20;7860;38123;Mattarello
21;7860;38123;Mattarello
22;7860;38123;Mattarello
22;7860;38123;Mattarello
22;7860;38123;Mattarello
25;7860;38123;Mattarello
26;7860;38123;Mattarello
27;7860;38123;Mattarello
28;7860;38123;Mattarello
29;7860;38123;Mattarello
30;7860;38123;Mattarello
35;7860;38123;Mattarello
40;7860;38123;Mattarello
40;7860;38123;Mattarello
40;7860;38123;Mattarello
40;7860;38123;Mattarello
41;7860;38123;Mattarello
41;7860;38123;Mattarello
44;7860;38123;Mattarello
44;7860;38123;Mattarello
47;7860;38123;Mattarello
47;7860;38123;Mattarello
3;7865;38123;Mattarello
3;7865;38123;Mattarello
4;7865;38123;Mattarello
4;7865;38123;Mattarello
8;7865;38123;Mattarello
8;7865;38123;Mattarello
10;7865;38123;Mattarello
10;7865;38123;Mattarello
11;7865;38123;Mattarello
11;7865;38123;Mattarello
15;7865;38123;Mattarello
15;7865;38123;Mattarello
16;7865;38123;Mattarello
16;7865;38123;Mattarello
17;7865;38123;Mattarello
17;7865;38123;Mattarello
19;7865;38123;Mattarello
19;7865;38123;Mattarello
20;7865;38123;Mattarello
20;7865;38123;Mattarello
23;7865;38123;Mattarello
23;7865;38123;Mattarello
23;7865;38123;Mattarello
24;7865;38123;Mattarello
24;7865;38123;Mattarello
24;7865;38123;Mattarello
29;7865;38123;Mattarello
30;7865;38123;Mattarello
30;7865;38123;Mattarello
30;7865;38123;Mattarello
42;7865;38123;Mattarello
42;7865;38123;Mattarello
42;7865;38123;Mattarello
44;7865;38123;Mattarello
48;7865;38123;Mattarello
48;7865;38123;Mattarello
50;7865;38123;Mattarello
50;7865;38123;Mattarello
50;7865;38123;Mattarello
50;7865;38123;Mattarello
50;7865;38123;Mattarello
58;7865;38123;Mattarello
60;7865;38123;Mattarello
62;7865;38123;Mattarello
66;7865;38123;Mattarello
1;7870;38123;Mattarello
3;7870;38123;Mattarello
4;7870;38123;Mattarello
4;7870;38123;Mattarello
5;7870;38123;Mattarello
5;7870;38123;Mattarello
5;7870;38123;Mattarello
5;7870;38123;Mattarello
6;7870;38123;Mattarello
8;7870;38123;Mattarello
9;7870;38123;Mattarello
9;7870;38123;Mattarello
9;7870;38123;Mattarello
10;7870;38123;Mattarello
11;7870;38123;Mattarello
11;7870;38123;Mattarello
12;7870;38123;Mattarello
13;7870;38123;Mattarello
13;7870;38123;Mattarello
14;7870;38123;Mattarello
14;7870;38123;Mattarello
17;7870;38123;Mattarello
17;7870;38123;Mattarello
19;7870;38123;Mattarello
19;7870;38123;Mattarello
20;7870;38123;Mattarello
22;7870;38123;Mattarello
24;7870;38123;Mattarello
26;7870;38123;Mattarello
26;7870;38123;Mattarello
26;7870;38123;Mattarello
26;7870;38123;Mattarello
27;7870;38123;Mattarello
29;7870;38123;Mattarello
29;7870;38123;Mattarello
29;7870;38123;Mattarello
30;7870;38123;Mattarello
35;7870;38123;Mattarello
35;7870;38123;Mattarello
36;7870;38123;Mattarello
36;7870;38123;Mattarello
39;7870;38123;Mattarello
39;7870;38123;Mattarello
40;7870;38123;Mattarello
40;7870;38123;Mattarello
42;7870;38123;Mattarello
42;7870;38123;Mattarello
44;7870;38123;Mattarello
44;7870;38123;Mattarello
44;7870;38123;Mattarello
46;7870;38123;Mattarello
46;7870;38123;Mattarello
47;7870;38123;Mattarello
47;7870;38123;Mattarello
51;7870;38123;Mattarello
51;7870;38123;Mattarello
53;7870;38123;Mattarello
55;7870;38123;Mattarello
57;7870;38123;Mattarello
59;7870;38123;Mattarello
61;7870;38123;Mattarello
63;7870;38123;Mattarello
3;7875;38123;Mattarello
3;7875;38123;Mattarello
6;7875;38123;Mattarello
6;7875;38123;Mattarello
6;7875;38123;Mattarello
6;7875;38123;Mattarello
6;7875;38123;Mattarello
6;7875;38123;Mattarello
6;7875;38123;Mattarello
6;7875;38123;Mattarello
6;7875;38123;Mattarello
7;7875;38123;Mattarello
7;7875;38123;Mattarello
8;7875;38123;Mattarello
9;7875;38123;Mattarello
9;7875;38123;Mattarello
10;7875;38123;Mattarello
11;7875;38123;Mattarello
11;7875;38123;Mattarello
13;7875;38123;Mattarello
13;7875;38123;Mattarello
13;7875;38123;Mattarello
15;7875;38123;Mattarello
15;7875;38123;Mattarello
15;7875;38123;Mattarello
15;7875;38123;Mattarello
16;7875;38123;Mattarello
1/A;7880;38123;Mattarello
2;7880;38123;Mattarello
2;7880;38123;Mattarello
2;7880;38123;Mattarello
2;7880;38123;Mattarello
2;7880;38123;Mattarello
2;7880;38123;Mattarello
2;7880;38123;Mattarello
3;7880;38123;Mattarello
3;7880;38123;Mattarello
3/A;7880;38123;Mattarello
3/B;7880;38123;Mattarello
3/C;7880;38123;Mattarello
4;7880;38123;Mattarello
4;7880;38123;Mattarello
4;7880;38123;Mattarello
4;7880;38123;Mattarello
4;7880;38123;Mattarello
4;7880;38123;Mattarello
4;7880;38123;Mattarello
4;7880;38123;Mattarello
4;7880;38123;Mattarello
4;7880;38123;Mattarello
4;7880;38123;Mattarello
4;7880;38123;Mattarello
4;7880;38123;Mattarello
5;7880;38123;Mattarello
5/A;7880;38123;Mattarello
5/B;7880;38123;Mattarello
6;7880;38123;Mattarello
6;7880;38123;Mattarello
6;7880;38123;Mattarello
6;7880;38123;Mattarello
6;7880;38123;Mattarello
6;7880;38123;Mattarello
7;7880;38123;Mattarello
7;7880;38123;Mattarello
7/A;7880;38123;Mattarello
7/B;7880;38123;Mattarello
9;7880;38123;Mattarello
9/A;7880;38123;Mattarello
9/B;7880;38123;Mattarello
10;7880;38123;Mattarello
10;7880;38123;Mattarello
10;7880;38123;Mattarello
11;7880;38123;Mattarello
11;7880;38123;Mattarello
11;7880;38123;Mattarello
11;7880;38123;Mattarello
11;7880;38123;Mattarello
14;7880;38123;Mattarello
14;7880;38123;Mattarello
14;7880;38123;Mattarello
14;7880;38123;Mattarello
14;7880;38123;Mattarello
15;7880;38123;Mattarello
15;7880;38123;Mattarello
15;7880;38123;Mattarello
15;7880;38123;Mattarello
16;7880;38123;Mattarello
16;7880;38123;Mattarello
16;7880;38123;Mattarello
18;7880;38123;Mattarello
18;7880;38123;Mattarello
20;7880;38123;Mattarello
20;7880;38123;Mattarello
22;7880;38123;Mattarello
22;7880;38123;Mattarello
22;7880;38123;Mattarello
22;7880;38123;Mattarello
24;7880;38123;Mattarello
24;7880;38123;Mattarello
24;7880;38123;Mattarello
24;7880;38123;Mattarello
25;7880;38123;Mattarello
25;7880;38123;Mattarello
25;7880;38123;Mattarello
26;7880;38123;Mattarello
33;7880;38123;Mattarello
33;7880;38123;Mattarello
33;7880;38123;Mattarello
33;7880;38123;Mattarello
33;7880;38123;Mattarello
33;7880;38123;Mattarello
33;7880;38123;Mattarello
33;7880;38123;Mattarello
33;7880;38123;Mattarello
37;7880;38123;Mattarello
37;7880;38123;Mattarello
37;7880;38123;Mattarello
37;7880;38123;Mattarello
37;7880;38123;Mattarello
37;7880;38123;Mattarello
39;7880;38123;Mattarello
39;7880;38123;Mattarello
39;7880;38123;Mattarello
39;7880;38123;Mattarello
1;7890;38123;Mattarello
1;7890;38123;Mattarello
1;7890;38123;Mattarello
1;7890;38123;Mattarello
1;7890;38123;Mattarello
2;7890;38123;Trento
2/B;7890;38123;Trento
3;7890;38123;Mattarello
3;7890;38123;Mattarello
3;7890;38123;Mattarello
3;7890;38123;Mattarello
3;7890;38123;Mattarello
3;7890;38123;Mattarello
4;7890;38123;Trento
1;7935;38123;Mattarello
2;7935;38123;Mattarello
3;7935;38123;Mattarello
4;7935;38123;Mattarello
5;7935;38123;Mattarello
5;7935;38123;Mattarello
5;7935;38123;Mattarello
5/A;7935;38123;Mattarello
5/A;7935;38123;Mattarello
6;7935;38123;Mattarello
7;7935;38123;Mattarello
8;7935;38123;Mattarello
9;7935;38123;Mattarello
10;7935;38123;Mattarello
11;7935;38123;Mattarello
12;7935;38123;Mattarello
13;7935;38123;Mattarello
13;7935;38123;Mattarello
14;7935;38123;Mattarello
14;7935;38123;Mattarello
15;7935;38123;Mattarello
15;7935;38123;Mattarello
16;7935;38123;Mattarello
17;7935;38123;Mattarello
18;7935;38123;Mattarello
1;7984;38123;Mattarello
1/A;7984;38123;Mattarello
3;7984;38123;Mattarello
3/A;7984;38123;Mattarello
4;7984;38123;Mattarello
5;7984;38123;Mattarello
6;7984;38123;Mattarello
7;7984;38123;Mattarello
8;7984;38123;Mattarello
9;7984;38123;Mattarello
11;7984;38123;Mattarello
12;7984;38123;Mattarello
13;7984;38123;Mattarello
14;7984;38123;Mattarello
15;7984;38123;Mattarello
16;7984;38123;Mattarello
17;7984;38123;Mattarello
18;7984;38123;Mattarello
19;7984;38123;Mattarello
20;7984;38123;Mattarello
21;7984;38123;Mattarello
22;7984;38123;Mattarello
23;7984;38123;Mattarello
24;7984;38123;Mattarello
28;7984;38123;Mattarello
32;7984;38123;Mattarello
32;7984;38123;Mattarello
34;7984;38123;Mattarello
34;7984;38123;Mattarello
38;7984;38123;Mattarello
41;7984;38123;Mattarello
41;7984;38123;Mattarello
41;7984;38123;Mattarello
41;7984;38123;Mattarello
41;7984;38123;Mattarello
41;7984;38123;Mattarello
42;7984;38123;Mattarello
46;7984;38123;Mattarello
46;7984;38123;Mattarello
48;7984;38123;Mattarello
50;7984;38123;Mattarello
51;7984;38123;Mattarello
52;7984;38123;Mattarello
53;7984;38123;Mattarello
54;7984;38123;Mattarello
55;7984;38123;Mattarello
56;7984;38123;Mattarello
57;7984;38123;Mattarello
59;7984;38123;Mattarello
59;7984;38123;Mattarello
60;7984;38123;Mattarello
60;7984;38123;Mattarello
61;7984;38123;Mattarello
61;7984;38123;Mattarello
62;7984;38123;Mattarello
62;7984;38123;Mattarello
63;7984;38123;Mattarello
63;7984;38123;Mattarello
64;7984;38123;Mattarello
65;7984;38123;Mattarello
65;7984;38123;Mattarello
67;7984;38123;Mattarello
69;7984;38123;Mattarello
70;7984;38123;Mattarello
71;7984;38123;Mattarello
73;7984;38123;Mattarello
74;7984;38123;Mattarello
74;7984;38123;Mattarello
80;7984;38123;Mattarello
80;7984;38123;Mattarello
81;7984;38123;Mattarello
84;7984;38123;Mattarello
84;7984;38123;Mattarello
84;7984;38123;Mattarello
85;7984;38123;Mattarello
85;7984;38123;Mattarello
86;7984;38123;Mattarello
87;7984;38123;Mattarello
87;7984;38123;Mattarello
88;7984;38123;Mattarello
88;7984;38123;Mattarello
88;7984;38123;Mattarello
90;7984;38123;Mattarello
90;7984;38123;Mattarello
90/A;7984;38123;Mattarello
91;7984;38123;Mattarello
92;7984;38123;Mattarello
95;7984;38123;Mattarello
96;7984;38123;Mattarello
96;7984;38123;Mattarello
96;7984;38123;Mattarello
96;7984;38123;Mattarello
98;7984;38123;Mattarello
98;7984;38123;Mattarello
100;7984;38123;Mattarello
101;7984;38123;Mattarello
102;7984;38123;Mattarello
106;7984;38123;Mattarello
106;7984;38123;Mattarello
106;7984;38123;Mattarello
146;7984;38123;Mattarello
150;7984;38123;Mattarello
1;7990;38123;Mattarello
2;7990;38123;Mattarello
3;7990;38123;Mattarello
4;7990;38123;Mattarello
4;7990;38123;Mattarello
5;7990;38123;Mattarello
6;7990;38123;Mattarello
7;7990;38123;Mattarello
8;7990;38123;Mattarello
9;7990;38123;Mattarello
10;7990;38123;Mattarello
11;7990;38123;Mattarello
12;7990;38123;Mattarello
13;7990;38123;Mattarello
14;7990;38123;Mattarello
15;7990;38123;Mattarello
16;7990;38123;Mattarello
17;7990;38123;Mattarello
18;7990;38123;Mattarello
19;7990;38123;Mattarello
20;7990;38123;Mattarello
21;7990;38123;Mattarello
22;7990;38123;Mattarello
23;7990;38123;Mattarello
24;7990;38123;Mattarello
25;7990;38123;Mattarello
26;7990;38123;Mattarello
27;7990;38123;Mattarello
28;7990;38123;Mattarello
29;7990;38123;Mattarello
30;7990;38123;Mattarello
31;7990;38123;Mattarello
32;7990;38123;Mattarello
33;7990;38123;Mattarello
34;7990;38123;Mattarello
35;7990;38123;Mattarello
36;7990;38123;Mattarello
37;7990;38123;Mattarello
38;7990;38123;Mattarello
39;7990;38123;Mattarello
41;7990;38123;Mattarello
43;7990;38123;Mattarello
45;7990;38123;Mattarello
46;7990;38123;Mattarello
47;7990;38123;Mattarello
48;7990;38123;Mattarello
49;7990;38123;Mattarello
50;7990;38123;Mattarello
51;7990;38123;Mattarello
52;7990;38123;Mattarello
53;7990;38123;Mattarello
54;7990;38123;Mattarello
55;7990;38123;Mattarello
56;7990;38123;Mattarello
57;7990;38123;Mattarello
58;7990;38123;Mattarello
59;7990;38123;Mattarello
60;7990;38123;Mattarello
61;7990;38123;Mattarello
62;7990;38123;Mattarello
63;7990;38123;Mattarello
64;7990;38123;Mattarello
64;7990;38123;Mattarello
65;7990;38123;Mattarello
66;7990;38123;Mattarello
67;7990;38123;Mattarello
68;7990;38123;Mattarello
69;7990;38123;Mattarello
70;7990;38123;Mattarello
70;7990;38123;Mattarello
71;7990;38123;Mattarello
72;7990;38123;Mattarello
72;7990;38123;Mattarello
73;7990;38123;Mattarello
74;7990;38123;Mattarello
74;7990;38123;Mattarello
75;7990;38123;Mattarello
77;7990;38123;Mattarello
78;7990;38123;Mattarello
78;7990;38123;Mattarello
79;7990;38123;Mattarello
80;7990;38123;Mattarello
81;7990;38123;Mattarello
82;7990;38123;Mattarello
82;7990;38123;Mattarello
83;7990;38123;Mattarello
85;7990;38123;Mattarello
86;7990;38123;Mattarello
86;7990;38123;Mattarello
86;7990;38123;Mattarello
87;7990;38123;Mattarello
88;7990;38123;Mattarello
88;7990;38123;Mattarello
89;7990;38123;Mattarello
90;7990;38123;Mattarello
90;7990;38123;Mattarello
91;7990;38123;Mattarello
92;7990;38123;Mattarello
92;7990;38123;Mattarello
93;7990;38123;Mattarello
94;7990;38123;Mattarello
94;7990;38123;Mattarello
95;7990;38123;Mattarello
96;7990;38123;Mattarello
96;7990;38123;Mattarello
97;7990;38123;Mattarello
98;7990;38123;Mattarello
98;7990;38123;Mattarello
99;7990;38123;Mattarello
100;7990;38123;Mattarello
100;7990;38123;Mattarello
101;7990;38123;Mattarello
102;7990;38123;Mattarello
102;7990;38123;Mattarello
103;7990;38123;Mattarello
104;7990;38123;Mattarello
104;7990;38123;Mattarello
105;7990;38123;Mattarello
106;7990;38123;Mattarello
107;7990;38123;Mattarello
109;7990;38123;Mattarello
111;7990;38123;Mattarello
112;7990;38123;Mattarello
112;7990;38123;Mattarello
112;7990;38123;Mattarello
113;7990;38123;Mattarello
115;7990;38123;Mattarello
117;7990;38123;Mattarello
119;7990;38123;Mattarello
121;7990;38123;Mattarello
123;7990;38123;Mattarello
125;7990;38123;Mattarello
127;7990;38123;Mattarello
129;7990;38123;Mattarello
131;7990;38123;Mattarello
133;7990;38123;Mattarello
135;7990;38123;Mattarello
137;7990;38123;Mattarello
139;7990;38123;Mattarello
141;7990;38123;Mattarello
143;7990;38123;Mattarello
145;7990;38123;Mattarello
147;7990;38123;Mattarello
149;7990;38123;Mattarello
151;7990;38123;Mattarello
153;7990;38123;Mattarello
155;7990;38123;Mattarello
157;7990;38123;Mattarello
159;7990;38123;Mattarello
161;7990;38123;Mattarello
163;7990;38123;Mattarello
165;7990;38123;Mattarello
167;7990;38123;Mattarello
169;7990;38123;Mattarello
171;7990;38123;Mattarello
173;7990;38123;Mattarello
175;7990;38123;Mattarello
177;7990;38123;Mattarello
179;7990;38123;Mattarello
181;7990;38123;Mattarello
183;7990;38123;Mattarello
185;7990;38123;Mattarello
187;7990;38123;Mattarello
189;7990;38123;Mattarello
191;7990;38123;Mattarello
193;7990;38123;Mattarello
195;7990;38123;Mattarello
197;7990;38123;Mattarello
199;7990;38123;Mattarello
201;7990;38123;Mattarello
203;7990;38123;Mattarello
205;7990;38123;Mattarello
207;7990;38123;Mattarello
209;7990;38123;Mattarello
211;7990;38123;Mattarello
213;7990;38123;Mattarello
1;8000;38123;Sopramonte
1;8000;38123;Sopramonte
3;8000;38123;Sopramonte
4;8000;38123;Sopramonte
5;8000;38123;Sopramonte
7;8000;38123;Sopramonte
8;8000;38123;Sopramonte
9;8000;38123;Sopramonte
11;8000;38123;Sopramonte
17;8000;38123;Sopramonte
19;8000;38123;Sopramonte
21;8000;38123;Sopramonte
27;8000;38123;Sopramonte
29;8000;38123;Sopramonte
31;8000;38123;Sopramonte
33;8000;38123;Sopramonte
35;8000;38123;Sopramonte
37;8000;38123;Sopramonte
39;8000;38123;Sopramonte
43;8000;38123;Sopramonte
43;8000;38123;Sopramonte
43;8000;38123;Sopramonte
45;8000;38123;Sopramonte
47;8000;38123;Sopramonte
49;8000;38123;Sopramonte
51;8000;38123;Sopramonte
53;8000;38123;Sopramonte
53;8000;38123;Sopramonte
55;8000;38123;Sopramonte
57;8000;38123;Sopramonte
1;8001;38123;Sopramonte
1;8001;38123;Sopramonte
6;8001;38123;Sopramonte
6;8001;38123;Sopramonte
7;8001;38123;Sopramonte
7;8001;38123;Sopramonte
8;8001;38123;Sopramonte
8;8001;38123;Sopramonte
9;8001;38123;Sopramonte
9;8001;38123;Sopramonte
9;8001;38123;Sopramonte
10;8001;38123;Sopramonte
10;8001;38123;Sopramonte
11;8001;38123;Sopramonte
11;8001;38123;Sopramonte
11;8001;38123;Sopramonte
12;8001;38123;Sopramonte
12;8001;38123;Sopramonte
13;8001;38123;Sopramonte
13;8001;38123;Sopramonte
13;8001;38123;Sopramonte
14;8001;38123;Sopramonte
14;8001;38123;Sopramonte
14;8001;38123;Sopramonte
15;8001;38123;Sopramonte
15;8001;38123;Sopramonte
15;8001;38123;Sopramonte
15;8001;38123;Sopramonte
16;8001;38123;Sopramonte
16;8001;38123;Sopramonte
17;8001;38123;Sopramonte
17;8001;38123;Sopramonte
18;8001;38123;Sopramonte
18;8001;38123;Sopramonte
20;8001;38123;Sopramonte
20;8001;38123;Sopramonte
22;8001;38123;Sopramonte
22;8001;38123;Sopramonte
23;8001;38123;Sopramonte
24;8001;38123;Sopramonte
24;8001;38123;Sopramonte
26;8001;38123;Sopramonte
26;8001;38123;Sopramonte
28;8001;38123;Sopramonte
28;8001;38123;Sopramonte
30;8001;38123;Sopramonte
30;8001;38123;Sopramonte
32;8001;38123;Sopramonte
32;8001;38123;Sopramonte
36;8001;38123;Sopramonte
36;8001;38123;Sopramonte
38;8001;38123;Sopramonte
38;8001;38123;Sopramonte
40;8001;38123;Sopramonte
40;8001;38123;Sopramonte
42;8001;38123;Sopramonte
42;8001;38123;Sopramonte
44;8001;38123;Sopramonte
44;8001;38123;Sopramonte
46;8001;38123;Sopramonte
46;8001;38123;Sopramonte
48;8001;38123;Sopramonte
48;8001;38123;Sopramonte
50;8001;38123;Sopramonte
50;8001;38123;Sopramonte
52;8001;38123;Sopramonte
52;8001;38123;Sopramonte
54;8001;38123;Sopramonte
54;8001;38123;Sopramonte
56;8001;38123;Sopramonte
56;8001;38123;Sopramonte
58;8001;38123;Sopramonte
58;8001;38123;Sopramonte
60;8001;38123;Sopramonte
60;8001;38123;Sopramonte
64;8001;38123;Sopramonte
64;8001;38123;Sopramonte
66;8001;38123;Sopramonte
66;8001;38123;Sopramonte
68;8001;38123;Sopramonte
68;8001;38123;Sopramonte
70;8001;38123;Sopramonte
70;8001;38123;Sopramonte
72;8001;38123;Sopramonte
72;8001;38123;Sopramonte
74;8001;38123;Sopramonte
74;8001;38123;Sopramonte
78;8001;38123;Sopramonte
78;8001;38123;Sopramonte
78;8001;38123;Sopramonte
80;8001;38123;Sopramonte
80;8001;38123;Sopramonte
80;8001;38123;Sopramonte
6;8002;38123;Sopramonte
6;8002;38123;Sopramonte
8;8002;38123;Sopramonte
12;8002;38123;Sopramonte
14;8002;38123;Sopramonte
2;8003;38123;Sopramonte
2;8003;38123;Sopramonte
2;8003;38123;Sopramonte
3;8003;38123;Sopramonte
3;8003;38123;Sopramonte
4;8003;38123;Sopramonte
7;8003;38123;Sopramonte
7;8003;38123;Sopramonte
13;8003;38123;Sopramonte
10;8004;38123;Sopramonte
10;8004;38123;Sopramonte
3;8005;38123;Sopramonte
5;8005;38123;Sopramonte
3;8006;38123;Sopramonte
5;8006;38123;Sopramonte
7;8006;38123;Sopramonte
9;8006;38123;Sopramonte
10;8007;38123;Sopramonte
12;8007;38123;Sopramonte
20;8007;38123;Sopramonte
1;8011;38123;Sopramonte
1;8011;38123;Sopramonte
3;8011;38123;Sopramonte
3;8011;38123;Sopramonte
4;8011;38123;Sopramonte
4;8011;38123;Sopramonte
5;8011;38123;Sopramonte
6;8011;38123;Sopramonte
6;8011;38123;Sopramonte
7;8011;38123;Sopramonte
8;8011;38123;Sopramonte
8;8011;38123;Sopramonte
11;8011;38123;Sopramonte
11;8011;38123;Sopramonte
13;8011;38123;Sopramonte
13;8011;38123;Sopramonte
15;8011;38123;Sopramonte
15;8011;38123;Sopramonte
17;8011;38123;Sopramonte
17;8011;38123;Sopramonte
19;8011;38123;Sopramonte
19;8011;38123;Sopramonte
21;8011;38123;Sopramonte
23;8011;38123;Sopramonte
23;8011;38123;Sopramonte
27;8011;38123;Sopramonte
27;8011;38123;Sopramonte
27;8011;38123;Sopramonte
29;8011;38123;Sopramonte
29;8011;38123;Sopramonte
31;8011;38123;Sopramonte
31;8011;38123;Sopramonte
33;8011;38123;Sopramonte
35;8011;38123;Sopramonte
37;8011;38123;Sopramonte
39;8011;38123;Sopramonte
41;8011;38123;Sopramonte
41;8011;38123;Sopramonte
41;8011;38123;Sopramonte
43;8011;38123;Sopramonte
45;8011;38123;Sopramonte
45;8011;38123;Sopramonte
47;8011;38123;Sopramonte
47;8011;38123;Sopramonte
49;8011;38123;Sopramonte
49;8011;38123;Sopramonte
51;8011;38123;Sopramonte
51;8011;38123;Sopramonte
53;8011;38123;Sopramonte
53;8011;38123;Sopramonte
55;8011;38123;Sopramonte
55;8011;38123;Sopramonte
57;8011;38123;Sopramonte
61;8011;38123;Sopramonte
61;8011;38123;Sopramonte
69;8011;38123;Sopramonte
1;8012;38123;Sopramonte
1;8012;38123;Sopramonte
2;8012;38123;Sopramonte
3;8012;38123;Sopramonte
6;8012;38123;Sopramonte
6;8012;38123;Sopramonte
7;8012;38123;Sopramonte
7;8012;38123;Sopramonte
7;8012;38123;Sopramonte
7;8012;38123;Sopramonte
8;8012;38123;Sopramonte
8;8012;38123;Sopramonte
10;8012;38123;Sopramonte
11;8012;38123;Sopramonte
11;8012;38123;Sopramonte
12;8012;38123;Sopramonte
14;8012;38123;Sopramonte
15;8012;38123;Sopramonte
16;8012;38123;Sopramonte
16;8012;38123;Sopramonte
18;8012;38123;Sopramonte
20;8012;38123;Sopramonte
21;8012;38123;Sopramonte
23;8012;38123;Sopramonte
24;8012;38123;Sopramonte
27;8012;38123;Sopramonte
28;8012;38123;Sopramonte
28;8012;38123;Sopramonte
29;8012;38123;Sopramonte
29;8012;38123;Sopramonte
29;8012;38123;Sopramonte
30;8012;38123;Sopramonte
30;8012;38123;Sopramonte
31;8012;38123;Sopramonte
33;8012;38123;Sopramonte
33;8012;38123;Sopramonte
35;8012;38123;Sopramonte
37;8012;38123;Sopramonte
39;8012;38123;Sopramonte
41;8012;38123;Sopramonte
41;8012;38123;Sopramonte
2;8013;38123;Sopramonte
2;8013;38123;Sopramonte
3;8013;38123;Sopramonte
5;8013;38123;Sopramonte
5;8013;38123;Sopramonte
6;8013;38123;Sopramonte
9;8013;38123;Sopramonte
9;8013;38123;Sopramonte
10;8013;38123;Sopramonte
10;8013;38123;Sopramonte
11;8013;38123;Sopramonte
11;8013;38123;Sopramonte
12;8013;38123;Sopramonte
13;8013;38123;Sopramonte
14;8013;38123;Sopramonte
15;8013;38123;Sopramonte
16;8013;38123;Sopramonte
17;8013;38123;Sopramonte
18;8013;38123;Sopramonte
18/A;8013;38123;Sopramonte
18/A;8013;38123;Sopramonte
19;8013;38123;Sopramonte
20;8013;38123;Sopramonte
20;8013;38123;Sopramonte
22;8013;38123;Sopramonte
23;8013;38123;Sopramonte
24;8013;38123;Sopramonte
25;8013;38123;Sopramonte
26;8013;38123;Sopramonte
27;8013;38123;Sopramonte
28;8013;38123;Sopramonte
29;8013;38123;Sopramonte
30;8013;38123;Sopramonte
31;8013;38123;Sopramonte
31;8013;38123;Sopramonte
32;8013;38123;Sopramonte
33;8013;38123;Sopramonte
33;8013;38123;Sopramonte
34;8013;38123;Sopramonte
34;8013;38123;Sopramonte
35;8013;38123;Sopramonte
36;8013;38123;Sopramonte
36;8013;38123;Sopramonte
37;8013;38123;Sopramonte
38;8013;38123;Sopramonte
39;8013;38123;Sopramonte
40;8013;38123;Sopramonte
41;8013;38123;Sopramonte
42;8013;38123;Sopramonte
42;8013;38123;Sopramonte
43;8013;38123;Sopramonte
44;8013;38123;Sopramonte
44;8013;38123;Sopramonte
45;8013;38123;Sopramonte
46;8013;38123;Sopramonte
46/A;8013;38123;Sopramonte
47;8013;38123;Sopramonte
49;8013;38123;Sopramonte
50;8013;38123;Sopramonte
50;8013;38123;Sopramonte
51;8013;38123;Sopramonte
52;8013;38123;Sopramonte
53;8013;38123;Sopramonte
55;8013;38123;Sopramonte
57;8013;38123;Sopramonte
59;8013;38123;Sopramonte
63;8013;38123;Sopramonte
63/A;8013;38123;Sopramonte
65;8013;38123;Sopramonte
65;8013;38123;Sopramonte
69;8013;38123;Sopramonte
69;8013;38123;Sopramonte
71;8013;38123;Sopramonte
73;8013;38123;Sopramonte
75;8013;38123;Sopramonte
77;8013;38123;Sopramonte
79;8013;38123;Sopramonte
81;8013;38123;Sopramonte
91;8013;38123;Sopramonte
93;8013;38123;Sopramonte
101;8013;38123;Sopramonte
101;8013;38123;Sopramonte
1;8015;38123;Sopramonte
1;8016;38123;Sopramonte
1;8016;38123;Sopramonte
3;8016;38123;Sopramonte
3;8016;38123;Sopramonte
4;8016;38123;Sopramonte
4;8016;38123;Sopramonte
5;8016;38123;Sopramonte
5;8016;38123;Sopramonte
7;8016;38123;Sopramonte
9;8016;38123;Sopramonte
11;8016;38123;Sopramonte
11;8016;38123;Sopramonte
11;8016;38123;Sopramonte
11;8016;38123;Sopramonte
12;8016;38123;Sopramonte
12;8016;38123;Sopramonte
14;8016;38123;Sopramonte
15;8016;38123;Sopramonte
15;8016;38123;Sopramonte
18;8016;38123;Sopramonte
19;8016;38123;Sopramonte
20;8016;38123;Sopramonte
21;8016;38123;Sopramonte
21;8016;38123;Sopramonte
21;8016;38123;Sopramonte
21;8016;38123;Sopramonte
23;8016;38123;Sopramonte
23;8016;38123;Sopramonte
24;8016;38123;Sopramonte
24;8016;38123;Sopramonte
24;8016;38123;Sopramonte
25;8016;38123;Sopramonte
25;8016;38123;Sopramonte
25;8016;38123;Sopramonte
27;8016;38123;Sopramonte
27;8016;38123;Sopramonte
29;8016;38123;Sopramonte
31;8016;38123;Sopramonte
31;8016;38123;Sopramonte
2;8017;38123;Sopramonte
3;8017;38123;Sopramonte
4;8017;38123;Sopramonte
4;8017;38123;Sopramonte
5;8017;38123;Sopramonte
5;8017;38123;Sopramonte
6;8017;38123;Sopramonte
7;8017;38123;Sopramonte
7;8017;38123;Sopramonte
7;8017;38123;Sopramonte
7;8017;38123;Sopramonte
7;8017;38123;Sopramonte
8;8017;38123;Sopramonte
8;8017;38123;Sopramonte
9;8017;38123;Sopramonte
9;8017;38123;Sopramonte
10;8017;38123;Sopramonte
11;8017;38123;Sopramonte
11;8017;38123;Sopramonte
12;8017;38123;Sopramonte
13;8017;38123;Sopramonte
14;8017;38123;Sopramonte
14;8017;38123;Sopramonte
15;8017;38123;Sopramonte
15;8017;38123;Sopramonte
16;8017;38123;Sopramonte
18;8017;38123;Sopramonte
19;8017;38123;Sopramonte
21;8017;38123;Sopramonte
23;8017;38123;Sopramonte
25/A;8017;38123;Sopramonte
25/C;8017;38123;Sopramonte
25/D;8017;38123;Sopramonte
25/D;8017;38123;Sopramonte
25/E;8017;38123;Sopramonte
25/F;8017;38123;Sopramonte
25/F;8017;38123;Sopramonte
27;8017;38123;Sopramonte
29;8017;38123;Sopramonte
31;8017;38123;Sopramonte
33;8017;38123;Sopramonte
35;8017;38123;Sopramonte
37;8017;38123;Sopramonte
37;8017;38123;Sopramonte
2;8018;38123;Sopramonte
3;8018;38123;Sopramonte
3;8018;38123;Sopramonte
4;8018;38123;Sopramonte
5;8018;38123;Sopramonte
5;8018;38123;Sopramonte
6;8018;38123;Sopramonte
6;8018;38123;Sopramonte
9;8018;38123;Sopramonte
9/A;8018;38123;Sopramonte
10;8018;38123;Sopramonte
10;8018;38123;Sopramonte
12;8018;38123;Sopramonte
12;8018;38123;Sopramonte
12;8018;38123;Sopramonte
12;8018;38123;Sopramonte
12;8018;38123;Sopramonte
17;8018;38123;Sopramonte
17;8018;38123;Sopramonte
21;8018;38123;Sopramonte
23;8018;38123;Sopramonte
25;8018;38123;Sopramonte
25;8018;38123;Sopramonte
27;8018;38123;Sopramonte
27;8018;38123;Sopramonte
29;8018;38123;Sopramonte
29;8018;38123;Sopramonte
31;8018;38123;Sopramonte
31;8018;38123;Sopramonte
37;8018;38123;Sopramonte
37;8018;38123;Sopramonte
37;8018;38123;Sopramonte
37;8018;38123;Sopramonte
41;8018;38123;Sopramonte
41;8018;38123;Sopramonte
47;8018;38123;Sopramonte
49;8018;38123;Sopramonte
51;8018;38123;Sopramonte
53;8018;38123;Sopramonte
53;8018;38123;Sopramonte
53;8018;38123;Sopramonte
59;8018;38123;Sopramonte
61;8018;38123;Sopramonte
61;8018;38123;Sopramonte
63;8018;38123;Sopramonte
65;8018;38123;Sopramonte
65;8018;38123;Sopramonte
67;8018;38123;Sopramonte
3;8019;38123;Sopramonte
3;8019;38123;Sopramonte
4;8019;38123;Sopramonte
4;8019;38123;Sopramonte
3;8021;38123;Sopramonte
3;8021;38123;Sopramonte
4;8021;38123;Sopramonte
7;8021;38123;Sopramonte
7;8021;38123;Sopramonte
9;8021;38123;Sopramonte
15;8021;38123;Sopramonte
17;8021;38123;Sopramonte
21;8021;38123;Sopramonte
21;8021;38123;Sopramonte
1;8022;38123;Sopramonte
2;8022;38123;Sopramonte
2;8022;38123;Sopramonte
3;8022;38123;Sopramonte
6;8022;38123;Sopramonte
6;8022;38123;Sopramonte
7;8022;38123;Sopramonte
7;8022;38123;Sopramonte
10;8022;38123;Sopramonte
10;8022;38123;Sopramonte
14;8022;38123;Sopramonte
15;8022;38123;Sopramonte
17;8022;38123;Sopramonte
19;8022;38123;Sopramonte
21;8022;38123;Sopramonte
31;8022;38123;Sopramonte
33;8022;38123;Sopramonte
35;8022;38123;Sopramonte
37;8022;38123;Sopramonte
3;8023;38123;Sopramonte
3;8023;38123;Sopramonte
3;8023;38123;Sopramonte
4;8023;38123;Sopramonte
5;8023;38123;Sopramonte
5;8023;38123;Sopramonte
6;8023;38123;Sopramonte
7;8023;38123;Sopramonte
7;8023;38123;Sopramonte
8;8023;38123;Sopramonte
8;8023;38123;Sopramonte
8;8023;38123;Sopramonte
9;8023;38123;Sopramonte
9;8023;38123;Sopramonte
10;8023;38123;Sopramonte
11;8023;38123;Sopramonte
12;8023;38123;Sopramonte
12;8023;38123;Sopramonte
13;8023;38123;Sopramonte
14;8023;38123;Sopramonte
15;8023;38123;Sopramonte
16;8023;38123;Sopramonte
16;8023;38123;Sopramonte
17;8023;38123;Sopramonte
18;8023;38123;Sopramonte
18;8023;38123;Sopramonte
19;8023;38123;Sopramonte
19;8023;38123;Sopramonte
19;8023;38123;Sopramonte
20;8023;38123;Sopramonte
20;8023;38123;Sopramonte
24;8023;38123;Sopramonte
25;8023;38123;Sopramonte
26;8023;38123;Sopramonte
26;8023;38123;Sopramonte
3;8026;38123;Sopramonte
3;8026;38123;Sopramonte
3/A;8026;38123;Sopramonte
3/B;8026;38123;Sopramonte
5;8026;38123;Sopramonte
7;8026;38123;Sopramonte
7;8026;38123;Sopramonte
7;8026;38123;Sopramonte
13;8026;38123;Sopramonte
15;8026;38123;Sopramonte
1;8027;38123;Sopramonte
5;8027;38123;Sopramonte
8;8027;38123;Sopramonte
8;8027;38123;Sopramonte
9;8027;38123;Sopramonte
10;8027;38123;Sopramonte
10;8027;38123;Sopramonte
11;8027;38123;Sopramonte
13;8027;38123;Sopramonte
15;8027;38123;Sopramonte
17;8027;38123;Sopramonte
17;8027;38123;Sopramonte
18;8027;38123;Sopramonte
19;8027;38123;Sopramonte
20;8027;38123;Sopramonte
21;8027;38123;Sopramonte
1;8028;38123;Sopramonte
1;8028;38123;Sopramonte
2;8028;38123;Sopramonte
2;8028;38123;Sopramonte
2;8028;38123;Sopramonte
3;8028;38123;Sopramonte
3;8028;38123;Sopramonte
5;8028;38123;Sopramonte
6;8028;38123;Sopramonte
6;8028;38123;Sopramonte
7;8028;38123;Sopramonte
7;8028;38123;Sopramonte
7;8028;38123;Sopramonte
8;8028;38123;Sopramonte
8;8028;38123;Sopramonte
9;8028;38123;Sopramonte
9;8028;38123;Sopramonte
10;8028;38123;Sopramonte
10;8028;38123;Sopramonte
11;8028;38123;Sopramonte
11;8028;38123;Sopramonte
12;8028;38123;Sopramonte
12;8028;38123;Sopramonte
13;8028;38123;Sopramonte
13;8028;38123;Sopramonte
16;8028;38123;Sopramonte
16;8028;38123;Sopramonte
16;8028;38123;Sopramonte
1;8029;38123;Sopramonte
2;8029;38123;Sopramonte
3;8029;38123;Sopramonte
3;8029;38123;Sopramonte
3;8029;38123;Sopramonte
3;8029;38123;Sopramonte
4;8029;38123;Sopramonte
2;8031;38123;Sopramonte
3;8031;38123;Sopramonte
4;8031;38123;Sopramonte
4;8031;38123;Sopramonte
6;8031;38123;Sopramonte
10;8031;38123;Sopramonte
6;8032;38123;Sopramonte
7;8032;38123;Sopramonte
10;8032;38123;Sopramonte
13;8032;38123;Sopramonte
14;8032;38123;Sopramonte
15;8032;38123;Sopramonte
16;8032;38123;Sopramonte
17;8032;38123;Sopramonte
17;8032;38123;Sopramonte
21;8032;38123;Sopramonte
21/A;8032;38123;Sopramonte
21/B;8032;38123;Sopramonte
21/C;8032;38123;Sopramonte
22;8032;38123;Sopramonte
22;8032;38123;Sopramonte
23;8032;38123;Sopramonte
25;8032;38123;Sopramonte
27;8032;38123;Sopramonte
27;8032;38123;Sopramonte
27;8032;38123;Sopramonte
29;8032;38123;Sopramonte
29;8032;38123;Sopramonte
29;8032;38123;Sopramonte
30;8032;38123;Sopramonte
31;8032;38123;Sopramonte
31;8032;38123;Sopramonte
32;8032;38123;Sopramonte
33;8032;38123;Sopramonte
34;8032;38123;Sopramonte
35;8032;38123;Sopramonte
35;8032;38123;Sopramonte
35;8032;38123;Sopramonte
35;8032;38123;Sopramonte
36;8032;38123;Sopramonte
36;8032;38123;Sopramonte
37;8032;38123;Sopramonte
38;8032;38123;Sopramonte
39;8032;38123;Sopramonte
40;8032;38123;Sopramonte
40;8032;38123;Sopramonte
42;8032;38123;Sopramonte
42/A;8032;38123;Sopramonte
43;8032;38123;Sopramonte
44;8032;38123;Sopramonte
44/A;8032;38123;Sopramonte
45;8032;38123;Sopramonte
49;8032;38123;Sopramonte
49;8032;38123;Sopramonte
49;8032;38123;Sopramonte
50;8032;38123;Sopramonte
50;8032;38123;Sopramonte
51;8032;38123;Sopramonte
51;8032;38123;Sopramonte
52;8032;38123;Sopramonte
52;8032;38123;Sopramonte
53;8032;38123;Sopramonte
53;8032;38123;Sopramonte
55;8032;38123;Sopramonte
55/A;8032;38123;Sopramonte
57;8032;38123;Sopramonte
57;8032;38123;Sopramonte
59;8032;38123;Sopramonte
59;8032;38123;Sopramonte
61;8032;38123;Sopramonte
61;8032;38123;Sopramonte
61;8032;38123;Sopramonte
63;8032;38123;Sopramonte
63;8032;38123;Sopramonte
65;8032;38123;Sopramonte
65;8032;38123;Sopramonte
67;8032;38123;Sopramonte
69;8032;38123;Sopramonte
71;8032;38123;Sopramonte
73;8032;38123;Sopramonte
75;8032;38123;Sopramonte
75;8032;38123;Sopramonte
75;8032;38123;Sopramonte
1;8033;38123;Sopramonte
1;8033;38123;Sopramonte
2;8033;38123;Sopramonte
2;8033;38123;Sopramonte
2;8033;38123;Sopramonte
3;8033;38123;Sopramonte
3;8033;38123;Sopramonte
5;8033;38123;Sopramonte
5;8033;38123;Sopramonte
6;8033;38123;Sopramonte
7;8033;38123;Sopramonte
7;8033;38123;Sopramonte
8;8033;38123;Sopramonte
11;8033;38123;Sopramonte
11;8033;38123;Sopramonte
12;8033;38123;Sopramonte
12;8033;38123;Sopramonte
13;8033;38123;Sopramonte
13;8033;38123;Sopramonte
14;8033;38123;Sopramonte
14;8033;38123;Sopramonte
15;8033;38123;Sopramonte
16;8033;38123;Sopramonte
16;8033;38123;Sopramonte
18;8033;38123;Sopramonte
18;8033;38123;Sopramonte
19;8033;38123;Sopramonte
19;8033;38123;Sopramonte
20;8033;38123;Sopramonte
20;8033;38123;Sopramonte
21;8033;38123;Sopramonte
22;8033;38123;Sopramonte
22;8033;38123;Sopramonte
23;8033;38123;Sopramonte
23;8033;38123;Sopramonte
24;8033;38123;Sopramonte
24;8033;38123;Sopramonte
25;8033;38123;Sopramonte
25;8033;38123;Sopramonte
26;8033;38123;Sopramonte
26;8033;38123;Sopramonte
28;8033;38123;Sopramonte
28;8033;38123;Sopramonte
29;8033;38123;Sopramonte
29;8033;38123;Sopramonte
30;8033;38123;Sopramonte
30;8033;38123;Sopramonte
31;8033;38123;Sopramonte
32;8033;38123;Sopramonte
33;8033;38123;Sopramonte
34;8033;38123;Sopramonte
34;8033;38123;Sopramonte
35;8033;38123;Sopramonte
36;8033;38123;Sopramonte
36;8033;38123;Sopramonte
37;8033;38123;Sopramonte
38;8033;38123;Sopramonte
39;8033;38123;Sopramonte
40;8033;38123;Sopramonte
40;8033;38123;Sopramonte
40;8033;38123;Sopramonte
41;8033;38123;Sopramonte
43;8033;38123;Sopramonte
44;8033;38123;Sopramonte
44;8033;38123;Sopramonte
45;8033;38123;Sopramonte
46;8033;38123;Sopramonte
46;8033;38123;Sopramonte
47;8033;38123;Sopramonte
48;8033;38123;Sopramonte
48;8033;38123;Sopramonte
50;8033;38123;Sopramonte
50;8033;38123;Sopramonte
52;8033;38123;Sopramonte
52;8033;38123;Sopramonte
54;8033;38123;Sopramonte
56;8033;38123;Sopramonte
56;8033;38123;Sopramonte
58;8033;38123;Sopramonte
58;8033;38123;Sopramonte
60;8033;38123;Sopramonte
62;8033;38123;Sopramonte
66;8033;38123;Sopramonte
68;8033;38123;Sopramonte
68;8033;38123;Sopramonte
70;8033;38123;Sopramonte
72;8033;38123;Sopramonte
72;8033;38123;Sopramonte
86;8033;38123;Sopramonte
86;8033;38123;Sopramonte
86;8033;38123;Sopramonte
90;8033;38123;Sopramonte
92;8033;38123;Sopramonte
94;8033;38123;Sopramonte
98;8033;38123;Sopramonte
100;8033;38123;Sopramonte
102;8033;38123;Sopramonte
106;8033;38123;Sopramonte
106;8033;38123;Sopramonte
108;8033;38123;Sopramonte
4;8036;38123;Sopramonte
4;8036;38123;Sopramonte
8;8036;38123;Sopramonte
10;8036;38123;Sopramonte
2;8037;38123;Sopramonte
4;8037;38123;Sopramonte
6;8037;38123;Sopramonte
7;8037;38123;Sopramonte
9;8037;38123;Sopramonte
10;8037;38123;Sopramonte
12;8037;38123;Sopramonte
13;8037;38123;Sopramonte
13;8037;38123;Sopramonte
14;8037;38123;Sopramonte
15;8037;38123;Sopramonte
15;8037;38123;Sopramonte
16;8037;38123;Sopramonte
18;8037;38123;Sopramonte
18;8037;38123;Sopramonte
19;8037;38123;Sopramonte
20;8037;38123;Sopramonte
21;8037;38123;Sopramonte
22;8037;38123;Sopramonte
23;8037;38123;Sopramonte
25;8037;38123;Sopramonte
25;8037;38123;Sopramonte
25;8037;38123;Sopramonte
26;8037;38123;Sopramonte
27;8037;38123;Sopramonte
29;8037;38123;Sopramonte
30;8037;38123;Sopramonte
30;8037;38123;Sopramonte
33;8037;38123;Sopramonte
33;8037;38123;Sopramonte
34;8037;38123;Sopramonte
35;8037;38123;Sopramonte
35;8037;38123;Sopramonte
36;8037;38123;Sopramonte
37;8037;38123;Sopramonte
38;8037;38123;Sopramonte
39;8037;38123;Sopramonte
39;8037;38123;Sopramonte
40;8037;38123;Sopramonte
41;8037;38123;Sopramonte
42;8037;38123;Sopramonte
43;8037;38123;Sopramonte
46;8037;38123;Sopramonte
47;8037;38123;Sopramonte
48;8037;38123;Sopramonte
49;8037;38123;Sopramonte
50;8037;38123;Sopramonte
51;8037;38123;Sopramonte
52;8037;38123;Sopramonte
53;8037;38123;Sopramonte
54;8037;38123;Sopramonte
55;8037;38123;Sopramonte
56;8037;38123;Sopramonte
60;8037;38123;Sopramonte
62;8037;38123;Sopramonte
64;8037;38123;Sopramonte
66;8037;38123;Sopramonte
68;8037;38123;Sopramonte
70;8037;38123;Sopramonte
72;8037;38123;Sopramonte
76;8037;38123;Sopramonte
80;8037;38123;Sopramonte
2;8038;38123;Sopramonte
4;8038;38123;Sopramonte
5;8038;38123;Sopramonte
6;8038;38123;Sopramonte
7;8038;38123;Sopramonte
10;8038;38123;Sopramonte
10;8038;38123;Sopramonte
11;8038;38123;Sopramonte
11;8038;38123;Sopramonte
11;8038;38123;Sopramonte
11;8038;38123;Sopramonte
11;8038;38123;Sopramonte
11;8038;38123;Sopramonte
11;8038;38123;Sopramonte
11;8038;38123;Sopramonte
11;8038;38123;Sopramonte
11;8038;38123;Sopramonte
11;8038;38123;Sopramonte
11;8038;38123;Sopramonte
11;8038;38123;Sopramonte
11/A;8038;38123;Sopramonte
12;8038;38123;Sopramonte
12;8038;38123;Sopramonte
14;8038;38123;Sopramonte
14;8038;38123;Sopramonte
15;8038;38123;Sopramonte
15;8038;38123;Sopramonte
16;8038;38123;Sopramonte
16;8038;38123;Sopramonte
17;8038;38123;Sopramonte
17;8038;38123;Sopramonte
18;8038;38123;Sopramonte
18;8038;38123;Sopramonte
19;8038;38123;Sopramonte
22;8038;38123;Sopramonte
22;8038;38123;Sopramonte
23;8038;38123;Sopramonte
25;8038;38123;Sopramonte
3;8039;38123;Sopramonte
4;8039;38123;Sopramonte
5;8039;38123;Sopramonte
6;8039;38123;Sopramonte
7;8039;38123;Sopramonte
11;8039;38123;Sopramonte
12;8039;38123;Sopramonte
13;8039;38123;Sopramonte
14;8039;38123;Sopramonte
15;8039;38123;Sopramonte
16;8039;38123;Sopramonte
17;8039;38123;Sopramonte
19;8039;38123;Sopramonte
20;8039;38123;Sopramonte
21;8039;38123;Sopramonte
23;8039;38123;Sopramonte
23;8039;38123;Sopramonte
27;8039;38123;Sopramonte
29;8039;38123;Sopramonte
31;8039;38123;Sopramonte
35;8039;38123;Sopramonte
1;8041;38123;Sopramonte
1;8041;38123;Sopramonte
2;8041;38123;Sopramonte
3;8041;38123;Sopramonte
3;8041;38123;Sopramonte
6;8041;38123;Sopramonte
7;8041;38123;Sopramonte
7;8041;38123;Sopramonte
8;8041;38123;Sopramonte
9;8041;38123;Sopramonte
9;8041;38123;Sopramonte
11;8041;38123;Sopramonte
12;8041;38123;Sopramonte
13;8041;38123;Sopramonte
14;8041;38123;Sopramonte
15;8041;38123;Sopramonte
16;8041;38123;Sopramonte
17;8041;38123;Sopramonte
18;8041;38123;Sopramonte
22;8041;38123;Sopramonte
23;8041;38123;Sopramonte
24;8041;38123;Sopramonte
26;8041;38123;Sopramonte
29;8041;38123;Sopramonte
33;8041;38123;Sopramonte
37;8041;38123;Sopramonte
39;8041;38123;Sopramonte
43;8041;38123;Sopramonte
45;8041;38123;Sopramonte
47;8041;38123;Sopramonte
49;8041;38123;Sopramonte
51;8041;38123;Sopramonte
51;8041;38123;Sopramonte
53;8041;38123;Sopramonte
55;8041;38123;Sopramonte
55;8041;38123;Sopramonte
57;8041;38123;Sopramonte
57;8041;38123;Sopramonte
57/A;8041;38123;Sopramonte
59;8041;38123;Sopramonte
59;8041;38123;Sopramonte
2;8042;38123;Sopramonte
4;8042;38123;Sopramonte
5;8042;38123;Sopramonte
6;8042;38123;Sopramonte
7;8042;38123;Sopramonte
7;8042;38123;Sopramonte
8;8042;38123;Sopramonte
9;8042;38123;Sopramonte
11;8042;38123;Sopramonte
1;8043;38123;Sopramonte
2;8043;38123;Sopramonte
3;8043;38123;Sopramonte
3;8043;38123;Sopramonte
4;8043;38123;Sopramonte
5;8043;38123;Sopramonte
5;8043;38123;Sopramonte
7;8043;38123;Sopramonte
9;8043;38123;Sopramonte
9;8043;38123;Sopramonte
13;8043;38123;Sopramonte
13;8043;38123;Sopramonte
13;8043;38123;Sopramonte
14;8043;38123;Sopramonte
17;8043;38123;Sopramonte
18;8043;38123;Sopramonte
18;8043;38123;Sopramonte
19;8043;38123;Sopramonte
20;8043;38123;Sopramonte
20;8043;38123;Sopramonte
23;8043;38123;Sopramonte
25;8043;38123;Sopramonte
26;8043;38123;Sopramonte
26;8043;38123;Sopramonte
27;8043;38123;Sopramonte
29;8043;38123;Sopramonte
31;8043;38123;Sopramonte
31;8043;38123;Sopramonte
31;8043;38123;Sopramonte
33;8043;38123;Sopramonte
33;8043;38123;Sopramonte
35;8043;38123;Sopramonte
35;8043;38123;Sopramonte
35/A;8043;38123;Sopramonte
35/A;8043;38123;Sopramonte
37;8043;38123;Sopramonte
37;8043;38123;Sopramonte
41;8043;38123;Sopramonte
41;8043;38123;Sopramonte
43;8043;38123;Sopramonte
43;8043;38123;Sopramonte
1;8044;38123;Sopramonte
2;8044;38123;Sopramonte
2;8044;38123;Sopramonte
2;8044;38123;Sopramonte
3;8044;38123;Sopramonte
4;8044;38123;Sopramonte
5;8044;38123;Sopramonte
5/A;8044;38123;Sopramonte
6;8044;38123;Sopramonte
7;8044;38123;Sopramonte
8;8044;38123;Sopramonte
9;8044;38123;Sopramonte
2;8045;38123;Sopramonte
3;8045;38123;Sopramonte
5;8045;38123;Sopramonte
6;8045;38123;Sopramonte
9;8045;38123;Sopramonte
10;8045;38123;Sopramonte
10;8045;38123;Sopramonte
11;8045;38123;Sopramonte
12;8045;38123;Sopramonte
12;8045;38123;Sopramonte
13;8045;38123;Sopramonte
14;8045;38123;Sopramonte
14;8045;38123;Sopramonte
15;8045;38123;Sopramonte
16;8045;38123;Sopramonte
17;8045;38123;Sopramonte
18;8045;38123;Sopramonte
20;8045;38123;Sopramonte
21;8045;38123;Sopramonte
22;8045;38123;Sopramonte
25;8045;38123;Sopramonte
27;8045;38123;Sopramonte
27;8045;38123;Sopramonte
2;8046;38123;Sopramonte
7;8046;38123;Sopramonte
7;8046;38123;Sopramonte
7;8046;38123;Sopramonte
8;8046;38123;Sopramonte
9;8046;38123;Sopramonte
10;8046;38123;Sopramonte
11;8046;38123;Sopramonte
13;8046;38123;Sopramonte
14;8046;38123;Sopramonte
14;8046;38123;Sopramonte
15;8046;38123;Sopramonte
16;8046;38123;Sopramonte
17;8046;38123;Sopramonte
17;8046;38123;Sopramonte
18;8046;38123;Sopramonte
19;8046;38123;Sopramonte
19;8046;38123;Sopramonte
20;8046;38123;Sopramonte
21;8046;38123;Sopramonte
22;8046;38123;Sopramonte
22/A;8046;38123;Sopramonte
22/A;8046;38123;Sopramonte
23;8046;38123;Sopramonte
24;8046;38123;Sopramonte
25;8046;38123;Sopramonte
26;8046;38123;Sopramonte
27;8046;38123;Sopramonte
28;8046;38123;Sopramonte
29;8046;38123;Sopramonte
30;8046;38123;Sopramonte
31;8046;38123;Sopramonte
32;8046;38123;Sopramonte
32;8046;38123;Sopramonte
33;8046;38123;Sopramonte
34;8046;38123;Sopramonte
35;8046;38123;Sopramonte
36;8046;38123;Sopramonte
37;8046;38123;Sopramonte
37;8046;38123;Sopramonte
37;8046;38123;Sopramonte
38;8046;38123;Sopramonte
38;8046;38123;Sopramonte
39;8046;38123;Sopramonte
39;8046;38123;Sopramonte
39;8046;38123;Sopramonte
40;8046;38123;Sopramonte
41;8046;38123;Sopramonte
42;8046;38123;Sopramonte
43;8046;38123;Sopramonte
43;8046;38123;Sopramonte
44;8046;38123;Sopramonte
44;8046;38123;Sopramonte
45;8046;38123;Sopramonte
45;8046;38123;Sopramonte
46;8046;38123;Sopramonte
46;8046;38123;Sopramonte
47;8046;38123;Sopramonte
49;8046;38123;Sopramonte
51;8046;38123;Sopramonte
51;8046;38123;Sopramonte
51;8046;38123;Sopramonte
53;8046;38123;Sopramonte
55;8046;38123;Sopramonte
57;8046;38123;Sopramonte
59;8046;38123;Sopramonte
59;8046;38123;Sopramonte
59;8046;38123;Sopramonte
59;8046;38123;Sopramonte
61;8046;38123;Sopramonte
2;8048;38123;Sopramonte
2;8048;38123;Sopramonte
4;8048;38123;Sopramonte
4;8048;38123;Sopramonte
5;8048;38123;Sopramonte
6;8048;38123;Sopramonte
6;8048;38123;Sopramonte
7;8048;38123;Sopramonte
12;8048;38123;Sopramonte
14;8048;38123;Sopramonte
16;8048;38123;Sopramonte
18;8048;38123;Sopramonte
20;8048;38123;Sopramonte
22;8048;38123;Sopramonte
2;8049;38123;Sopramonte
2;8049;38123;Sopramonte
5;8049;38123;Sopramonte
8;8049;38123;Sopramonte
8;8049;38123;Sopramonte
10;8049;38123;Sopramonte
10;8049;38123;Sopramonte
12;8049;38123;Sopramonte
12;8049;38123;Sopramonte
20;8049;38123;Sopramonte
22;8049;38123;Sopramonte
24;8049;38123;Sopramonte
24;8049;38123;Sopramonte
25;8049;38123;Sopramonte
25;8049;38123;Sopramonte
26;8049;38123;Sopramonte
27;8049;38123;Sopramonte
27;8049;38123;Sopramonte
28;8049;38123;Sopramonte
29;8049;38123;Sopramonte
29;8049;38123;Sopramonte
30;8049;38123;Sopramonte
32;8049;38123;Sopramonte
40;8049;38123;Sopramonte
40;8049;38123;Sopramonte
42;8049;38123;Sopramonte
42;8049;38123;Sopramonte
44;8049;38123;Sopramonte
46;8049;38123;Sopramonte
48;8049;38123;Sopramonte
48;8049;38123;Sopramonte
48;8049;38123;Sopramonte
48;8049;38123;Sopramonte
52;8049;38123;Sopramonte
54;8049;38123;Sopramonte
56;8049;38123;Sopramonte
56;8049;38123;Sopramonte
56;8049;38123;Sopramonte
60;8049;38123;Sopramonte
60;8049;38123;Sopramonte
62;8049;38123;Sopramonte
62;8049;38123;Sopramonte
66;8049;38123;Sopramonte
68;8049;38123;Sopramonte
68;8049;38123;Sopramonte
70;8049;38123;Sopramonte
70;8049;38123;Sopramonte
72;8049;38123;Sopramonte
72;8049;38123;Sopramonte
74;8049;38123;Sopramonte
74;8049;38123;Sopramonte
76;8049;38123;Sopramonte
76;8049;38123;Sopramonte
78;8049;38123;Sopramonte
78;8049;38123;Sopramonte
78;8049;38123;Sopramonte
1;8051;38123;Sopramonte
2;8051;38123;Sopramonte
7;8051;38123;Sopramonte
8;8051;38123;Sopramonte
14;8051;38123;Sopramonte
20;8051;38123;Sopramonte
2;8052;38123;Sopramonte
2;8052;38123;Sopramonte
3;8052;38123;Sopramonte
3;8052;38123;Sopramonte
3;8052;38123;Sopramonte
5;8052;38123;Sopramonte
5;8052;38123;Sopramonte
6;8052;38123;Sopramonte
7;8052;38123;Sopramonte
7;8052;38123;Sopramonte
8;8052;38123;Sopramonte
28;8052;38123;Sopramonte
30;8052;38123;Sopramonte
32;8052;38123;Sopramonte
34;8052;38123;Sopramonte
38;8052;38123;Sopramonte
40;8052;38123;Sopramonte
44;8052;38123;Sopramonte
44;8052;38123;Sopramonte
2;8053;38123;Sopramonte
3;8053;38123;Sopramonte
4;8053;38123;Sopramonte
5;8053;38123;Sopramonte
6;8053;38123;Sopramonte
7;8053;38123;Sopramonte
8;8053;38123;Sopramonte
9;8053;38123;Sopramonte
9;8053;38123;Sopramonte
9;8053;38123;Sopramonte
10;8053;38123;Sopramonte
11;8053;38123;Sopramonte
11;8053;38123;Sopramonte
12;8053;38123;Sopramonte
12;8053;38123;Sopramonte
14;8053;38123;Sopramonte
14;8053;38123;Sopramonte
15;8053;38123;Sopramonte
15;8053;38123;Sopramonte
16;8053;38123;Sopramonte
16;8053;38123;Sopramonte
17;8053;38123;Sopramonte
18;8053;38123;Sopramonte
20;8053;38123;Sopramonte
21;8053;38123;Sopramonte
22;8053;38123;Sopramonte
25;8053;38123;Sopramonte
26;8053;38123;Sopramonte
26;8053;38123;Sopramonte
27;8053;38123;Sopramonte
28;8053;38123;Sopramonte
28;8053;38123;Sopramonte
29;8053;38123;Sopramonte
29;8053;38123;Sopramonte
30;8053;38123;Sopramonte
30;8053;38123;Sopramonte
31;8053;38123;Sopramonte
32;8053;38123;Sopramonte
33;8053;38123;Sopramonte
34;8053;38123;Sopramonte
35;8053;38123;Sopramonte
36;8053;38123;Sopramonte
36;8053;38123;Sopramonte
37;8053;38123;Sopramonte
38;8053;38123;Sopramonte
39;8053;38123;Sopramonte
40;8053;38123;Sopramonte
41;8053;38123;Sopramonte
42;8053;38123;Sopramonte
43;8053;38123;Sopramonte
44;8053;38123;Sopramonte
45;8053;38123;Sopramonte
46;8053;38123;Sopramonte
47;8053;38123;Sopramonte
48;8053;38123;Sopramonte
49;8053;38123;Sopramonte
50;8053;38123;Sopramonte
50;8053;38123;Sopramonte
51;8053;38123;Sopramonte
52;8053;38123;Sopramonte
53;8053;38123;Sopramonte
54;8053;38123;Sopramonte
55;8053;38123;Sopramonte
58;8053;38123;Sopramonte
59;8053;38123;Sopramonte
60;8053;38123;Sopramonte
60;8053;38123;Sopramonte
60;8053;38123;Sopramonte
60;8053;38123;Sopramonte
61;8053;38123;Sopramonte
62;8053;38123;Sopramonte
63;8053;38123;Sopramonte
64;8053;38123;Sopramonte
65;8053;38123;Sopramonte
67;8053;38123;Sopramonte
69;8053;38123;Sopramonte
70;8053;38123;Sopramonte
75;8053;38123;Sopramonte
77;8053;38123;Sopramonte
78;8053;38123;Sopramonte
79;8053;38123;Sopramonte
80;8053;38123;Sopramonte
81;8053;38123;Sopramonte
82;8053;38123;Sopramonte
83;8053;38123;Sopramonte
84;8053;38123;Sopramonte
86;8053;38123;Sopramonte
87;8053;38123;Sopramonte
88;8053;38123;Sopramonte
89;8053;38123;Sopramonte
91;8053;38123;Sopramonte
92;8053;38123;Sopramonte
93;8053;38123;Sopramonte
95;8053;38123;Sopramonte
96;8053;38123;Sopramonte
97;8053;38123;Sopramonte
99;8053;38123;Sopramonte
100;8053;38123;Sopramonte
101;8053;38123;Sopramonte
102;8053;38123;Sopramonte
103;8053;38123;Sopramonte
104;8053;38123;Sopramonte
105;8053;38123;Sopramonte
106;8053;38123;Sopramonte
107;8053;38123;Sopramonte
107;8053;38123;Sopramonte
108;8053;38123;Sopramonte
109;8053;38123;Sopramonte
109;8053;38123;Sopramonte
110;8053;38123;Sopramonte
112;8053;38123;Sopramonte
114;8053;38123;Sopramonte
116;8053;38123;Sopramonte
117;8053;38123;Sopramonte
117;8053;38123;Sopramonte
117;8053;38123;Sopramonte
117;8053;38123;Sopramonte
117;8053;38123;Sopramonte
117;8053;38123;Sopramonte
117;8053;38123;Sopramonte
117;8053;38123;Sopramonte
117;8053;38123;Sopramonte
117;8053;38123;Sopramonte
117;8053;38123;Sopramonte
117;8053;38123;Sopramonte
117;8053;38123;Sopramonte
117;8053;38123;Sopramonte
117;8053;38123;Sopramonte
117;8053;38123;Sopramonte
117;8053;38123;Sopramonte
117;8053;38123;Sopramonte
117;8053;38123;Sopramonte
117;8053;38123;Sopramonte
118;8053;38123;Sopramonte
119;8053;38123;Sopramonte
119;8053;38123;Sopramonte
120;8053;38123;Sopramonte
121;8053;38123;Sopramonte
121;8053;38123;Sopramonte
122;8053;38123;Sopramonte
123;8053;38123;Sopramonte
124;8053;38123;Sopramonte
125;8053;38123;Sopramonte
126;8053;38123;Sopramonte
126;8053;38123;Sopramonte
127;8053;38123;Sopramonte
128;8053;38123;Sopramonte
128;8053;38123;Sopramonte
129;8053;38123;Sopramonte
129;8053;38123;Sopramonte
130;8053;38123;Sopramonte
131;8053;38123;Sopramonte
132;8053;38123;Sopramonte
132;8053;38123;Sopramonte
133;8053;38123;Sopramonte
134;8053;38123;Sopramonte
135;8053;38123;Sopramonte
137;8053;38123;Sopramonte
138;8053;38123;Sopramonte
138;8053;38123;Sopramonte
139;8053;38123;Sopramonte
140;8053;38123;Sopramonte
140;8053;38123;Sopramonte
141;8053;38123;Sopramonte
142;8053;38123;Sopramonte
142;8053;38123;Sopramonte
143;8053;38123;Sopramonte
143;8053;38123;Sopramonte
145;8053;38123;Sopramonte
147;8053;38123;Sopramonte
4;8054;38123;Sopramonte
5;8054;38123;Sopramonte
6;8054;38123;Sopramonte
8;8054;38123;Sopramonte
9;8054;38123;Sopramonte
14;8054;38123;Sopramonte
16;8054;38123;Sopramonte
18;8054;38123;Sopramonte
18;8054;38123;Sopramonte
18;8054;38123;Sopramonte
18;8054;38123;Sopramonte
18;8054;38123;Sopramonte
3;8055;38123;Sopramonte
5;8055;38123;Sopramonte
6;8055;38123;Sopramonte
7;8055;38123;Sopramonte
8;8055;38123;Sopramonte
9;8055;38123;Sopramonte
10;8055;38123;Sopramonte
10;8055;38123;Sopramonte
11;8055;38123;Sopramonte
11;8055;38123;Sopramonte
11;8055;38123;Sopramonte
12;8055;38123;Sopramonte
12;8055;38123;Sopramonte
13;8055;38123;Sopramonte
14;8055;38123;Sopramonte
16;8055;38123;Sopramonte
17;8055;38123;Sopramonte
18;8055;38123;Sopramonte
19;8055;38123;Sopramonte
21;8055;38123;Sopramonte
22;8055;38123;Sopramonte
22;8055;38123;Sopramonte
23;8055;38123;Sopramonte
24;8055;38123;Sopramonte
26;8055;38123;Sopramonte
27;8055;38123;Sopramonte
30;8055;38123;Sopramonte
30;8055;38123;Sopramonte
31;8055;38123;Sopramonte
32;8055;38123;Sopramonte
32;8055;38123;Sopramonte
32;8055;38123;Sopramonte
33;8055;38123;Sopramonte
35;8055;38123;Sopramonte
37;8055;38123;Sopramonte
39;8055;38123;Sopramonte
41;8055;38123;Sopramonte
43;8055;38123;Sopramonte
45;8055;38123;Sopramonte
47;8055;38123;Sopramonte
49;8055;38123;Sopramonte
53;8055;38123;Sopramonte
53;8055;38123;Sopramonte
55;8055;38123;Sopramonte
55;8055;38123;Sopramonte
59;8055;38123;Sopramonte
2;8056;38123;Sopramonte
6;8056;38123;Sopramonte
8;8056;38123;Sopramonte
8;8056;38123;Sopramonte
10;8056;38123;Sopramonte
10;8056;38123;Sopramonte
17;8056;38123;Sopramonte
17;8056;38123;Sopramonte
17;8056;38123;Sopramonte
2;8057;38123;Sopramonte
6;8057;38123;Sopramonte
8;8057;38123;Sopramonte
1;8058;38123;Sopramonte
2;8058;38123;Sopramonte
2;8058;38123;Sopramonte
3;8058;38123;Sopramonte
4;8058;38123;Sopramonte
4;8058;38123;Sopramonte
5;8058;38123;Sopramonte
6;8058;38123;Sopramonte
7;8058;38123;Sopramonte
8;8058;38123;Sopramonte
9;8058;38123;Sopramonte
10;8058;38123;Sopramonte
11;8058;38123;Sopramonte
12;8058;38123;Sopramonte
13;8058;38123;Sopramonte
14;8058;38123;Sopramonte
15;8058;38123;Sopramonte
17;8058;38123;Sopramonte
19;8058;38123;Sopramonte
21;8058;38123;Sopramonte
23;8058;38123;Sopramonte
25;8058;38123;Sopramonte
27;8058;38123;Sopramonte
29;8058;38123;Sopramonte
31;8058;38123;Sopramonte
33;8058;38123;Sopramonte
35;8058;38123;Sopramonte
37;8058;38123;Sopramonte
39;8058;38123;Sopramonte
41;8058;38123;Sopramonte
43;8058;38123;Sopramonte
45;8058;38123;Sopramonte
2;8066;38123;Sopramonte
2;8066;38123;Sopramonte
3;8066;38123;Sopramonte
5;8066;38123;Sopramonte
6;8066;38123;Sardagna
6;8066;38123;Sardagna
8;8066;38123;Sardagna
8;8066;38123;Sardagna
8;8066;38123;Sardagna
9;8066;38123;Sardagna
12;8066;38123;Sopramonte
13;8066;38123;Sardagna
13;8066;38123;Sardagna
14;8066;38123;Sopramonte
15;8066;38123;Sardagna
15;8066;38123;Sardagna
16;8066;38123;Sopramonte
17;8066;38123;Sardagna
18;8066;38123;Sopramonte
19;8066;38123;Sardagna
19/A;8066;38123;Sardagna
20;8066;38123;Sopramonte
21;8066;38123;Sopramonte
21;8066;38123;Sopramonte
22;8066;38123;Sopramonte
23;8066;38123;Sopramonte
24;8066;38123;Sopramonte
25;8066;38123;Sopramonte
26;8066;38123;Sopramonte
27;8066;38123;Sopramonte
28;8066;38123;Sopramonte
29;8066;38123;Sopramonte
30;8066;38123;Sopramonte
31;8066;38123;Sopramonte
32;8066;38123;Sopramonte
33;8066;38123;Sopramonte
34;8066;38123;Sopramonte
34;8066;38123;Sopramonte
35;8066;38123;Sopramonte
37;8066;38123;Sopramonte
38;8066;38123;Sopramonte
39;8066;38123;Sopramonte
40;8066;38123;Sopramonte
41;8066;38123;Sopramonte
42;8066;38123;Sopramonte
43;8066;38123;Sopramonte
44;8066;38123;Sopramonte
45;8066;38123;Sopramonte
46;8066;38123;Sopramonte
47;8066;38123;Sopramonte
48;8066;38123;Sopramonte
49;8066;38123;Sopramonte
50;8066;38123;Sopramonte
50;8066;38123;Sopramonte
51;8066;38123;Sopramonte
52;8066;38123;Sopramonte
53;8066;38123;Sopramonte
54;8066;38123;Sopramonte
55;8066;38123;Sopramonte
56;8066;38123;Sopramonte
57;8066;38123;Sopramonte
58;8066;38123;Sopramonte
58;8066;38123;Sopramonte
58;8066;38123;Sopramonte
59;8066;38123;Sopramonte
61;8066;38123;Sopramonte
62;8066;38123;Sopramonte
63;8066;38123;Sopramonte
64;8066;38123;Sopramonte
65;8066;38123;Sopramonte
66;8066;38123;Sopramonte
67;8066;38123;Sopramonte
68;8066;38123;Sopramonte
69;8066;38123;Sopramonte
70;8066;38123;Sopramonte
72;8066;38123;Sopramonte
74;8066;38123;Sopramonte
77;8066;38123;Sardagna
79;8066;38123;Sopramonte
81;8066;38123;Sopramonte
83;8066;38123;Sardagna
85;8066;38123;Sardagna
93;8066;38123;Sardagna
99;8066;38123;Sopramonte
2;8067;38123;Sopramonte
3;8067;38123;Sopramonte
3;8067;38123;Sopramonte
4;8067;38123;Sopramonte
4;8067;38123;Sopramonte
5;8067;38123;Sopramonte
5;8067;38123;Sopramonte
6;8067;38123;Sopramonte
6;8067;38123;Sopramonte
7;8067;38123;Sopramonte
7;8067;38123;Sopramonte
9;8067;38123;Sopramonte
9;8067;38123;Sopramonte
10;8067;38123;Sopramonte
10;8067;38123;Sopramonte
12;8067;38123;Sopramonte
12;8067;38123;Sopramonte
13;8067;38123;Sopramonte
13;8067;38123;Sopramonte
14;8067;38123;Sopramonte
14;8067;38123;Sopramonte
15;8067;38123;Sopramonte
15;8067;38123;Sopramonte
16;8067;38123;Sopramonte
16;8067;38123;Sopramonte
18;8067;38123;Sopramonte
18;8067;38123;Sopramonte
19;8067;38123;Sardagna
19;8067;38123;Sardagna
20;8067;38123;Sopramonte
20;8067;38123;Sopramonte
22;8067;38123;Sopramonte
22;8067;38123;Sopramonte
24;8067;38123;Sopramonte
26;8067;38123;Sopramonte
30;8067;38123;Sopramonte
32;8067;38123;Sopramonte
32;8067;38123;Sopramonte
34;8067;38123;Sopramonte
34;8067;38123;Sopramonte
36;8067;38123;Sopramonte
36;8067;38123;Sopramonte
38;8067;38123;Sopramonte
38;8067;38123;Sopramonte
40;8067;38123;Sopramonte
40;8067;38123;Sopramonte
42;8067;38123;Sopramonte
42;8067;38123;Sopramonte
44;8067;38123;Sopramonte
44;8067;38123;Sopramonte
46;8067;38123;Sopramonte
46;8067;38123;Sopramonte
48;8067;38123;Sopramonte
48;8067;38123;Sopramonte
50;8067;38123;Sopramonte
50;8067;38123;Sopramonte
52;8067;38123;Sopramonte
52;8067;38123;Sopramonte
56;8067;38123;Sopramonte
56;8067;38123;Sopramonte
58;8067;38123;Sopramonte
60;8067;38123;Sopramonte
60;8067;38123;Sopramonte
62;8067;38123;Sopramonte
62;8067;38123;Sopramonte
64;8067;38123;Sardagna
64;8067;38123;Sardagna
66;8067;38123;Sardagna
66;8067;38123;Sardagna
2;8068;38123;Sopramonte
3;8068;38123;Sopramonte
4;8068;38123;Sopramonte
4;8068;38123;Sopramonte
7;8068;38123;Sopramonte
7;8068;38123;Sopramonte
8;8068;38123;Sopramonte
10;8068;38123;Sopramonte
12;8068;38123;Sopramonte
14;8068;38123;Sopramonte
16;8068;38123;Sopramonte
16/A;8068;38123;Sopramonte
18;8068;38123;Sopramonte
20;8068;38123;Sopramonte
20;8068;38123;Sopramonte
20;8068;38123;Sopramonte
20;8068;38123;Sopramonte
20;8068;38123;Sopramonte
20;8068;38123;Sopramonte
22;8068;38123;Sopramonte
26;8068;38123;Sopramonte
28;8068;38123;Sopramonte
30;8068;38123;Sopramonte
32;8068;38123;Sopramonte
34;8068;38123;Sopramonte
34;8068;38123;Sopramonte
40;8068;38123;Cadine
4;8069;38123;Vigolo Baselga
6;8069;38123;Vigolo Baselga
8;8069;38123;Vigolo Baselga
10;8069;38123;Vigolo Baselga
11;8069;38123;Vigolo Baselga
11;8069;38123;Vigolo Baselga
15;8069;38123;Vigolo Baselga
15;8069;38123;Vigolo Baselga
16;8069;38123;Vigolo Baselga
17;8069;38123;Baselga del Bondone
17;8069;38123;Baselga del Bondone
18;8069;38123;Vigolo Baselga
19;8069;38123;Baselga del Bondone
19;8069;38123;Baselga del Bondone
20;8069;38123;Vigolo Baselga
21;8069;38123;Baselga del Bondone
22;8069;38123;Vigolo Baselga
23;8069;38123;Vigolo Baselga
23;8069;38123;Vigolo Baselga
4;8070;38123;Vigolo Baselga
6;8070;38123;Vigolo Baselga
7;8070;38123;Baselga del Bondone
7;8070;38123;Baselga del Bondone
8;8070;38123;Vigolo Baselga
10;8070;38123;Vigolo Baselga
11;8070;38123;Baselga del Bondone
12;8070;38123;Vigolo Baselga
13;8070;38123;Baselga del Bondone
14;8070;38123;Vigolo Baselga
15;8070;38123;Baselga del Bondone
18;8070;38123;Vigolo Baselga
21;8070;38123;Vigolo Baselga
21;8070;38123;Vigolo Baselga
23;8070;38123;Baselga del Bondone
23;8070;38123;Baselga del Bondone
23;8070;38123;Baselga del Bondone
23;8070;38123;Baselga del Bondone
23;8070;38123;Baselga del Bondone
30;8070;38123;Baselga del Bondone
30;8070;38123;Baselga del Bondone
31;8070;38123;Baselga del Bondone
31;8070;38123;Baselga del Bondone
32;8070;38123;Baselga del Bondone
34;8070;38123;Baselga del Bondone
34;8070;38123;Baselga del Bondone
36;8070;38123;Baselga del Bondone
36;8070;38123;Baselga del Bondone
3;8071;38123;Vigolo Baselga
3;8071;38123;Vigolo Baselga
4;8071;38123;Vigolo Baselga
4;8071;38123;Vigolo Baselga
6;8071;38123;Baselga del Bondone
6;8071;38123;Baselga del Bondone
8;8071;38123;Baselga del Bondone
8;8071;38123;Baselga del Bondone
8;8071;38123;Baselga del Bondone
9;8071;38123;Baselga del Bondone
11;8071;38123;Baselga del Bondone
12;8071;38123;Baselga del Bondone
14;8071;38123;Baselga del Bondone
16;8071;38123;Baselga del Bondone
18;8071;38123;Baselga del Bondone
18;8071;38123;Baselga del Bondone
20;8071;38123;Baselga del Bondone
22;8071;38123;Baselga del Bondone
22;8071;38123;Baselga del Bondone
1;8072;38123;Sopramonte
1;8072;38123;Sopramonte
5;8072;38123;Sopramonte
5;8072;38123;Sopramonte
7;8072;38123;Sopramonte
1;8073;38123;Sopramonte
1;8111;38123;Cadine
4;8111;38123;Cadine
5;8111;38123;Cadine
5;8111;38123;Cadine
5;8111;38123;Cadine
5;8111;38123;Cadine
7;8111;38123;Cadine
8;8111;38123;Cadine
8;8111;38123;Cadine
10;8111;38123;Cadine
8;8112;38123;Cadine
8;8112;38123;Cadine
14;8112;38123;Cadine
16;8112;38123;Cadine
20;8112;38123;Cadine
22;8112;38123;Cadine
1;8113;38123;Cadine
1;8113;38123;Cadine
7;8113;38123;Cadine
8;8113;38123;Cadine
8;8113;38123;Cadine
9;8113;38123;Cadine
9;8113;38123;Cadine
9;8113;38123;Cadine
10;8113;38123;Cadine
10;8113;38123;Cadine
11;8113;38123;Cadine
11;8113;38123;Cadine
13;8113;38123;Cadine
13;8113;38123;Cadine
13;8113;38123;Cadine
15;8113;38123;Cadine
15;8113;38123;Cadine
17;8113;38123;Cadine
17;8113;38123;Cadine
19;8113;38123;Cadine
19;8113;38123;Cadine
21;8113;38123;Cadine
21;8113;38123;Cadine
23;8113;38123;Cadine
23;8113;38123;Cadine
23;8113;38123;Cadine
25;8113;38123;Cadine
29;8113;38123;Cadine
29;8113;38123;Cadine
31;8113;38123;Cadine
31;8113;38123;Cadine
1;8116;38123;Cadine
4;8116;38123;Cadine
4;8116;38123;Cadine
5;8116;38123;Cadine
5;8116;38123;Cadine
6;8116;38123;Cadine
6;8116;38123;Cadine
6/A;8116;38123;Cadine
6/A;8116;38123;Cadine
10;8116;38123;Cadine
10;8116;38123;Cadine
11;8116;38123;Cadine
12;8116;38123;Cadine
13;8116;38123;Cadine
14;8116;38123;Cadine
16;8116;38123;Cadine
16;8116;38123;Cadine
21;8116;38123;Cadine
21;8116;38123;Cadine
21;8116;38123;Cadine
23;8116;38123;Cadine
23;8116;38123;Cadine
25;8116;38123;Cadine
25;8116;38123;Cadine
25;8116;38123;Cadine
27;8116;38123;Cadine
27;8116;38123;Cadine
29;8116;38123;Cadine
31;8116;38123;Cadine
33;8116;38123;Cadine
33;8116;38123;Cadine
3;8117;38123;Cadine
3;8117;38123;Cadine
3/A;8117;38123;Cadine
9;8117;38123;Cadine
9;8117;38123;Cadine
2;8118;38123;Cadine
4;8118;38123;Cadine
6;8118;38123;Cadine
6;8118;38123;Cadine
1;8119;38123;Cadine
5;8119;38123;Cadine
6;8119;38123;Cadine
8;8119;38123;Cadine
9;8119;38123;Cadine
10;8119;38123;Cadine
11;8119;38123;Cadine
12;8119;38123;Cadine
13;8119;38123;Cadine
13;8119;38123;Cadine
15;8119;38123;Cadine
17;8119;38123;Cadine
18;8119;38123;Cadine
19;8119;38123;Cadine
22;8119;38123;Cadine
23;8119;38123;Cadine
25;8119;38123;Cadine
26;8119;38123;Cadine
28;8119;38123;Cadine
30;8119;38123;Cadine
33;8119;38123;Cadine
34;8119;38123;Cadine
35;8119;38123;Cadine
36;8119;38123;Cadine
37;8119;38123;Cadine
38;8119;38123;Cadine
39;8119;38123;Cadine
40;8119;38123;Cadine
41;8119;38123;Cadine
43;8119;38123;Cadine
45;8119;38123;Cadine
45;8119;38123;Cadine
46;8119;38123;Cadine
46/A;8119;38123;Cadine
48;8119;38123;Cadine
49;8119;38123;Cadine
49;8119;38123;Cadine
50;8119;38123;Cadine
51;8119;38123;Cadine
51;8119;38123;Cadine
51;8119;38123;Cadine
52;8119;38123;Cadine
54;8119;38123;Cadine
56;8119;38123;Cadine
56;8119;38123;Cadine
56;8119;38123;Cadine
56;8119;38123;Cadine
56;8119;38123;Cadine
56;8119;38123;Cadine
56;8119;38123;Cadine
56;8119;38123;Cadine
56;8119;38123;Cadine
56;8119;38123;Cadine
56;8119;38123;Cadine
56;8119;38123;Cadine
56;8119;38123;Cadine
56;8119;38123;Cadine
57;8119;38123;Cadine
57;8119;38123;Cadine
60;8119;38123;Cadine
62;8119;38123;Cadine
64;8119;38123;Cadine
66;8119;38123;Cadine
68;8119;38123;Cadine
70;8119;38123;Cadine
70;8119;38123;Cadine
74;8119;38123;Cadine
76;8119;38123;Cadine
80;8119;38123;Cadine
80;8119;38123;Cadine
82;8119;38123;Cadine
82;8119;38123;Cadine
86;8119;38123;Cadine
86;8119;38123;Cadine
88;8119;38123;Cadine
88;8119;38123;Cadine
90;8119;38123;Cadine
92;8119;38123;Cadine
96;8119;38123;Cadine
96;8119;38123;Cadine
98;8119;38123;Cadine
98;8119;38123;Cadine
100;8119;38123;Cadine
100;8119;38123;Cadine
102;8119;38123;Cadine
102;8119;38123;Cadine
104;8119;38123;Cadine
104;8119;38123;Cadine
106;8119;38123;Cadine
106;8119;38123;Cadine
108;8119;38123;Cadine
108;8119;38123;Cadine
110;8119;38123;Cadine
110;8119;38123;Cadine
112;8119;38123;Cadine
114;8119;38123;Cadine
116;8119;38123;Cadine
116;8119;38123;Cadine
116;8119;38123;Cadine
118;8119;38123;Cadine
118;8119;38123;Cadine
118;8119;38123;Cadine
120;8119;38123;Cadine
120;8119;38123;Cadine
122;8119;38123;Cadine
124;8119;38123;Cadine
124;8119;38123;Cadine
126;8119;38123;Cadine
126;8119;38123;Cadine
126;8119;38123;Cadine
128;8119;38123;Cadine
128;8119;38123;Cadine
128;8119;38123;Cadine
128;8119;38123;Cadine
128;8119;38123;Cadine
134;8119;38123;Cadine
134;8119;38123;Cadine
136;8119;38123;Cadine
136;8119;38123;Cadine
140;8119;38123;Cadine
140;8119;38123;Cadine
142;8119;38123;Cadine
144;8119;38123;Cadine
144;8119;38123;Cadine
146;8119;38123;Cadine
2;8121;38123;Cadine
4;8121;38123;Cadine
6;8121;38123;Cadine
6;8121;38123;Cadine
8;8121;38123;Cadine
8;8121;38123;Cadine
12;8121;38123;Cadine
12;8121;38123;Cadine
14;8121;38123;Cadine
14;8121;38123;Cadine
16;8121;38123;Cadine
16;8121;38123;Cadine
20;8121;38123;Cadine
30;8121;38123;Cadine
3;8122;38123;Cadine
3;8122;38123;Cadine
5;8122;38123;Cadine
6;8122;38123;Cadine
6;8122;38123;Cadine
7;8122;38123;Cadine
7;8122;38123;Cadine
8;8122;38123;Cadine
8;8122;38123;Cadine
9/A;8122;38123;Cadine
9/B;8122;38123;Cadine
9/C;8122;38123;Cadine
9/D;8122;38123;Cadine
9/E;8122;38123;Cadine
11;8122;38123;Cadine
12;8122;38123;Cadine
12;8122;38123;Cadine
13;8122;38123;Cadine
13;8122;38123;Cadine
13;8122;38123;Cadine
15;8122;38123;Cadine
15;8122;38123;Cadine
15;8122;38123;Cadine
16;8122;38123;Cadine
16;8122;38123;Cadine
18;8122;38123;Cadine
18;8122;38123;Cadine
18;8122;38123;Cadine
20;8122;38123;Cadine
23;8122;38123;Cadine
23;8122;38123;Cadine
23;8122;38123;Cadine
24;8122;38123;Cadine
24;8122;38123;Cadine
26;8122;38123;Cadine
26;8122;38123;Cadine
28;8122;38123;Cadine
28;8122;38123;Cadine
28;8122;38123;Cadine
31;8122;38123;Cadine
31;8122;38123;Cadine
31;8122;38123;Cadine
31;8122;38123;Cadine
32;8122;38123;Cadine
32;8122;38123;Cadine
32;8122;38123;Cadine
32;8122;38123;Cadine
32;8122;38123;Cadine
32;8122;38123;Cadine
32;8122;38123;Cadine
32;8122;38123;Cadine
32;8122;38123;Cadine
33;8122;38123;Cadine
34;8122;38123;Cadine
34/A;8122;38123;Cadine
35;8122;38123;Cadine
35;8122;38123;Cadine
36;8122;38123;Cadine
37;8122;38123;Cadine
37;8122;38123;Cadine
37;8122;38123;Cadine
37;8122;38123;Cadine
38;8122;38123;Cadine
39;8122;38123;Cadine
39;8122;38123;Cadine
39;8122;38123;Cadine
39;8122;38123;Cadine
40;8122;38123;Cadine
41;8122;38123;Cadine
42;8122;38123;Cadine
44;8122;38123;Cadine
45;8122;38123;Cadine
45;8122;38123;Cadine
45;8122;38123;Cadine
46;8122;38123;Cadine
47;8122;38123;Cadine
47;8122;38123;Cadine
48;8122;38123;Cadine
49;8122;38123;Cadine
50;8122;38123;Cadine
52;8122;38123;Cadine
54;8122;38123;Cadine
56;8122;38123;Cadine
58;8122;38123;Cadine
60;8122;38123;Cadine
62;8122;38123;Cadine
64;8122;38123;Cadine
66;8122;38123;Cadine
68;8122;38123;Cadine
70;8122;38123;Cadine
72;8122;38123;Cadine
74;8122;38123;Cadine
76;8122;38123;Cadine
78;8122;38123;Cadine
80;8122;38123;Cadine
82;8122;38123;Cadine
84;8122;38123;Cadine
86;8122;38123;Cadine
88;8122;38123;Cadine
90;8122;38123;Cadine
92;8122;38123;Cadine
94;8122;38123;Cadine
96;8122;38123;Cadine
98;8122;38123;Cadine
100;8122;38123;Cadine
102;8122;38123;Cadine
104;8122;38123;Cadine
106;8122;38123;Cadine
108;8122;38123;Cadine
110;8122;38123;Cadine
112;8122;38123;Cadine
114;8122;38123;Cadine
116;8122;38123;Cadine
118;8122;38123;Cadine
120;8122;38123;Cadine
122;8122;38123;Cadine
124;8122;38123;Cadine
126;8122;38123;Cadine
128;8122;38123;Cadine
130;8122;38123;Cadine
132;8122;38123;Cadine
136;8122;38123;Cadine
136;8122;38123;Cadine
138;8122;38123;Cadine
138;8122;38123;Cadine
140;8122;38123;Cadine
140;8122;38123;Cadine
142;8122;38123;Cadine
142;8122;38123;Cadine
144;8122;38123;Cadine
146;8122;38123;Cadine
148;8122;38123;Cadine
150;8122;38123;Cadine
150;8122;38123;Cadine
150;8122;38123;Cadine
152;8122;38123;Cadine
152;8122;38123;Cadine
154;8122;38123;Cadine
154;8122;38123;Cadine
156;8122;38123;Cadine
156;8122;38123;Cadine
158;8122;38123;Cadine
158;8122;38123;Cadine
160;8122;38123;Cadine
162;8122;38123;Cadine
162;8122;38123;Cadine
164;8122;38123;Cadine
170;8122;38123;Cadine
170;8122;38123;Cadine
1;8123;38123;Cadine
2;8123;38123;Cadine
3;8123;38123;Cadine
4;8123;38123;Cadine
5;8123;38123;Cadine
8;8123;38123;Cadine
10;8123;38123;Cadine
10;8123;38123;Cadine
11;8123;38123;Cadine
13;8123;38123;Cadine
14;8123;38123;Cadine
15;8123;38123;Cadine
16;8123;38123;Cadine
17;8123;38123;Cadine
18;8123;38123;Cadine
18;8123;38123;Cadine
19;8123;38123;Cadine
21;8123;38123;Cadine
23;8123;38123;Cadine
23;8123;38123;Cadine
24;8123;38123;Cadine
24;8123;38123;Cadine
24;8123;38123;Cadine
26;8123;38123;Cadine
28;8123;38123;Cadine
2;8124;38123;Cadine
2;8126;38123;Cadine
2;8126;38123;Cadine
3;8126;38123;Cadine
3;8126;38123;Cadine
3;8126;38123;Cadine
3;8126;38123;Cadine
3;8126;38123;Cadine
3;8126;38123;Cadine
5;8126;38123;Cadine
5;8126;38123;Cadine
5;8126;38123;Cadine
5;8126;38123;Cadine
5;8126;38123;Cadine
9;8126;38123;Cadine
9;8126;38123;Cadine
14;8126;38123;Cadine
15;8126;38123;Cadine
15;8126;38123;Cadine
15;8126;38123;Cadine
15;8126;38123;Cadine
16;8126;38123;Cadine
18;8126;38123;Cadine
19;8126;38123;Cadine
19;8126;38123;Cadine
19;8126;38123;Cadine
22;8126;38123;Cadine
22;8126;38123;Cadine
23;8126;38123;Cadine
24;8126;38123;Cadine
24;8126;38123;Cadine
24;8126;38123;Cadine
25;8126;38123;Cadine
25;8126;38123;Cadine
26;8126;38123;Cadine
26;8126;38123;Cadine
26;8126;38123;Cadine
27;8126;38123;Cadine
27;8126;38123;Cadine
30;8126;38123;Cadine
30;8126;38123;Cadine
30;8126;38123;Cadine
31;8126;38123;Cadine
32;8126;38123;Cadine
33;8126;38123;Cadine
34;8126;38123;Cadine
35;8126;38123;Cadine
36;8126;38123;Cadine
37;8126;38123;Cadine
38;8126;38123;Cadine
40;8126;38123;Cadine
42;8126;38123;Cadine
2;8127;38123;Cadine
2;8127;38123;Cadine
4;8127;38123;Cadine
4;8127;38123;Cadine
6;8127;38123;Cadine
3;8128;38123;Cadine
5;8128;38123;Cadine
6;8128;38123;Cadine
6;8128;38123;Cadine
6;8128;38123;Cadine
7;8128;38123;Cadine
9;8128;38123;Cadine
11;8128;38123;Cadine
13;8128;38123;Cadine
13;8128;38123;Cadine
15;8128;38123;Cadine
15;8128;38123;Cadine
17;8128;38123;Cadine
17;8128;38123;Cadine
19;8128;38123;Cadine
19;8128;38123;Cadine
1;8129;38123;Cadine
4;8129;38123;Cadine
5;8129;38123;Cadine
5;8129;38123;Cadine
6;8129;38123;Cadine
7;8129;38123;Cadine
8;8129;38123;Cadine
9;8129;38123;Cadine
10;8129;38123;Cadine
12;8129;38123;Cadine
13;8129;38123;Cadine
13;8129;38123;Cadine
13;8129;38123;Cadine
13;8129;38123;Cadine
19;8129;38123;Cadine
19;8129;38123;Cadine
20;8129;38123;Cadine
22;8129;38123;Cadine
24;8129;38123;Cadine
28;8129;38123;Cadine
28;8129;38123;Cadine
30;8129;38123;Cadine
32;8129;38123;Cadine
32;8129;38123;Cadine
34;8129;38123;Cadine
36;8129;38123;Cadine
38;8129;38123;Cadine
40;8129;38123;Cadine
46;8129;38123;Cadine
46;8129;38123;Cadine
46;8129;38123;Cadine
46;8129;38123;Cadine
46;8129;38123;Cadine
48;8129;38123;Cadine
48;8129;38123;Cadine
50;8129;38123;Cadine
50;8129;38123;Cadine
50;8129;38123;Cadine
54;8129;38123;Cadine
54;8129;38123;Cadine
58;8129;38123;Cadine
60;8129;38123;Cadine
62;8129;38123;Cadine
64;8129;38123;Cadine
66;8129;38123;Cadine
68;8129;38123;Cadine
1;8130;38123;Cadine
1;8130;38123;Cadine
1;8131;38123;Cadine
1;8131;38123;Cadine
2;8131;38123;Cadine
4;8131;38123;Cadine
5;8131;38123;Cadine
5;8131;38123;Cadine
6;8131;38123;Cadine
6;8131;38123;Cadine
8;8131;38123;Cadine
10;8131;38123;Cadine
12;8131;38123;Cadine
13;8131;38123;Cadine
14;8131;38123;Cadine
15;8131;38123;Cadine
17;8131;38123;Cadine
18;8131;38123;Cadine
18;8131;38123;Cadine
19;8131;38123;Cadine
19;8131;38123;Cadine
19;8131;38123;Cadine
19;8131;38123;Cadine
20;8131;38123;Cadine
23;8131;38123;Cadine
23;8131;38123;Cadine
26;8131;38123;Cadine
27;8131;38123;Cadine
36;8131;38123;Cadine
38;8131;38123;Cadine
38;8131;38123;Cadine
40;8131;38123;Cadine
42;8131;38123;Cadine
44;8131;38123;Cadine
46;8131;38123;Cadine
1;8132;38123;Cadine
4;8132;38123;Cadine
5;8132;38123;Cadine
6;8132;38123;Cadine
6;8132;38123;Cadine
6;8132;38123;Cadine
7;8132;38123;Cadine
10;8132;38123;Cadine
11;8132;38123;Cadine
11;8132;38123;Cadine
12;8132;38123;Cadine
13;8132;38123;Cadine
14;8132;38123;Cadine
15;8132;38123;Cadine
16;8132;38123;Cadine
17;8132;38123;Cadine
19;8132;38123;Cadine
19;8132;38123;Cadine
19;8132;38123;Cadine
19;8132;38123;Cadine
19;8132;38123;Cadine
20;8132;38123;Cadine
21;8132;38123;Cadine
2;8133;38123;Cadine
2;8133;38123;Cadine
2;8133;38123;Cadine
2;8133;38123;Cadine
3;8133;38123;Cadine
3;8133;38123;Cadine
4;8133;38123;Cadine
4;8133;38123;Cadine
4;8133;38123;Cadine
5;8133;38123;Cadine
5;8133;38123;Cadine
5;8133;38123;Cadine
6;8133;38123;Cadine
6;8133;38123;Cadine
7;8133;38123;Cadine
8;8133;38123;Cadine
8;8133;38123;Cadine
9;8133;38123;Cadine
10;8133;38123;Cadine
11;8133;38123;Cadine
11;8133;38123;Cadine
12;8133;38123;Cadine
13;8133;38123;Cadine
13;8133;38123;Cadine
13;8133;38123;Cadine
14;8133;38123;Cadine
15;8133;38123;Cadine
15;8133;38123;Cadine
16;8133;38123;Cadine
17;8133;38123;Cadine
18;8133;38123;Cadine
19;8133;38123;Cadine
20;8133;38123;Cadine
21;8133;38123;Cadine
22;8133;38123;Cadine
23;8133;38123;Cadine
24;8133;38123;Cadine
24;8133;38123;Cadine
24;8133;38123;Cadine
26;8133;38123;Cadine
26;8133;38123;Cadine
26;8133;38123;Cadine
27;8133;38123;Cadine
27;8133;38123;Cadine
27;8133;38123;Cadine
27;8133;38123;Cadine
27;8133;38123;Cadine
27;8133;38123;Cadine
28;8133;38123;Cadine
28;8133;38123;Cadine
30;8133;38123;Cadine
30;8133;38123;Cadine
31;8133;38123;Cadine
31;8133;38123;Cadine
32;8133;38123;Cadine
32;8133;38123;Cadine
32;8133;38123;Cadine
33;8133;38123;Cadine
33;8133;38123;Cadine
34;8133;38123;Cadine
34;8133;38123;Cadine
35;8133;38123;Cadine
35;8133;38123;Cadine
35;8133;38123;Cadine
36;8133;38123;Cadine
36;8133;38123;Cadine
39;8133;38123;Cadine
39;8133;38123;Cadine
40;8133;38123;Cadine
40;8133;38123;Cadine
40;8133;38123;Cadine
41;8133;38123;Cadine
41;8133;38123;Cadine
43;8133;38123;Cadine
43;8133;38123;Cadine
43;8133;38123;Cadine
9;8134;38123;Cadine
19;8134;38123;Cadine
19;8134;38123;Cadine
20;8134;38123;Cadine
20;8134;38123;Cadine
22;8134;38123;Cadine
22;8134;38123;Cadine
22;8134;38123;Cadine
24;8134;38123;Cadine
24;8134;38123;Cadine
2;8135;38123;Cadine
2;8135;38123;Cadine
3;8135;38123;Cadine
3;8135;38123;Cadine
4;8135;38123;Cadine
4;8135;38123;Cadine
5;8136;38123;Cadine
8;8136;38123;Cadine
8;8136;38123;Cadine
9;8136;38123;Cadine
10;8136;38123;Cadine
12;8136;38123;Cadine
14;8136;38123;Cadine
14;8136;38123;Cadine
14;8136;38123;Cadine
15;8136;38123;Cadine
15;8136;38123;Cadine
3;8137;38123;Cadine
4;8137;38123;Cadine
4;8137;38123;Cadine
5;8137;38123;Cadine
7;8137;38123;Cadine
9;8137;38123;Cadine
11;8137;38123;Cadine
13;8137;38123;Cadine
17;8137;38123;Cadine
5;8139;38123;Cadine
5;8139;38123;Cadine
5;8139;38123;Cadine
7;8139;38123;Cadine
9;8139;38123;Cadine
11;8139;38123;Cadine
13;8139;38123;Cadine
15;8139;38123;Cadine
17;8139;38123;Cadine
19;8139;38123;Cadine
21;8139;38123;Cadine
23;8139;38123;Cadine
3;8205;38123;Vigolo Baselga
7;8205;38123;Vigolo Baselga
9;8205;38123;Vigolo Baselga
11;8205;38123;Vigolo Baselga
13;8205;38123;Vigolo Baselga
15;8205;38123;Vigolo Baselga
17;8205;38123;Vigolo Baselga
19;8205;38123;Vigolo Baselga
23;8205;38123;Vigolo Baselga
25;8205;38123;Vigolo Baselga
25;8205;38123;Vigolo Baselga
1;8210;38123;Vigolo Baselga
1;8210;38123;Vigolo Baselga
1;8210;38123;Vigolo Baselga
1;8210;38123;Vigolo Baselga
1;8211;38123;Vigolo Baselga
4;8211;38123;Vigolo Baselga
4;8211;38123;Vigolo Baselga
6;8211;38123;Vigolo Baselga
6;8211;38123;Vigolo Baselga
8;8211;38123;Vigolo Baselga
8;8211;38123;Vigolo Baselga
11;8211;38123;Vigolo Baselga
11;8211;38123;Vigolo Baselga
11;8211;38123;Vigolo Baselga
11;8211;38123;Vigolo Baselga
15;8211;38123;Vigolo Baselga
15;8211;38123;Vigolo Baselga
17;8211;38123;Vigolo Baselga
17;8211;38123;Vigolo Baselga
19;8211;38123;Vigolo Baselga
19;8211;38123;Vigolo Baselga
21;8211;38123;Vigolo Baselga
21;8211;38123;Vigolo Baselga
2;8212;38123;Vigolo Baselga
3;8212;38123;Vigolo Baselga
3;8212;38123;Vigolo Baselga
4;8212;38123;Vigolo Baselga
4;8212;38123;Vigolo Baselga
8;8212;38123;Vigolo Baselga
8;8212;38123;Vigolo Baselga
9;8212;38123;Vigolo Baselga
10;8212;38123;Vigolo Baselga
12;8212;38123;Vigolo Baselga
14;8212;38123;Vigolo Baselga
14;8212;38123;Vigolo Baselga
15;8212;38123;Vigolo Baselga
16;8212;38123;Vigolo Baselga
16;8212;38123;Vigolo Baselga
17;8212;38123;Vigolo Baselga
17;8212;38123;Vigolo Baselga
18;8212;38123;Vigolo Baselga
18;8212;38123;Vigolo Baselga
18;8212;38123;Vigolo Baselga
20;8212;38123;Vigolo Baselga
20;8212;38123;Vigolo Baselga
22;8212;38123;Vigolo Baselga
22;8212;38123;Vigolo Baselga
22;8212;38123;Vigolo Baselga
22;8212;38123;Vigolo Baselga
2;8213;38123;Vigolo Baselga
2;8213;38123;Vigolo Baselga
10;8213;38123;Vigolo Baselga
10;8213;38123;Vigolo Baselga
11;8213;38123;Vigolo Baselga
14;8213;38123;Vigolo Baselga
14;8213;38123;Vigolo Baselga
14;8213;38123;Vigolo Baselga
1;8215;38123;Vigolo Baselga
1;8215;38123;Vigolo Baselga
2;8215;38123;Vigolo Baselga
2;8215;38123;Vigolo Baselga
3;8215;38123;Vigolo Baselga
5;8215;38123;Vigolo Baselga
3;8216;38123;Vigolo Baselga
4;8216;38123;Vigolo Baselga
5;8216;38123;Vigolo Baselga
6;8216;38123;Vigolo Baselga
6;8216;38123;Vigolo Baselga
7;8216;38123;Vigolo Baselga
9;8216;38123;Vigolo Baselga
12;8216;38123;Vigolo Baselga
13;8216;38123;Vigolo Baselga
14;8216;38123;Vigolo Baselga
14;8216;38123;Vigolo Baselga
14;8216;38123;Vigolo Baselga
15;8216;38123;Vigolo Baselga
17;8216;38123;Vigolo Baselga
17;8216;38123;Vigolo Baselga
17;8216;38123;Vigolo Baselga
18;8216;38123;Vigolo Baselga
18;8216;38123;Vigolo Baselga
20;8216;38123;Vigolo Baselga
20;8216;38123;Vigolo Baselga
20;8216;38123;Vigolo Baselga
21;8216;38123;Vigolo Baselga
22;8216;38123;Vigolo Baselga
22;8216;38123;Vigolo Baselga
22;8216;38123;Vigolo Baselga
25;8216;38123;Vigolo Baselga
1;8235;38123;Vigolo Baselga
3;8235;38123;Vigolo Baselga
5;8235;38123;Vigolo Baselga
6;8235;38123;Vigolo Baselga
9;8235;38123;Vigolo Baselga
10;8235;38123;Vigolo Baselga
11;8235;38123;Vigolo Baselga
11;8235;38123;Vigolo Baselga
12;8235;38123;Vigolo Baselga
14;8235;38123;Vigolo Baselga
14/A;8235;38123;Vigolo Baselga
16;8235;38123;Vigolo Baselga
18;8235;38123;Vigolo Baselga
22;8235;38123;Vigolo Baselga
24;8235;38123;Vigolo Baselga
26;8235;38123;Vigolo Baselga
30;8235;38123;Vigolo Baselga
30;8235;38123;Vigolo Baselga
4;8236;38123;Vigolo Baselga
4;8236;38123;Vigolo Baselga
10;8236;38123;Vigolo Baselga
10;8236;38123;Vigolo Baselga
10;8236;38123;Vigolo Baselga
10/B;8236;38123;Vigolo Baselga
10/B;8236;38123;Vigolo Baselga
1;8240;38123;Vigolo Baselga
2;8240;38123;Vigolo Baselga
3;8240;38123;Vigolo Baselga
4;8240;38123;Vigolo Baselga
4;8240;38123;Vigolo Baselga
4;8240;38123;Vigolo Baselga
4;8240;38123;Vigolo Baselga
5;8240;38123;Vigolo Baselga
6;8240;38123;Vigolo Baselga
7;8240;38123;Vigolo Baselga
8;8240;38123;Vigolo Baselga
9;8240;38123;Vigolo Baselga
9;8240;38123;Vigolo Baselga
9;8240;38123;Vigolo Baselga
9;8240;38123;Vigolo Baselga
9;8240;38123;Vigolo Baselga
10;8240;38123;Vigolo Baselga
11;8240;38123;Vigolo Baselga
11/A;8240;38123;Vigolo Baselga
12;8240;38123;Vigolo Baselga
13;8240;38123;Vigolo Baselga
14;8240;38123;Vigolo Baselga
16;8240;38123;Vigolo Baselga
17;8240;38123;Vigolo Baselga
18;8240;38123;Vigolo Baselga
20;8240;38123;Vigolo Baselga
20;8240;38123;Vigolo Baselga
24;8240;38123;Vigolo Baselga
24;8240;38123;Vigolo Baselga
24;8240;38123;Vigolo Baselga
24;8240;38123;Vigolo Baselga
26;8240;38123;Vigolo Baselga
1;8260;38123;Vigolo Baselga
1;8260;38123;Vigolo Baselga
2;8260;38123;Vigolo Baselga
5;8260;38123;Vigolo Baselga
8;8260;38123;Vigolo Baselga
8;8260;38123;Vigolo Baselga
9;8260;38123;Vigolo Baselga
10;8260;38123;Vigolo Baselga
12;8260;38123;Vigolo Baselga
13;8260;38123;Vigolo Baselga
14;8260;38123;Vigolo Baselga
15;8260;38123;Vigolo Baselga
16;8260;38123;Vigolo Baselga
1;8270;38123;Vigolo Baselga
1/A;8270;38123;Vigolo Baselga
2;8270;38123;Vigolo Baselga
2;8270;38123;Vigolo Baselga
2;8270;38123;Vigolo Baselga
3;8270;38123;Vigolo Baselga
3/A;8270;38123;Vigolo Baselga
4;8270;38123;Vigolo Baselga
5;8270;38123;Vigolo Baselga
6;8270;38123;Vigolo Baselga
7;8270;38123;Vigolo Baselga
8;8270;38123;Vigolo Baselga
8/A;8270;38123;Vigolo Baselga
8/B;8270;38123;Vigolo Baselga
9;8270;38123;Vigolo Baselga
10;8270;38123;Vigolo Baselga
12;8270;38123;Vigolo Baselga
1;8311;38123;Baselga del Bondone
1;8311;38123;Baselga del Bondone
2;8311;38123;Baselga del Bondone
2;8311;38123;Baselga del Bondone
3;8311;38123;Baselga del Bondone
3;8311;38123;Baselga del Bondone
7;8311;38123;Baselga del Bondone
7;8311;38123;Baselga del Bondone
3;8313;38123;Baselga del Bondone
3;8313;38123;Baselga del Bondone
4;8313;38123;Baselga del Bondone
5;8313;38123;Baselga del Bondone
6;8313;38123;Baselga del Bondone
7;8313;38123;Baselga del Bondone
7;8313;38123;Baselga del Bondone
7;8313;38123;Baselga del Bondone
7;8313;38123;Baselga del Bondone
7;8313;38123;Baselga del Bondone
7;8313;38123;Baselga del Bondone
7;8313;38123;Baselga del Bondone
7;8313;38123;Baselga del Bondone
7;8313;38123;Baselga del Bondone
8;8313;38123;Baselga del Bondone
9;8313;38123;Baselga del Bondone
10;8313;38123;Baselga del Bondone
10;8313;38123;Baselga del Bondone
11;8313;38123;Baselga del Bondone
11;8313;38123;Baselga del Bondone
12;8313;38123;Baselga del Bondone
14;8313;38123;Baselga del Bondone
16;8313;38123;Baselga del Bondone
16;8313;38123;Baselga del Bondone
18;8313;38123;Baselga del Bondone
18;8313;38123;Baselga del Bondone
20;8313;38123;Baselga del Bondone
20;8313;38123;Baselga del Bondone
20;8313;38123;Baselga del Bondone
22;8313;38123;Baselga del Bondone
22;8313;38123;Baselga del Bondone
24;8313;38123;Baselga del Bondone
26;8313;38123;Baselga del Bondone
28;8313;38123;Baselga del Bondone
30;8313;38123;Baselga del Bondone
30;8313;38123;Baselga del Bondone
32;8313;38123;Baselga del Bondone
34;8313;38123;Baselga del Bondone
1;8314;38123;Baselga del Bondone
1;8314;38123;Baselga del Bondone
2;8314;38123;Baselga del Bondone
5;8314;38123;Baselga del Bondone
7;8314;38123;Baselga del Bondone
8;8314;38123;Baselga del Bondone
9;8314;38123;Baselga del Bondone
11;8314;38123;Baselga del Bondone
13;8314;38123;Baselga del Bondone
2;8315;38123;Baselga del Bondone
4;8315;38123;Baselga del Bondone
4;8315;38123;Baselga del Bondone
2;8319;38123;Baselga del Bondone
3;8319;38123;Baselga del Bondone
3;8319;38123;Baselga del Bondone
7;8319;38123;Baselga del Bondone
15;8319;38123;Baselga del Bondone
17;8319;38123;Baselga del Bondone
19;8319;38123;Baselga del Bondone
4;8321;38123;Baselga del Bondone
6;8321;38123;Baselga del Bondone
8;8321;38123;Baselga del Bondone
11;8321;38123;Baselga del Bondone
11;8321;38123;Baselga del Bondone
11;8321;38123;Baselga del Bondone
12;8321;38123;Baselga del Bondone
12;8321;38123;Baselga del Bondone
12;8321;38123;Baselga del Bondone
12;8321;38123;Baselga del Bondone
15;8321;38123;Baselga del Bondone
15;8321;38123;Baselga del Bondone
15;8321;38123;Baselga del Bondone
15;8321;38123;Baselga del Bondone
16;8321;38123;Baselga del Bondone
18;8321;38123;Baselga del Bondone
19;8321;38123;Baselga del Bondone
20;8321;38123;Baselga del Bondone
21;8321;38123;Baselga del Bondone
21;8321;38123;Baselga del Bondone
22;8321;38123;Baselga del Bondone
24;8321;38123;Baselga del Bondone
26;8321;38123;Baselga del Bondone
28;8321;38123;Baselga del Bondone
29;8321;38123;Baselga del Bondone
30;8321;38123;Baselga del Bondone
31;8321;38123;Baselga del Bondone
32;8321;38123;Baselga del Bondone
33;8321;38123;Baselga del Bondone
34;8321;38123;Baselga del Bondone
35;8321;38123;Baselga del Bondone
35;8321;38123;Baselga del Bondone
35;8321;38123;Baselga del Bondone
39;8321;38123;Baselga del Bondone
39;8321;38123;Baselga del Bondone
41;8321;38123;Baselga del Bondone
41;8321;38123;Baselga del Bondone
43;8321;38123;Baselga del Bondone
47;8321;38123;Baselga del Bondone
49;8321;38123;Baselga del Bondone
49;8321;38123;Baselga del Bondone
53;8321;38123;Baselga del Bondone
55;8321;38123;Baselga del Bondone
57;8321;38123;Baselga del Bondone
57;8321;38123;Baselga del Bondone
1;8322;38123;Baselga del Bondone
1;8322;38123;Baselga del Bondone
2;8322;38123;Baselga del Bondone
2;8322;38123;Baselga del Bondone
4;8322;38123;Baselga del Bondone
5;8322;38123;Baselga del Bondone
6;8322;38123;Baselga del Bondone
7;8322;38123;Baselga del Bondone
8;8322;38123;Baselga del Bondone
10;8322;38123;Baselga del Bondone
12;8322;38123;Baselga del Bondone
14;8322;38123;Baselga del Bondone
16;8322;38123;Baselga del Bondone
16;8322;38123;Baselga del Bondone
16;8322;38123;Baselga del Bondone
18;8322;38123;Baselga del Bondone
20;8322;38123;Baselga del Bondone
24;8322;38123;Baselga del Bondone
1;8323;38123;Baselga del Bondone
2;8323;38123;Baselga del Bondone
4;8323;38123;Baselga del Bondone
6;8323;38123;Baselga del Bondone
7;8323;38123;Baselga del Bondone
8;8323;38123;Baselga del Bondone
9;8323;38123;Baselga del Bondone
9;8323;38123;Baselga del Bondone
10;8323;38123;Baselga del Bondone
11;8323;38123;Baselga del Bondone
11;8323;38123;Baselga del Bondone
15;8323;38123;Baselga del Bondone
17;8323;38123;Baselga del Bondone
18;8323;38123;Baselga del Bondone
19;8323;38123;Baselga del Bondone
19;8323;38123;Baselga del Bondone
19;8323;38123;Baselga del Bondone
20;8323;38123;Baselga del Bondone
21;8323;38123;Baselga del Bondone
22;8323;38123;Baselga del Bondone
23;8323;38123;Baselga del Bondone
24;8323;38123;Baselga del Bondone
28;8323;38123;Baselga del Bondone
29;8323;38123;Baselga del Bondone
31;8323;38123;Baselga del Bondone
31;8323;38123;Baselga del Bondone
32;8323;38123;Baselga del Bondone
33;8323;38123;Baselga del Bondone
33;8323;38123;Baselga del Bondone
36;8323;38123;Baselga del Bondone
37;8323;38123;Baselga del Bondone
39;8323;38123;Baselga del Bondone
40;8323;38123;Baselga del Bondone
41;8323;38123;Baselga del Bondone
42;8323;38123;Baselga del Bondone
43;8323;38123;Baselga del Bondone
45;8323;38123;Baselga del Bondone
47;8323;38123;Baselga del Bondone
48;8323;38123;Baselga del Bondone
48;8323;38123;Baselga del Bondone
48;8323;38123;Baselga del Bondone
49;8323;38123;Baselga del Bondone
50;8323;38123;Baselga del Bondone
52;8323;38123;Baselga del Bondone
54;8323;38123;Baselga del Bondone
58;8323;38123;Baselga del Bondone
60;8323;38123;Baselga del Bondone
60;8323;38123;Baselga del Bondone
60;8323;38123;Baselga del Bondone
62;8323;38123;Baselga del Bondone
62;8323;38123;Baselga del Bondone
64;8323;38123;Baselga del Bondone
66;8323;38123;Baselga del Bondone
3;8324;38123;Baselga del Bondone
5;8324;38123;Baselga del Bondone
3;8411;38121;Meano
3;8411;38121;Meano
3/A;8411;38121;Meano
6;8411;38121;Meano
8;8411;38121;Meano
9;8411;38121;Meano
11;8411;38121;Meano
12;8411;38121;Meano
13;8411;38121;Meano
15;8411;38121;Meano
16;8411;38121;Meano
17;8411;38121;Meano
18;8411;38121;Meano
19;8411;38121;Meano
21;8411;38121;Meano
22;8411;38121;Meano
22;8411;38121;Meano
23;8411;38121;Meano
23;8411;38121;Meano
23;8411;38121;Meano
26;8411;38121;Meano
26;8411;38121;Meano
27;8411;38121;Meano
27;8411;38121;Meano
33;8411;38121;Meano
33/A;8411;38121;Meano
33/B;8411;38121;Meano
35;8411;38121;Meano
45;8411;38121;Meano
45;8411;38121;Meano
45;8411;38121;Meano
49;8411;38121;Meano
51;8411;38121;Meano
51;8411;38121;Meano
55;8411;38121;Meano
61;8411;38121;Meano
65;8411;38121;Meano
65;8411;38121;Meano
67;8411;38121;Meano
69;8411;38121;Meano
71;8411;38121;Meano
1;8412;38121;Meano
1;8412;38121;Meano
3;8412;38121;Meano
3;8412;38121;Meano
3;8412;38121;Meano
4;8412;38121;Meano
4;8412;38121;Meano
5;8412;38121;Meano
5;8412;38121;Meano
5;8412;38121;Meano
6;8412;38121;Meano
6;8412;38121;Meano
7;8412;38121;Meano
8;8412;38121;Meano
8;8412;38121;Meano
11;8412;38121;Gardolo
22;8412;38121;Gardolo
24;8412;38121;Gardolo
26;8412;38121;Gardolo
28;8412;38121;Gardolo
30;8412;38121;Gardolo
32;8412;38121;Gardolo
34;8412;38121;Gardolo
36;8412;38121;Gardolo
38;8412;38121;Gardolo
38;8412;38121;Gardolo
38;8412;38121;Gardolo
38;8412;38121;Gardolo
40;8412;38121;Gardolo
40;8412;38121;Gardolo
40;8412;38121;Gardolo
42;8412;38121;Gardolo
44;8412;38121;Gardolo
44;8412;38121;Gardolo
46;8412;38121;Gardolo
46;8412;38121;Gardolo
48;8412;38121;Gardolo
48;8412;38121;Gardolo
48;8412;38121;Gardolo
50;8412;38121;Gardolo
50/A;8412;38121;Gardolo
50/B;8412;38121;Gardolo
2;8413;38121;Meano
2;8413;38121;Meano
4;8413;38121;Meano
4;8413;38121;Meano
5;8413;38121;Meano
5;8413;38121;Meano
5;8413;38121;Meano
7;8413;38121;Meano
9;8413;38121;Meano
9;8413;38121;Meano
9;8413;38121;Meano
9;8413;38121;Meano
10;8413;38121;Meano
10;8413;38121;Meano
11;8413;38121;Meano
13;8413;38121;Meano
14;8413;38121;Meano
14;8413;38121;Meano
14;8413;38121;Meano
15;8413;38121;Meano
17;8413;38121;Meano
17;8413;38121;Meano
19;8413;38121;Meano
21;8413;38121;Meano
22;8413;38121;Meano
23;8413;38121;Meano
25;8413;38121;Meano
26;8413;38121;Meano
26;8413;38121;Meano
27;8413;38121;Meano
29;8413;38121;Meano
35;8413;38121;Meano
35;8413;38121;Meano
35;8413;38121;Meano
2;8414;38121;Meano
2;8414;38121;Meano
4;8414;38121;Meano
4;8414;38121;Meano
5;8414;38121;Meano
5/A;8414;38121;Meano
5/A;8414;38121;Meano
7;8414;38121;Meano
9;8414;38121;Meano
9;8414;38121;Meano
9;8414;38121;Meano
10;8414;38121;Meano
10;8414;38121;Meano
10;8414;38121;Meano
11;8414;38121;Meano
11;8414;38121;Meano
11;8414;38121;Meano
11;8414;38121;Meano
13;8414;38121;Meano
16;8414;38121;Meano
16;8414;38121;Meano
18;8414;38121;Meano
18;8414;38121;Meano
19;8414;38121;Meano
20;8414;38121;Meano
20;8414;38121;Meano
21;8414;38121;Meano
21;8414;38121;Meano
21;8414;38121;Meano
22;8414;38121;Meano
22;8414;38121;Meano
24;8414;38121;Meano
24;8414;38121;Meano
26;8414;38121;Meano
27;8414;38121;Meano
27;8414;38121;Meano
28;8414;38121;Meano
30;8414;38121;Meano
31;8414;38121;Meano
31;8414;38121;Meano
32;8414;38121;Meano
33;8414;38121;Meano
33;8414;38121;Meano
34;8414;38121;Meano
35;8414;38121;Meano
35;8414;38121;Meano
35;8414;38121;Meano
35;8414;38121;Meano
35;8414;38121;Meano
37;8414;38121;Meano
37;8414;38121;Meano
37;8414;38121;Meano
37;8414;38121;Meano
38;8414;38121;Meano
38;8414;38121;Meano
38;8414;38121;Meano
41;8414;38121;Meano
41;8414;38121;Meano
43;8414;38121;Meano
43;8414;38121;Meano
45;8414;38121;Meano
45;8414;38121;Meano
46;8414;38121;Meano
47;8414;38121;Meano
47;8414;38121;Meano
49;8414;38121;Meano
55;8414;38121;Meano
59;8414;38121;Meano
59;8414;38121;Meano
61;8414;38121;Meano
61;8414;38121;Meano
63;8414;38121;Meano
67;8414;38121;Meano
69;8414;38121;Meano
71;8414;38121;Meano
73;8414;38121;Meano
75;8414;38121;Meano
79;8414;38121;Meano
3;8415;38121;Meano
3;8415;38121;Meano
4;8415;38121;Meano
4;8415;38121;Meano
5;8415;38121;Meano
5;8415;38121;Meano
8;8415;38121;Meano
9;8415;38121;Meano
10;8415;38121;Meano
11;8415;38121;Meano
11/A;8415;38121;Meano
13;8415;38121;Meano
13;8415;38121;Meano
13;8415;38121;Meano
14;8415;38121;Meano
15;8415;38121;Meano
16;8415;38121;Meano
18;8415;38121;Meano
19;8415;38121;Meano
21;8415;38121;Meano
22;8415;38121;Meano
25;8415;38121;Meano
25;8415;38121;Meano
26;8415;38121;Meano
26;8415;38121;Meano
28;8415;38121;Meano
28;8415;38121;Meano
33;8415;38121;Meano
33;8415;38121;Meano
35;8415;38121;Meano
35;8415;38121;Meano
35;8415;38121;Meano
36;8415;38121;Meano
36;8415;38121;Meano
37;8415;38121;Meano
38;8415;38121;Meano
39;8415;38121;Meano
40;8415;38121;Meano
41;8415;38121;Meano
42;8415;38121;Meano
42;8415;38121;Meano
42/A;8415;38121;Meano
42/A;8415;38121;Meano
42/B;8415;38121;Meano
42/B;8415;38121;Meano
43;8415;38121;Meano
44;8415;38121;Meano
45;8415;38121;Meano
45;8415;38121;Meano
46;8415;38121;Meano
47;8415;38121;Meano
47;8415;38121;Meano
47;8415;38121;Meano
49;8415;38121;Meano
51;8415;38121;Meano
52;8415;38121;Meano
53;8415;38121;Meano
54;8415;38121;Meano
55;8415;38121;Meano
56;8415;38121;Meano
57;8415;38121;Meano
57;8415;38121;Meano
57;8415;38121;Meano
57;8415;38121;Meano
59;8415;38121;Meano
61;8415;38121;Meano
14;8416;38121;Meano
63;8415;38121;Meano
63;8415;38121;Meano
63;8415;38121;Meano
65;8415;38121;Meano
65;8415;38121;Meano
71;8415;38121;Meano
73;8415;38121;Meano
75;8415;38121;Meano
79;8415;38121;Meano
79;8415;38121;Meano
1;8416;38121;Meano
2;8416;38121;Meano
2;8416;38121;Meano
3;8416;38121;Meano
3;8416;38121;Meano
5;8416;38121;Meano
5;8416;38121;Meano
5;8416;38121;Meano
5;8416;38121;Meano
5;8416;38121;Meano
5;8416;38121;Meano
5;8416;38121;Meano
5;8416;38121;Meano
5;8416;38121;Meano
5;8416;38121;Meano
5;8416;38121;Meano
6;8416;38121;Meano
6;8416;38121;Meano
7;8416;38121;Meano
7;8416;38121;Meano
7;8416;38121;Meano
8;8416;38121;Meano
12;8416;38121;Meano
12;8416;38121;Meano
14;8416;38121;Meano
14;8416;38121;Meano
18;8416;38121;Meano
20;8416;38121;Meano
22;8416;38121;Meano
24;8416;38121;Meano
26;8416;38121;Gardolo
26;8416;38121;Gardolo
26;8416;38121;Gardolo
28;8416;38121;Gardolo
28;8416;38121;Gardolo
28;8416;38121;Gardolo
30;8416;38121;Gardolo
30;8416;38121;Gardolo
30;8416;38121;Gardolo
36;8416;38121;Gardolo
36;8416;38121;Gardolo
36;8416;38121;Gardolo
36;8416;38121;Gardolo
36;8416;38121;Gardolo
1;8417;38121;Meano
1;8417;38121;Meano
2;8417;38121;Meano
5;8417;38121;Meano
7;8417;38121;Meano
9;8417;38121;Meano
10;8417;38121;Meano
10;8417;38121;Meano
11;8417;38121;Meano
13;8417;38121;Meano
14;8417;38121;Meano
18;8417;38121;Meano
18;8417;38121;Meano
19;8417;38121;Meano
19;8417;38121;Meano
19;8417;38121;Meano
22;8417;38121;Meano
22;8417;38121;Meano
1;8418;38121;Gardolo
1;8418;38121;Gardolo
1;8418;38121;Gardolo
1;8418;38121;Gardolo
1;8418;38121;Gardolo
1;8418;38121;Gardolo
1;8418;38121;Gardolo
1;8418;38121;Gardolo
1;8418;38121;Gardolo
1;8418;38121;Gardolo
4;8418;38121;Gardolo
4;8418;38121;Gardolo
4;8418;38121;Gardolo
4;8418;38121;Gardolo
5;8418;38121;Gardolo
5;8418;38121;Gardolo
5;8418;38121;Gardolo
5;8418;38121;Gardolo
8;8418;38121;Meano
8;8418;38121;Meano
9;8418;38121;Meano
9;8418;38121;Meano
9;8418;38121;Meano
9;8418;38121;Meano
11;8418;38121;Meano
11;8418;38121;Meano
11;8418;38121;Meano
12;8418;38121;Meano
12;8418;38121;Meano
13;8418;38121;Meano
13;8418;38121;Meano
14;8418;38121;Meano
14/A;8418;38121;Meano
14/B;8418;38121;Meano
16;8418;38121;Meano
16;8418;38121;Meano
17;8418;38121;Meano
17;8418;38121;Meano
18;8418;38121;Meano
18;8418;38121;Meano
21;8418;38121;Meano
21;8418;38121;Meano
21;8418;38121;Meano
22;8418;38121;Meano
26;8418;38121;Meano
28;8418;38121;Meano
30;8418;38121;Meano
30;8418;38121;Meano
46;8418;38121;Meano
48;8418;38121;Meano
50;8418;38121;Meano
52;8418;38121;Meano
52;8418;38121;Meano
1;8419;38121;Meano
1;8419;38121;Meano
2;8419;38121;Meano
2;8419;38121;Meano
3;8419;38121;Meano
3;8419;38121;Meano
6;8419;38121;Meano
6;8419;38121;Meano
7;8419;38121;Meano
7;8419;38121;Meano
8;8419;38121;Meano
8;8419;38121;Meano
8;8419;38121;Meano
8;8419;38121;Meano
9;8419;38121;Meano
9;8419;38121;Meano
10;8419;38121;Meano
10;8419;38121;Meano
12;8419;38121;Meano
12;8419;38121;Meano
12;8419;38121;Meano
13;8419;38121;Meano
13;8419;38121;Meano
14;8419;38121;Meano
14;8419;38121;Meano
15;8419;38121;Meano
17;8419;38121;Meano
18;8419;38121;Meano
18;8419;38121;Meano
18;8419;38121;Meano
18;8419;38121;Meano
18;8419;38121;Meano
19;8419;38121;Meano
19;8419;38121;Meano
20;8419;38121;Meano
20;8419;38121;Meano
22;8419;38121;Meano
22;8419;38121;Meano
22;8419;38121;Meano
24;8419;38121;Meano
26;8419;38121;Meano
28;8419;38121;Meano
28;8419;38121;Meano
28/A;8419;38121;Meano
28/A;8419;38121;Meano
30;8419;38121;Meano
30;8419;38121;Meano
30;8419;38121;Meano
32;8419;38121;Meano
34;8419;38121;Meano
38;8419;38121;Meano
38;8419;38121;Meano
40;8419;38121;Meano
42;8419;38121;Meano
42;8419;38121;Meano
44;8419;38121;Meano
44;8419;38121;Meano
44;8419;38121;Meano
44/B;8419;38121;Meano
44/B;8419;38121;Meano
46;8419;38121;Meano
3;8421;38121;Meano
5;8421;38121;Meano
6;8421;38121;Meano
6;8421;38121;Meano
7;8421;38121;Meano
9;8421;38121;Meano
9;8421;38121;Meano
10;8421;38121;Meano
10;8421;38121;Meano
10/A;8421;38121;Meano
11;8421;38121;Meano
16;8421;38121;Meano
16;8421;38121;Meano
18;8421;38121;Meano
18;8421;38121;Meano
18;8421;38121;Meano
19;8421;38121;Meano
19/A;8421;38121;Meano
20;8421;38121;Meano
21;8421;38121;Meano
21;8421;38121;Meano
21;8421;38121;Meano
22;8421;38121;Meano
23;8421;38121;Meano
25;8421;38121;Meano
26;8421;38121;Meano
27;8421;38121;Meano
27;8421;38121;Meano
35;8421;38121;Meano
3;8422;38121;Meano
4;8422;38121;Gardolo
4;8422;38121;Gardolo
4;8422;38121;Gardolo
4;8422;38121;Gardolo
5;8422;38121;Meano
5/A;8422;38121;Meano
6;8422;38121;Gardolo
7;8422;38121;Meano
7;8422;38121;Meano
10;8422;38121;Gardolo
10;8422;38121;Gardolo
10;8422;38121;Gardolo
10;8422;38121;Gardolo
11;8422;38121;Meano
11;8422;38121;Meano
11;8422;38121;Meano
12;8422;38121;Gardolo
12;8422;38121;Gardolo
14;8422;38121;Gardolo
14;8422;38121;Gardolo
15;8422;38121;Meano
15/A;8422;38121;Meano
15/A;8422;38121;Meano
16;8422;38121;Gardolo
16;8422;38121;Gardolo
17;8422;38121;Meano
17;8422;38121;Meano
18;8422;38121;Gardolo
18;8422;38121;Gardolo
19;8422;38121;Meano
19;8422;38121;Meano
20;8422;38121;Gardolo
20;8422;38121;Gardolo
20;8422;38121;Gardolo
21;8422;38121;Meano
23;8422;38121;Meano
23;8422;38121;Meano
25;8422;38121;Meano
25;8422;38121;Meano
27;8422;38121;Meano
27;8422;38121;Meano
27;8422;38121;Meano
27;8422;38121;Meano
27;8422;38121;Meano
29;8422;38121;Meano
29;8422;38121;Meano
29;8422;38121;Meano
31;8422;38121;Meano
35;8422;38121;Meano
35;8422;38121;Meano
37;8422;38121;Meano
37;8422;38121;Meano
39;8422;38121;Meano
39;8422;38121;Meano
43;8422;38121;Gardolo
45;8422;38121;Gardolo
47;8422;38121;Gardolo
49;8422;38121;Gardolo
51;8422;38121;Gardolo
53;8422;38121;Gardolo
53;8422;38121;Gardolo
59;8422;38121;Gardolo
59;8422;38121;Gardolo
61;8422;38121;Gardolo
61;8422;38121;Gardolo
65;8422;38121;Gardolo
65;8422;38121;Gardolo
67;8422;38121;Gardolo
67;8422;38121;Gardolo
71;8422;38121;Gardolo
71;8422;38121;Gardolo
71;8422;38121;Gardolo
71;8422;38121;Gardolo
71;8422;38121;Gardolo
71;8422;38121;Gardolo
71;8422;38121;Gardolo
71;8422;38121;Gardolo
2;8461;38121;Meano
3;8461;38121;Meano
3;8461;38121;Meano
3;8461;38121;Meano
3;8461;38121;Meano
4;8461;38121;Meano
4;8461;38121;Meano
5;8461;38121;Meano
6;8461;38121;Meano
8;8461;38121;Meano
9;8461;38121;Meano
12;8461;38121;Meano
14;8461;38121;Meano
14/A;8461;38121;Meano
18;8461;38121;Meano
20;8461;38121;Meano
24;8461;38121;Meano
26;8461;38121;Meano
28;8461;38121;Meano
30;8461;38121;Meano
32;8461;38121;Meano
34;8461;38121;Meano
1;8462;38121;Meano
2;8462;38121;Meano
2;8462;38121;Meano
2;8462;38121;Meano
3;8462;38121;Meano
3;8462;38121;Meano
3;8462;38121;Meano
3;8462;38121;Meano
3;8462;38121;Meano
3;8462;38121;Meano
5;8462;38121;Meano
5;8462;38121;Meano
5;8462;38121;Meano
6;8462;38121;Meano
6;8462;38121;Meano
7;8462;38121;Meano
10;8462;38121;Meano
10;8462;38121;Meano
11;8462;38121;Meano
13;8462;38121;Meano
14;8462;38121;Meano
15;8462;38121;Meano
15;8462;38121;Meano
15;8462;38121;Meano
16;8462;38121;Meano
16;8462;38121;Meano
3;8463;38121;Meano
6;8463;38121;Meano
7;8463;38121;Meano
7;8463;38121;Meano
7;8463;38121;Meano
8;8463;38121;Meano
8;8463;38121;Meano
8;8463;38121;Meano
9;8463;38121;Meano
11;8463;38121;Meano
11/A;8463;38121;Meano
11/B;8463;38121;Meano
12;8463;38121;Meano
12;8463;38121;Meano
12;8463;38121;Meano
13;8463;38121;Meano
13;8463;38121;Meano
13;8463;38121;Meano
2;8464;38121;Meano
2;8464;38121;Meano
3;8464;38121;Meano
4;8464;38121;Meano
5;8464;38121;Meano
5;8464;38121;Meano
6;8464;38121;Meano
7;8464;38121;Meano
7;8464;38121;Meano
7;8464;38121;Meano
7;8464;38121;Meano
7;8464;38121;Meano
8;8464;38121;Meano
8;8464;38121;Meano
9;8464;38121;Meano
11;8464;38121;Meano
11;8464;38121;Meano
13;8464;38121;Meano
15;8464;38121;Meano
19;8464;38121;Meano
2;8466;38121;Meano
3;8466;38121;Meano
3;8466;38121;Meano
4;8466;38121;Meano
5;8466;38121;Meano
1;8467;38121;Meano
1;8467;38121;Meano
1;8467;38121;Meano
3;8467;38121;Meano
3;8467;38121;Meano
3;8467;38121;Meano
4;8467;38121;Meano
4;8467;38121;Meano
5;8467;38121;Meano
2;8468;38121;Meano
2;8468;38121;Meano
3;8468;38121;Meano
4;8468;38121;Meano
4;8468;38121;Meano
5;8468;38121;Meano
6;8468;38121;Meano
7;8468;38121;Meano
8;8468;38121;Meano
8;8468;38121;Meano
8;8468;38121;Meano
8;8468;38121;Meano
8;8468;38121;Meano
14;8468;38121;Meano
1;8469;38121;Meano
2;8469;38121;Meano
6;8469;38121;Meano
6;8469;38121;Meano
6;8469;38121;Meano
10;8469;38121;Meano
10;8469;38121;Meano
2;8470;38121;Meano
2;8470;38121;Meano
2;8470;38121;Meano
2;8470;38121;Meano
4;8470;38121;Meano
6;8470;38121;Meano
7;8470;38121;Meano
7;8470;38121;Meano
8;8470;38121;Meano
9;8470;38121;Meano
9;8470;38121;Meano
11;8470;38121;Meano
11;8470;38121;Meano
13;8470;38121;Meano
13;8470;38121;Meano
13;8470;38121;Meano
15;8470;38121;Meano
15;8470;38121;Meano
16;8470;38121;Meano
17;8470;38121;Meano
18;8470;38121;Meano
18;8470;38121;Meano
19;8470;38121;Meano
19;8470;38121;Meano
21;8470;38121;Meano
21;8470;38121;Meano
23;8470;38121;Meano
24;8470;38121;Meano
24;8470;38121;Meano
25;8470;38121;Meano
27;8470;38121;Meano
27;8470;38121;Meano
28;8470;38121;Meano
28;8470;38121;Meano
28;8470;38121;Meano
28;8470;38121;Meano
33;8470;38121;Meano
35;8470;38121;Meano
36;8470;38121;Meano
37;8470;38121;Meano
38;8470;38121;Meano
39;8470;38121;Meano
40;8470;38121;Meano
40;8470;38121;Meano
43;8470;38121;Meano
43;8470;38121;Meano
43;8470;38121;Meano
44;8470;38121;Meano
45;8470;38121;Meano
45;8470;38121;Meano
46;8470;38121;Meano
47;8470;38121;Meano
47;8470;38121;Meano
48;8470;38121;Meano
48;8470;38121;Meano
49;8470;38121;Meano
49;8470;38121;Meano
52;8470;38121;Meano
52;8470;38121;Meano
54;8470;38121;Meano
56;8470;38121;Meano
2;8471;38121;Meano
2;8471;38121;Meano
2/A;8471;38121;Meano
2/A;8471;38121;Meano
6;8471;38121;Meano
6;8471;38121;Meano
10;8471;38121;Meano
12;8471;38121;Meano
12;8471;38121;Meano
14;8471;38121;Meano
16;8471;38121;Meano
18;8471;38121;Meano
22;8471;38121;Meano
22;8471;38121;Meano
24;8471;38121;Meano
24;8471;38121;Meano
26;8471;38121;Meano
26;8471;38121;Meano
28;8471;38121;Meano
28;8471;38121;Meano
30;8471;38121;Meano
34;8471;38121;Meano
36;8471;38121;Meano
38;8471;38121;Meano
38;8471;38121;Meano
1;8472;38121;Meano
1;8472;38121;Meano
1;8472;38121;Meano
2;8472;38121;Meano
2;8472;38121;Meano
3;8472;38121;Meano
4;8472;38121;Meano
5;8472;38121;Meano
6;8472;38121;Meano
7;8472;38121;Meano
7/A;8472;38121;Meano
8;8472;38121;Meano
9;8472;38121;Meano
10;8472;38121;Meano
10;8472;38121;Meano
11;8472;38121;Meano
11;8472;38121;Meano
12;8472;38121;Meano
14;8472;38121;Meano
16;8472;38121;Meano
17;8472;38121;Meano
18;8472;38121;Meano
19;8472;38121;Meano
21;8472;38121;Meano
22;8472;38121;Meano
23;8472;38121;Meano
23;8472;38121;Meano
23;8472;38121;Meano
24;8472;38121;Meano
24;8472;38121;Meano
25;8472;38121;Meano
25;8472;38121;Meano
25;8472;38121;Meano
25;8472;38121;Meano
26;8472;38121;Meano
27;8472;38121;Meano
28;8472;38121;Meano
28;8472;38121;Meano
28;8472;38121;Meano
28;8472;38121;Meano
28;8472;38121;Meano
1;8473;38121;Meano
1;8473;38121;Meano
2;8473;38121;Meano
6;8473;38121;Meano
7;8473;38121;Meano
8;8473;38121;Meano
10;8473;38121;Meano
12;8473;38121;Meano
14;8473;38121;Meano
16;8473;38121;Meano
1;8474;38121;Meano
2;8474;38121;Meano
2;8474;38121;Meano
2;8474;38121;Meano
2;8474;38121;Meano
3;8474;38121;Meano
3;8474;38121;Meano
6;8474;38121;Meano
8;8474;38121;Meano
8;8474;38121;Meano
10;8474;38121;Meano
2;8475;38121;Meano
3;8475;38121;Meano
3;8475;38121;Meano
3;8475;38121;Meano
4;8475;38121;Meano
5;8475;38121;Meano
5;8475;38121;Meano
6;8475;38121;Meano
7;8475;38121;Meano
7;8475;38121;Meano
8;8475;38121;Meano
9;8475;38121;Meano
10;8475;38121;Meano
11;8475;38121;Meano
12;8475;38121;Meano
13;8475;38121;Meano
14;8475;38121;Meano
15;8475;38121;Meano
15;8475;38121;Meano
16;8475;38121;Meano
17;8475;38121;Meano
17;8475;38121;Meano
17;8475;38121;Meano
18;8475;38121;Meano
19;8475;38121;Meano
19;8475;38121;Meano
20;8475;38121;Meano
21;8475;38121;Meano
21;8475;38121;Meano
22;8475;38121;Meano
23;8475;38121;Meano
24;8475;38121;Meano
25;8475;38121;Meano
26;8475;38121;Meano
27;8475;38121;Meano
27;8475;38121;Meano
27;8475;38121;Meano
27;8475;38121;Meano
28;8475;38121;Meano
30;8475;38121;Meano
31;8475;38121;Meano
31;8475;38121;Meano
31;8475;38121;Meano
32;8475;38121;Meano
33;8475;38121;Meano
33;8475;38121;Meano
33;8475;38121;Meano
34;8475;38121;Meano
36;8475;38121;Meano
37;8475;38121;Meano
37;8475;38121;Meano
38;8475;38121;Meano
39;8475;38121;Meano
39;8475;38121;Meano
40;8475;38121;Meano
41/A;8475;38121;Meano
41/B;8475;38121;Meano
42;8475;38121;Meano
43;8475;38121;Meano
43;8475;38121;Meano
44;8475;38121;Meano
45;8475;38121;Meano
45;8475;38121;Meano
46;8475;38121;Meano
47;8475;38121;Meano
47;8475;38121;Meano
47;8475;38121;Meano
47;8475;38121;Meano
48;8475;38121;Meano
49;8475;38121;Meano
50;8475;38121;Meano
51/B;8475;38121;Meano
52;8475;38121;Meano
53;8475;38121;Meano
53;8475;38121;Meano
54;8475;38121;Meano
55;8475;38121;Meano
55;8475;38121;Meano
56;8475;38121;Meano
57;8475;38121;Meano
58;8475;38121;Meano
59;8475;38121;Meano
59;8475;38121;Meano
59;8475;38121;Meano
60;8475;38121;Meano
61;8475;38121;Meano
61;8475;38121;Meano
61;8475;38121;Meano
62;8475;38121;Meano
63;8475;38121;Meano
63;8475;38121;Meano
64;8475;38121;Meano
65;8475;38121;Meano
65;8475;38121;Meano
65;8475;38121;Meano
65;8475;38121;Meano
66;8475;38121;Meano
67;8475;38121;Meano
68;8475;38121;Meano
69;8475;38121;Meano
70;8475;38121;Meano
71;8475;38121;Meano
72;8475;38121;Meano
73;8475;38121;Meano
73;8475;38121;Meano
74;8475;38121;Meano
76;8475;38121;Meano
78;8475;38121;Meano
79;8475;38121;Meano
80;8475;38121;Meano
81;8475;38121;Meano
82;8475;38121;Meano
84;8475;38121;Meano
1;8476;38121;Meano
3;8476;38121;Meano
3;8476;38121;Meano
3/A;8476;38121;Meano
3/A;8476;38121;Meano
4;8476;38121;Meano
4;8476;38121;Meano
4;8476;38121;Meano
5;8476;38121;Meano
6;8476;38121;Meano
7;8476;38121;Meano
7/A;8476;38121;Meano
7/B;8476;38121;Meano
8;8476;38121;Meano
9;8476;38121;Meano
10;8476;38121;Meano
10;8476;38121;Meano
11;8476;38121;Meano
11;8476;38121;Meano
11;8476;38121;Meano
13;8476;38121;Meano
13;8476;38121;Meano
14;8476;38121;Meano
15;8476;38121;Meano
15;8476;38121;Meano
15;8476;38121;Meano
16;8476;38121;Meano
17;8476;38121;Meano
17;8476;38121;Meano
17;8476;38121;Meano
17;8476;38121;Meano
17;8476;38121;Meano
17;8476;38121;Meano
17;8476;38121;Meano
19;8476;38121;Meano
19;8476;38121;Meano
23;8476;38121;Meano
23/A;8476;38121;Meano
23/A;8476;38121;Meano
25;8476;38121;Meano
27;8476;38121;Meano
27;8476;38121;Meano
33;8476;38121;Meano
33;8476;38121;Meano
33;8476;38121;Meano
33;8476;38121;Meano
35;8476;38121;Meano
35;8476;38121;Meano
41;8476;38121;Meano
41;8476;38121;Meano
41;8476;38121;Meano
47;8476;38121;Meano
49;8476;38121;Meano
49;8476;38121;Meano
49;8476;38121;Meano
49;8476;38121;Meano
53;8476;38121;Meano
53;8476;38121;Meano
53;8476;38121;Meano
53;8476;38121;Meano
57;8476;38121;Meano
59;8476;38121;Meano
61;8476;38121;Meano
61;8476;38121;Meano
61;8476;38121;Meano
63;8476;38121;Meano
63;8476;38121;Meano
65;8476;38121;Meano
65;8476;38121;Meano
67;8476;38121;Meano
67;8476;38121;Meano
67;8476;38121;Meano
71;8476;38121;Meano
73;8476;38121;Meano
3;8477;38121;Meano
5;8477;38121;Meano
7;8477;38121;Meano
9;8477;38121;Meano
9;8477;38121;Meano
9;8477;38121;Meano
9;8477;38121;Meano
13;8477;38121;Meano
15;8477;38121;Meano
6;8478;38121;Meano
6;8478;38121;Meano
7;8478;38121;Meano
8;8478;38121;Meano
10;8478;38121;Meano
10;8478;38121;Meano
11;8478;38121;Meano
11;8478;38121;Meano
14;8478;38121;Meano
18;8478;38121;Meano
22;8478;38121;Meano
24;8478;38121;Meano
24;8478;38121;Meano
28;8478;38121;Meano
28;8478;38121;Meano
28;8478;38121;Meano
3;8480;38121;Meano
3;8480;38121;Meano
3/A;8480;38121;Meano
3/A;8480;38121;Meano
4;8480;38121;Meano
4;8480;38121;Meano
5;8480;38121;Meano
5;8480;38121;Meano
5;8480;38121;Meano
7;8480;38121;Meano
7;8480;38121;Meano
8;8480;38121;Meano
9;8480;38121;Meano
9;8480;38121;Meano
9;8480;38121;Meano
9;8480;38121;Meano
9;8480;38121;Meano
10;8480;38121;Meano
10/A;8480;38121;Meano
10/A;8480;38121;Meano
12;8480;38121;Meano
16;8480;38121;Meano
18;8480;38121;Meano
20;8480;38121;Meano
20;8480;38121;Meano
22;8480;38121;Meano
24;8480;38121;Meano
24;8480;38121;Meano
26;8480;38121;Meano
26;8480;38121;Meano
1;8481;38121;Meano
2;8481;38121;Meano
2;8481;38121;Meano
5;8481;38121;Meano
7;8481;38121;Meano
8;8481;38121;Meano
8;8481;38121;Meano
11;8481;38121;Meano
11;8481;38121;Meano
13;8481;38121;Meano
15;8481;38121;Meano
19;8481;38121;Meano
21;8481;38121;Meano
21;8481;38121;Meano
2;8482;38121;Meano
2;8482;38121;Meano
2;8482;38121;Meano
2;8482;38121;Meano
3;8482;38121;Meano
4;8482;38121;Meano
5;8482;38121;Meano
6;8482;38121;Meano
7;8482;38121;Meano
8;8482;38121;Meano
9;8482;38121;Meano
10;8482;38121;Meano
11;8482;38121;Meano
12;8482;38121;Meano
13;8482;38121;Meano
14;8482;38121;Meano
15;8482;38121;Meano
16;8482;38121;Meano
17;8482;38121;Meano
18;8482;38121;Meano
18/A;8482;38121;Meano
18/B;8482;38121;Meano
19;8482;38121;Meano
20;8482;38121;Meano
21;8482;38121;Meano
22;8482;38121;Meano
23;8482;38121;Meano
24;8482;38121;Meano
25;8482;38121;Meano
26;8482;38121;Meano
26;8482;38121;Meano
27;8482;38121;Meano
29;8482;38121;Meano
31;8482;38121;Meano
33;8482;38121;Meano
35;8482;38121;Meano
37;8482;38121;Meano
39;8482;38121;Meano
41;8482;38121;Meano
2;8484;38121;Meano
8;8484;38121;Meano
8;8484;38121;Meano
1;8485;38121;Meano
3;8485;38121;Meano
4;8485;38121;Meano
5;8485;38121;Meano
5;8485;38121;Meano
6;8486;38121;Meano
6;8486;38121;Meano
7;8486;38121;Meano
7/A;8486;38121;Meano
8;8486;38121;Meano
8;8486;38121;Meano
9;8486;38121;Meano
9;8486;38121;Meano
10;8486;38121;Meano
10;8486;38121;Meano
11;8486;38121;Meano
12;8486;38121;Meano
12;8486;38121;Meano
13;8486;38121;Meano
13;8486;38121;Meano
13/A;8486;38121;Meano
13/A;8486;38121;Meano
13/A;8486;38121;Meano
14;8486;38121;Meano
14;8486;38121;Meano
15;8486;38121;Meano
15;8486;38121;Meano
16;8486;38121;Meano
16;8486;38121;Meano
17;8486;38121;Meano
17;8486;38121;Meano
17;8486;38121;Meano
18;8486;38121;Meano
18;8486;38121;Meano
19;8486;38121;Meano
19;8486;38121;Meano
20;8486;38121;Meano
20;8486;38121;Meano
21;8486;38121;Meano
21;8486;38121;Meano
22;8486;38121;Meano
22;8486;38121;Meano
24;8486;38121;Meano
24;8486;38121;Meano
26;8486;38121;Meano
26;8486;38121;Meano
27;8486;38121;Meano
28;8486;38121;Meano
28;8486;38121;Meano
29;8486;38121;Meano
29;8486;38121;Meano
30;8486;38121;Meano
30;8486;38121;Meano
32;8486;38121;Meano
33;8486;38121;Meano
33;8486;38121;Meano
34;8486;38121;Meano
34;8486;38121;Meano
36;8486;38121;Meano
36;8486;38121;Meano
38;8486;38121;Meano
38;8486;38121;Meano
39;8486;38121;Meano
40;8486;38121;Meano
46;8486;38121;Meano
46;8486;38121;Meano
48;8486;38121;Meano
48;8486;38121;Meano
48;8486;38121;Meano
48/A;8486;38121;Meano
48/A;8486;38121;Meano
48/B;8486;38121;Meano
48/B;8486;38121;Meano
50;8486;38121;Meano
50;8486;38121;Meano
52;8486;38121;Meano
52;8486;38121;Meano
52/A;8486;38121;Meano
52/A;8486;38121;Meano
52/A;8486;38121;Meano
54;8486;38121;Meano
54;8486;38121;Meano
54;8486;38121;Meano
56;8486;38121;Meano
56;8486;38121;Meano
58;8486;38121;Meano
58;8486;38121;Meano
58;8486;38121;Meano
62;8486;38121;Meano
62;8486;38121;Meano
62;8486;38121;Meano
64;8486;38121;Meano
66;8486;38121;Meano
66;8486;38121;Meano
68;8486;38121;Meano
68;8486;38121;Meano
72;8486;38121;Meano
72;8486;38121;Meano
76;8486;38121;Meano
76;8486;38121;Meano
80;8486;38121;Meano
80;8486;38121;Meano
82;8486;38121;Meano
84;8486;38121;Meano
84;8486;38121;Meano
1;8487;38121;Meano
1;8487;38121;Meano
2;8487;38121;Meano
3;8487;38121;Meano
3;8487;38121;Meano
4;8487;38121;Meano
5;8487;38121;Meano
5;8487;38121;Meano
6;8487;38121;Meano
6/A;8487;38121;Meano
7;8487;38121;Meano
7;8487;38121;Meano
8;8487;38121;Meano
8;8487;38121;Meano
9;8487;38121;Meano
9;8487;38121;Meano
10;8487;38121;Meano
10;8487;38121;Meano
10;8487;38121;Meano
11;8487;38121;Meano
11;8487;38121;Meano
12;8487;38121;Meano
12;8487;38121;Meano
13;8487;38121;Meano
13;8487;38121;Meano
14;8487;38121;Meano
15;8487;38121;Meano
15;8487;38121;Meano
16;8487;38121;Meano
16;8487;38121;Meano
16;8487;38121;Meano
17;8487;38121;Meano
17;8487;38121;Meano
19;8487;38121;Meano
19;8487;38121;Meano
21;8487;38121;Meano
21;8487;38121;Meano
23;8487;38121;Meano
23;8487;38121;Meano
25;8487;38121;Meano
25;8487;38121;Meano
27;8487;38121;Meano
27;8487;38121;Meano
29;8487;38121;Meano
29;8487;38121;Meano
31;8487;38121;Meano
31;8487;38121;Meano
33;8487;38121;Meano
33;8487;38121;Meano
35;8487;38121;Meano
35;8487;38121;Meano
37;8487;38121;Meano
37;8487;38121;Meano
39;8487;38121;Meano
39;8487;38121;Meano
41;8487;38121;Meano
41;8487;38121;Meano
43;8487;38121;Meano
43;8487;38121;Meano
45;8487;38121;Meano
45;8487;38121;Meano
47;8487;38121;Meano
47;8487;38121;Meano
49;8487;38121;Meano
49;8487;38121;Meano
51;8487;38121;Meano
51;8487;38121;Meano
53;8487;38121;Meano
53;8487;38121;Meano
55;8487;38121;Meano
55;8487;38121;Meano
57;8487;38121;Meano
57;8487;38121;Meano
59;8487;38121;Meano
59;8487;38121;Meano
61;8487;38121;Meano
61;8487;38121;Meano
63;8487;38121;Meano
63;8487;38121;Meano
65;8487;38121;Meano
65;8487;38121;Meano
67;8487;38121;Meano
67;8487;38121;Meano
69;8487;38121;Meano
69;8487;38121;Meano
71;8487;38121;Meano
71;8487;38121;Meano
73;8487;38121;Meano
73;8487;38121;Meano
75;8487;38121;Meano
75;8487;38121;Meano
77;8487;38121;Meano
77;8487;38121;Meano
79;8487;38121;Meano
79;8487;38121;Meano
81;8487;38121;Meano
81;8487;38121;Meano
83;8487;38121;Meano
83;8487;38121;Meano
85;8487;38121;Meano
85;8487;38121;Meano
87;8487;38121;Meano
87;8487;38121;Meano
89;8487;38121;Meano
89;8487;38121;Meano
93;8487;38121;Meano
93;8487;38121;Meano
95;8487;38121;Meano
95;8487;38121;Meano
97;8487;38121;Meano
97;8487;38121;Meano
97;8487;38121;Meano
99;8487;38121;Meano
99;8487;38121;Meano
99;8487;38121;Meano
101;8487;38121;Meano
103;8487;38121;Meano
105;8487;38121;Meano
105;8487;38121;Meano
107;8487;38121;Meano
107;8487;38121;Meano
107;8487;38121;Meano
109;8487;38121;Meano
109;8487;38121;Meano
109/A;8487;38121;Meano
109/A;8487;38121;Meano
111;8487;38121;Meano
111;8487;38121;Meano
111;8487;38121;Meano
113;8487;38121;Meano
113;8487;38121;Meano
113;8487;38121;Meano
115;8487;38121;Meano
117;8487;38121;Meano
2;8488;38121;Meano
3;8488;38121;Meano
3;8488;38121;Meano
4;8488;38121;Meano
5;8488;38121;Meano
6;8488;38121;Meano
7;8488;38121;Meano
7;8488;38121;Meano
9;8488;38121;Meano
9;8488;38121;Meano
12;8488;38121;Meano
13;8488;38121;Meano
15;8488;38121;Meano
15;8488;38121;Meano
16;8488;38121;Meano
16;8488;38121;Meano
17;8488;38121;Meano
17;8488;38121;Meano
17;8488;38121;Meano
19;8488;38121;Meano
21;8488;38121;Meano
23;8488;38121;Meano
23/A;8488;38121;Meano
25;8488;38121;Meano
27;8488;38121;Meano
29;8488;38121;Meano
33;8488;38121;Meano
2;8489;38121;Meano
3;8489;38121;Meano
4;8489;38121;Meano
6;8489;38121;Meano
8;8489;38121;Meano
8;8489;38121;Meano
9;8489;38121;Meano
10;8489;38121;Meano
11;8489;38121;Meano
12;8489;38121;Meano
14;8489;38121;Meano
15;8489;38121;Meano
18;8489;38121;Meano
19;8489;38121;Meano
20;8489;38121;Meano
1;8490;38121;Meano
2;8490;38121;Meano
2;8490;38121;Meano
2;8490;38121;Meano
2;8490;38121;Meano
4;8490;38121;Meano
5;8490;38121;Meano
6;8490;38121;Meano
7;8490;38121;Meano
7;8490;38121;Meano
7;8490;38121;Meano
8;8490;38121;Meano
8;8490;38121;Meano
8;8490;38121;Meano
10;8490;38121;Meano
11;8490;38121;Meano
11;8490;38121;Meano
11;8490;38121;Meano
13;8490;38121;Meano
13;8490;38121;Meano
15;8490;38121;Meano
15;8490;38121;Meano
17;8490;38121;Meano
19;8490;38121;Meano
19;8490;38121;Meano
19;8490;38121;Meano
21;8490;38121;Meano
21;8490;38121;Meano
21;8490;38121;Meano
25;8490;38121;Meano
25;8490;38121;Meano
25;8490;38121;Meano
27;8490;38121;Meano
29;8490;38121;Meano
29;8490;38121;Meano
33;8490;38121;Meano
33;8490;38121;Meano
33;8490;38121;Meano
1;8491;38121;Meano
1;8491;38121;Meano
1;8491;38121;Meano
2;8491;38121;Meano
2;8491;38121;Meano
3;8491;38121;Meano
3;8491;38121;Meano
3;8491;38121;Meano
3;8491;38121;Meano
7;8491;38121;Meano
7;8491;38121;Meano
11;8491;38121;Meano
11;8491;38121;Meano
12;8491;38121;Meano
12;8491;38121;Meano
13;8491;38121;Meano
13;8491;38121;Meano
15;8491;38121;Meano
15;8491;38121;Meano
16;8491;38121;Meano
16;8491;38121;Meano
17;8491;38121;Meano
17;8491;38121;Meano
17;8491;38121;Meano
21;8491;38121;Meano
22;8491;38121;Meano
23;8491;38121;Meano
23;8491;38121;Meano
24;8491;38121;Meano
26;8491;38121;Meano
3;8492;38121;Meano
4;8492;38121;Meano
5;8492;38121;Meano
7;8492;38121;Meano
7;8492;38121;Meano
9;8492;38121;Meano
10;8492;38121;Meano
11;8492;38121;Meano
13;8492;38121;Meano
13;8492;38121;Meano
15;8492;38121;Meano
16;8492;38121;Meano
16;8492;38121;Meano
16;8492;38121;Meano
17;8492;38121;Meano
19;8492;38121;Meano
21;8492;38121;Meano
21;8492;38121;Meano
21;8492;38121;Meano
22;8492;38121;Meano
22;8492;38121;Meano
22;8492;38121;Meano
22;8492;38121;Meano
26;8492;38121;Meano
26;8492;38121;Meano
26;8492;38121;Meano
28;8492;38121;Meano
29;8492;38121;Meano
31;8492;38121;Meano
33;8492;38121;Meano
35;8492;38121;Meano
35;8492;38121;Meano
39;8492;38121;Meano
39;8492;38121;Meano
43;8492;38121;Meano
45;8492;38121;Meano
47;8492;38121;Meano
47;8492;38121;Meano
1;8493;38121;Meano
7;8493;38121;Meano
9;8493;38121;Meano
9;8493;38121;Meano
11;8493;38121;Meano
11;8493;38121;Meano
1;8494;38121;Meano
2;8494;38121;Meano
2;8494;38121;Meano
2;8494;38121;Meano
3;8494;38121;Meano
5;8494;38121;Meano
8;8494;38121;Meano
11;8494;38121;Meano
11;8494;38121;Meano
13;8494;38121;Meano
15;8494;38121;Meano
1;8495;38121;Meano
5;8495;38121;Meano
5;8495;38121;Meano
5;8495;38121;Meano
5;8495;38121;Meano
7;8495;38121;Meano
9;8495;38121;Meano
9;8495;38121;Meano
10;8495;38121;Meano
10;8495;38121;Meano
12;8495;38121;Meano
14;8495;38121;Meano
15;8495;38121;Meano
16;8495;38121;Meano
17;8495;38121;Meano
20;8495;38121;Meano
20;8495;38121;Meano
22;8495;38121;Meano
22;8495;38121;Meano
1;8496;38121;Meano
1;8496;38121;Meano
2;8496;38121;Meano
3;8496;38121;Meano
5;8496;38121;Meano
6;8496;38121;Meano
7;8496;38121;Meano
8;8496;38121;Meano
10;8496;38121;Meano
13;8496;38121;Meano
13;8496;38121;Meano
16;8496;38121;Meano
17;8496;38121;Meano
18;8496;38121;Meano
20;8496;38121;Meano
20;8496;38121;Meano
1;8497;38121;Meano
5;8497;38121;Meano
6;8497;38121;Meano
6;8497;38121;Meano
7;8497;38121;Meano
8;8497;38121;Meano
8;8497;38121;Meano
9;8497;38121;Meano
9;8497;38121;Meano
10;8497;38121;Meano
12;8497;38121;Meano
13;8497;38121;Meano
15;8497;38121;Meano
16;8497;38121;Meano
18;8497;38121;Meano
22;8497;38121;Meano
22;8497;38121;Meano
1;8498;38121;Meano
1;8498;38121;Meano
1;8498;38121;Meano
1;8498;38121;Meano
4;8498;38121;Meano
4;8498;38121;Meano
4;8498;38121;Meano
4;8499;38121;Meano
4;8499;38121;Meano
4;8499;38121;Meano
5;8499;38121;Meano
5;8499;38121;Meano
6;8499;38121;Meano
8;8499;38121;Meano
10;8499;38121;Meano
12;8499;38121;Meano
12;8499;38121;Meano
14;8499;38121;Meano
14;8499;38121;Meano
2;8501;38121;Meano
2;8501;38121;Meano
3;8501;38121;Meano
5;8501;38121;Meano
6;8501;38121;Meano
6;8501;38121;Meano
7;8501;38121;Meano
7;8501;38121;Meano
9;8501;38121;Meano
9;8501;38121;Meano
10;8501;38121;Meano
11;8501;38121;Meano
11;8501;38121;Meano
12;8501;38121;Meano
14;8501;38121;Meano
15;8501;38121;Meano
15;8501;38121;Meano
15;8501;38121;Meano
16;8501;38121;Meano
19;8501;38121;Meano
19;8501;38121;Meano
19;8501;38121;Meano
3;8502;38121;Meano
3;8502;38121;Meano
5;8502;38121;Meano
7;8502;38121;Meano
1;8503;38121;Meano
1;8503;38121;Meano
1;8503;38121;Meano
1;8503;38121;Meano
3;8503;38121;Meano
3;8503;38121;Meano
3;8503;38121;Meano
5;8503;38121;Meano
6;8503;38121;Meano
6/A;8503;38121;Meano
7;8503;38121;Meano
7;8503;38121;Meano
7/A;8503;38121;Meano
7/A;8503;38121;Meano
8;8503;38121;Meano
8;8503;38121;Meano
9;8503;38121;Meano
9;8503;38121;Meano
9;8503;38121;Meano
9;8503;38121;Meano
11;8503;38121;Meano
11;8503;38121;Meano
13;8503;38121;Meano
13;8503;38121;Meano
1;8504;38121;Meano
1;8504;38121;Meano
1;8504;38121;Meano
3;8504;38121;Meano
3;8504;38121;Meano
3;8504;38121;Meano
4;8504;38121;Meano
4;8504;38121;Meano
4;8504;38121;Meano
4;8504;38121;Meano
6;8504;38121;Meano
7;8504;38121;Meano
8;8504;38121;Meano
8;8504;38121;Meano
9;8504;38121;Meano
9;8504;38121;Meano
10;8504;38121;Meano
10;8504;38121;Meano
3;8505;38121;Meano
3;8505;38121;Meano
4;8505;38121;Meano
8;8505;38121;Meano
8;8505;38121;Meano
10;8505;38121;Meano
10;8505;38121;Meano
12;8505;38121;Meano
3;8507;38121;Meano
3;8507;38121;Meano
4;8507;38121;Meano
6;8507;38121;Meano
7;8507;38121;Meano
7;8507;38121;Meano
7;8507;38121;Meano
8;8507;38121;Meano
10;8507;38121;Meano
12;8507;38121;Meano
14;8507;38121;Meano
16;8507;38121;Meano
18;8507;38121;Meano
20;8507;38121;Meano
22;8507;38121;Meano
24;8507;38121;Meano
26;8507;38121;Meano
28;8507;38121;Meano
30;8507;38121;Meano
1;8508;38121;Meano
2;8508;38121;Meano
2;8508;38121;Meano
3;8508;38121;Meano
3;8508;38121;Meano
4;8508;38121;Meano
6;8508;38121;Meano
6;8508;38121;Meano
7;8508;38121;Meano
7;8508;38121;Meano
8;8508;38121;Meano
8;8508;38121;Meano
9;8508;38121;Meano
9/A;8508;38121;Meano
10;8508;38121;Meano
12;8508;38121;Meano
13;8508;38121;Meano
14;8508;38121;Meano
15;8508;38121;Meano
19;8508;38121;Meano
19;8508;38121;Meano
20;8508;38121;Meano
20;8508;38121;Meano
20;8508;38121;Meano
23;8508;38121;Meano
23;8508;38121;Meano
25;8508;38121;Meano
25;8508;38121;Meano
26;8508;38121;Meano
27;8508;38121;Meano
28;8508;38121;Meano
29;8508;38121;Meano
30;8508;38121;Meano
30;8508;38121;Meano
33;8508;38121;Meano
34;8508;38121;Meano
38;8508;38121;Meano
38;8508;38121;Meano
38;8508;38121;Meano
39;8508;38121;Meano
41;8508;38121;Meano
41;8508;38121;Meano
42;8508;38121;Meano
42;8508;38121;Meano
43;8508;38121;Meano
43;8508;38121;Meano
48;8508;38121;Meano
54;8508;38121;Meano
56;8508;38121;Meano
56;8508;38121;Meano
58;8508;38121;Meano
58;8508;38121;Meano
58;8508;38121;Meano
60;8508;38121;Meano
60;8508;38121;Meano
3;8509;38121;Meano
5;8509;38121;Meano
5;8509;38121;Meano
5;8509;38121;Meano
7;8509;38121;Meano
7;8509;38121;Meano
3;8510;38121;Meano
6;8510;38121;Meano
7;8510;38121;Meano
10;8510;38121;Meano
10;8510;38121;Meano
11;8510;38121;Meano
11;8510;38121;Meano
12;8510;38121;Meano
13;8510;38121;Meano
13;8510;38121;Meano
14;8510;38121;Meano
15;8510;38121;Meano
15;8510;38121;Meano
16;8510;38121;Meano
17;8510;38121;Meano
17;8510;38121;Meano
20;8510;38121;Meano
20;8510;38121;Meano
20;8510;38121;Meano
24;8510;38121;Meano
24;8510;38121;Meano
26;8510;38121;Meano
28;8510;38121;Meano
30;8510;38121;Meano
1;8511;38121;Meano
2;8511;38121;Meano
3;8511;38121;Meano
4;8511;38121;Meano
5;8511;38121;Meano
7;8511;38121;Meano
7;8511;38121;Meano
9;8511;38121;Meano
9;8511;38121;Meano
1;8512;38121;Meano
5;8512;38121;Meano
5;8512;38121;Meano
5;8512;38121;Meano
6;8512;38121;Meano
7;8512;38121;Meano
11;8512;38121;Meano
11;8512;38121;Meano
11;8512;38121;Meano
1;8513;38121;Meano
4;8513;38121;Meano
4;8513;38121;Meano
5;8513;38121;Meano
8;8513;38121;Meano
10;8513;38121;Meano
12;8513;38121;Meano
14;8513;38121;Meano
16;8513;38121;Meano
1;8514;38121;Meano
2;8514;38121;Meano
3;8514;38121;Meano
4;8514;38121;Meano
5;8514;38121;Meano
8;8514;38121;Meano
10;8514;38121;Meano
11;8514;38121;Meano
11;8514;38121;Meano
12;8514;38121;Meano
20;8514;38121;Meano
20;8514;38121;Meano
22;8514;38121;Meano
22;8514;38121;Meano
24;8514;38121;Meano
24;8514;38121;Meano
26;8514;38121;Meano
26;8514;38121;Meano
28;8514;38121;Meano
28;8514;38121;Meano
32;8514;38121;Meano
36;8514;38121;Meano
38;8514;38121;Meano
40;8514;38121;Meano
44;8514;38121;Meano
46;8514;38121;Meano
50;8514;38121;Meano
50;8514;38121;Meano
54;8514;38121;Meano
54;8514;38121;Meano
56;8514;38121;Meano
60;8514;38121;Meano
62;8514;38121;Meano
2;8516;38121;Meano
2;8516;38121;Meano
5;8516;38121;Meano
5;8516;38121;Meano
6;8516;38121;Meano
9;8516;38121;Meano
9;8516;38121;Meano
10;8516;38121;Meano
10;8516;38121;Meano
11;8516;38121;Meano
14;8516;38121;Meano
14;8516;38121;Meano
14;8516;38121;Meano
15;8516;38121;Meano
15;8516;38121;Meano
22;8516;38121;Meano
24;8516;38121;Meano
24;8516;38121;Meano
26;8516;38121;Meano
28;8516;38121;Meano
30;8516;38121;Meano
32;8516;38121;Meano
36;8516;38121;Meano
40;8516;38121;Meano
1;8517;38121;Meano
3;8517;38121;Meano
4;8517;38121;Meano
5;8517;38121;Meano
7;8517;38121;Meano
7;8517;38121;Meano
8;8517;38121;Meano
8;8517;38121;Meano
8;8517;38121;Meano
9;8517;38121;Meano
12;8517;38121;Meano
12;8517;38121;Meano
14;8517;38121;Meano
16;8517;38121;Meano
18;8517;38121;Meano
18;8517;38121;Meano
5;8518;38121;Meano
5/A;8518;38121;Meano
7;8518;38121;Meano
7;8518;38121;Meano
7;8518;38121;Meano
3;8519;38121;Meano
3;8519;38121;Meano
3;8519;38121;Meano
3;8519;38121;Meano
3;8519;38121;Meano
3;8519;38121;Meano
7;8519;38121;Meano
9;8519;38121;Meano
1;8520;38121;Meano
3;8520;38121;Meano
4;8520;38121;Meano
4;8520;38121;Meano
5;8520;38121;Meano
6;8520;38121;Meano
6;8520;38121;Meano
6;8520;38121;Meano
6;8520;38121;Meano
6;8520;38121;Meano
7;8520;38121;Meano
7;8520;38121;Meano
7;8520;38121;Meano
10;8520;38121;Meano
10;8520;38121;Meano
12;8520;38121;Meano
1;8521;38121;Meano
1;8521;38121;Meano
1;8521;38121;Meano
1;8521;38121;Meano
3;8521;38121;Meano
3;8521;38121;Meano
4;8521;38121;Meano
4;8521;38121;Meano
5;8521;38121;Meano
6;8521;38121;Meano
7;8521;38121;Meano
8;8521;38121;Meano
12;8521;38121;Meano
14;8521;38121;Meano
1;8523;38121;Meano
1;8523;38121;Meano
3;8523;38121;Meano
3;8523;38121;Meano
3;8523;38121;Meano
4;8523;38121;Meano
6;8523;38121;Meano
8;8523;38121;Meano
9;8523;38121;Meano
9;8523;38121;Meano
9;8523;38121;Meano
10;8523;38121;Meano
10;8523;38121;Meano
12;8523;38121;Meano
14;8523;38121;Meano
18;8523;38121;Meano
20;8523;38121;Meano
22;8523;38121;Meano
24;8523;38121;Meano
24;8523;38121;Meano
26;8523;38121;Meano
26;8523;38121;Meano
26;8523;38121;Meano
1;8524;38121;Meano
1;8524;38121;Meano
2;8524;38121;Meano
2;8524;38121;Meano
3;8524;38121;Meano
3;8524;38121;Meano
4;8524;38121;Meano
4;8524;38121;Meano
5;8524;38121;Meano
6;8524;38121;Meano
7;8524;38121;Meano
8;8524;38121;Meano
9;8524;38121;Meano
10;8524;38121;Meano
11;8524;38121;Meano
14;8524;38121;Meano
15;8524;38121;Meano
15;8524;38121;Meano
16;8524;38121;Meano
17;8524;38121;Meano
17;8524;38121;Meano
17;8524;38121;Meano
18;8524;38121;Meano
19;8524;38121;Meano
20;8524;38121;Meano
21;8524;38121;Meano
22;8524;38121;Meano
24;8524;38121;Meano
25;8524;38121;Meano
26;8524;38121;Meano
27;8524;38121;Meano
28;8524;38121;Meano
28;8524;38121;Meano
30;8524;38121;Meano
30;8524;38121;Meano
30;8524;38121;Meano
32;8524;38121;Meano
34;8524;38121;Meano
40;8524;38121;Meano
40;8524;38121;Meano
42;8524;38121;Meano
42;8524;38121;Meano
44;8524;38121;Meano
44;8524;38121;Meano
50;8524;38121;Meano
50;8524;38121;Meano
52;8524;38121;Meano
54;8524;38121;Meano
1;8525;38121;Meano
1;8525;38121;Meano
3;8525;38121;Meano
3;8525;38121;Meano
1;8526;38121;Meano
2;8526;38121;Meano
3;8526;38121;Meano
3;8526;38121;Meano
6;8526;38121;Meano
6;8526;38121;Meano
9;8526;38121;Meano
9;8526;38121;Meano
5;8527;38121;Meano
5;8527;38121;Meano
5;8527;38121;Meano
7;8527;38121;Meano
7/A;8527;38121;Meano
2;8528;38121;Meano
2;8528;38121;Meano
8;8528;38121;Meano
2;8529;38121;Meano
3;8529;38121;Meano
3;8529;38121;Meano
4;8529;38121;Meano
4;8529;38121;Meano
7;8529;38121;Meano
8;8529;38121;Meano
9;8529;38121;Meano
11;8529;38121;Meano
13;8529;38121;Meano
14;8529;38121;Meano
15;8529;38121;Meano
4;8534;38121;Meano
5;8534;38121;Meano
6;8534;38121;Meano
7;8534;38121;Meano
8;8534;38121;Meano
9;8534;38121;Meano
9;8534;38121;Meano
10;8534;38121;Meano
11;8534;38121;Meano
12;8534;38121;Meano
13;8534;38121;Meano
13;8534;38121;Meano
14;8534;38121;Meano
15;8534;38121;Meano
16;8534;38121;Meano
16;8534;38121;Meano
16;8534;38121;Meano
17;8534;38121;Meano
17;8534;38121;Meano
19;8534;38121;Meano
19;8534;38121;Meano
21;8534;38121;Meano
22;8534;38121;Meano
23;8534;38121;Meano
23;8534;38121;Meano
26;8534;38121;Meano
27;8534;38121;Meano
27;8534;38121;Meano
27;8534;38121;Meano
27;8534;38121;Meano
28;8534;38121;Meano
29;8534;38121;Meano
30;8534;38121;Meano
34;8534;38121;Meano
36;8534;38121;Meano
38;8534;38121;Meano
38;8534;38121;Meano
38;8534;38121;Meano
38;8534;38121;Meano
2;8535;38121;Meano
4;8535;38121;Meano
5;8535;38121;Meano
6;8535;38121;Meano
7;8535;38121;Meano
8;8535;38121;Meano
9;8535;38121;Meano
12;8535;38121;Meano
14;8535;38121;Meano
1;8537;38121;Meano
3;8537;38121;Meano
4;8537;38121;Meano
4;8537;38121;Meano
5;8537;38121;Meano
6;8537;38121;Meano
8;8537;38121;Meano
10;8537;38121;Meano
12;8537;38121;Meano
14;8537;38121;Meano
16;8537;38121;Meano
16;8537;38121;Meano
16;8537;38121;Meano
2;8538;38121;Meano
3;8539;38121;Meano
3;8539;38121;Meano
4;8539;38121;Meano
8;8539;38121;Meano
8;8539;38121;Meano
1;8540;38121;Meano
1;8540;38121;Meano
4;8540;38121;Meano
4;8540;38121;Meano
5;8540;38121;Meano
8;8540;38121;Meano
8;8540;38121;Meano
9;8540;38121;Meano
9;8540;38121;Meano
10;8540;38121;Meano
10;8540;38121;Meano
11;8540;38121;Meano
11;8540;38121;Meano
12;8540;38121;Meano
13;8540;38121;Meano
13;8540;38121;Meano
16;8540;38121;Meano
16;8540;38121;Meano
16;8540;38121;Meano
1;8541;38121;Meano
2;8541;38121;Meano
2;8541;38121;Meano
2;8541;38121;Meano
2;8541;38121;Meano
2;8541;38121;Meano
2;8541;38121;Meano
2;8541;38121;Meano
3;8541;38121;Meano
5;8541;38121;Meano
7;8541;38121;Meano
9;8541;38121;Meano
11;8541;38121;Meano
13;8541;38121;Meano
15;8541;38121;Meano
17;8541;38121;Meano
19;8541;38121;Meano
21;8541;38121;Meano
23;8541;38121;Meano
25;8541;38121;Meano
27;8541;38121;Meano
29;8541;38121;Meano
31;8541;38121;Meano
33;8541;38121;Meano
35;8541;38121;Meano
39;8541;38121;Meano
1;8542;38121;Meano
2;8542;38121;Meano
3;8542;38121;Meano
3;8542;38121;Meano
4;8542;38121;Meano
4;8542;38121;Meano
5;8542;38121;Meano
6;8542;38121;Meano
7;8542;38121;Meano
8;8542;38121;Meano
8;8542;38121;Meano
9;8542;38121;Meano
10;8542;38121;Meano
13;8542;38121;Meano
15;8542;38121;Meano
15;8542;38121;Meano
1;8543;38121;Meano
1;8543;38121;Meano
4;8543;38121;Meano
5;8543;38121;Meano
1;8544;38121;Meano
2;8544;38121;Meano
2;8544;38121;Meano
3;8544;38121;Meano
4;8544;38121;Meano
5;8544;38121;Meano
6;8544;38121;Meano
6;8544;38121;Meano
7;8544;38121;Meano
8;8544;38121;Meano
9;8544;38121;Meano
10;8544;38121;Meano
11;8544;38121;Meano
13;8544;38121;Meano
1;8546;38121;Meano
2;8546;38121;Meano
5;8546;38121;Meano
5;8546;38121;Meano
7;8546;38121;Meano
8;8546;38121;Meano
9;8546;38121;Meano
10;8546;38121;Meano
1;8547;38121;Meano
3;8547;38121;Meano
5;8547;38121;Meano
7;8547;38121;Meano
9;8547;38121;Meano
11;8547;38121;Meano
13;8547;38121;Meano
15;8547;38121;Meano
17;8547;38121;Meano
19;8547;38121;Meano
21;8547;38121;Meano
23;8547;38121;Meano
25;8547;38121;Meano
27;8547;38121;Meano
29;8547;38121;Meano
31;8547;38121;Meano
1;8551;38121;Meano
2;8551;38121;Meano
2;8551;38121;Meano
2;8551;38121;Meano
3;8551;38121;Meano
3;8551;38121;Meano
4;8551;38121;Meano
6;8551;38121;Meano
6;8551;38121;Meano
6;8551;38121;Meano
6;8551;38121;Meano
8;8551;38121;Meano
10;8551;38121;Meano
11;8551;38121;Meano
12;8551;38121;Meano
13;8551;38121;Meano
14;8551;38121;Meano
16;8551;38121;Meano
18;8551;38121;Meano
20;8551;38121;Meano
20;8551;38121;Meano
22;8551;38121;Meano
24;8551;38121;Meano
2;8600;38123;Sardagna
2;8600;38123;Sardagna
3;8600;38123;Sardagna
4;8600;38123;Sardagna
5;8600;38123;Sardagna
5;8600;38123;Sardagna
6;8600;38123;Sardagna
6;8600;38123;Sardagna
7;8600;38123;Sardagna
7;8600;38123;Sardagna
9;8600;38123;Sardagna
13;8600;38123;Sardagna
14;8600;38123;Sardagna
15;8600;38123;Sardagna
16;8600;38123;Sardagna
17;8600;38123;Sardagna
18;8600;38123;Sardagna
19;8600;38123;Sardagna
20;8600;38123;Sardagna
20;8600;38123;Sardagna
21;8600;38123;Sardagna
22;8600;38123;Sardagna
23;8600;38123;Sardagna
24;8600;38123;Sardagna
25;8600;38123;Sardagna
27;8600;38123;Sardagna
28;8600;38123;Sardagna
28;8600;38123;Sardagna
30;8600;38123;Sardagna
30;8600;38123;Sardagna
31;8600;38123;Sardagna
35;8600;38123;Sardagna
36;8600;38123;Sardagna
37;8600;38123;Sardagna
38;8600;38123;Sardagna
40;8600;38123;Sardagna
41;8600;38123;Sardagna
43;8600;38123;Sardagna
45;8600;38123;Sardagna
1;8601;38123;Sardagna
1;8601;38123;Sardagna
2;8601;38123;Sardagna
5;8601;38123;Sardagna
5;8601;38123;Sardagna
6;8601;38123;Sardagna
8;8601;38123;Sardagna
2;8602;38123;Sardagna
3;8602;38123;Sardagna
3;8602;38123;Sardagna
6;8602;38123;Sardagna
8;8602;38123;Sardagna
1;8603;38123;Sardagna
2;8603;38123;Sardagna
3;8603;38123;Sardagna
5;8603;38123;Sardagna
6;8603;38123;Sardagna
7;8603;38123;Sardagna
8;8603;38123;Sardagna
9;8603;38123;Sardagna
10;8603;38123;Sardagna
10;8603;38123;Sardagna
11;8603;38123;Sardagna
11;8603;38123;Sardagna
12;8603;38123;Sardagna
13;8603;38123;Sardagna
14;8603;38123;Sardagna
15;8603;38123;Sardagna
16;8603;38123;Sardagna
18;8603;38123;Sardagna
19;8603;38123;Sardagna
21;8603;38123;Sardagna
23;8603;38123;Sardagna
25;8603;38123;Sardagna
27;8603;38123;Sardagna
29;8603;38123;Sardagna
1;8604;38123;Sardagna
2;8604;38123;Sardagna
3;8604;38123;Sardagna
7;8604;38123;Sardagna
8;8604;38123;Sardagna
9;8604;38123;Sardagna
10;8604;38123;Sardagna
11;8604;38123;Sardagna
11;8604;38123;Sardagna
12;8604;38123;Sardagna
13;8604;38123;Sardagna
14;8604;38123;Sardagna
20;8604;38123;Sardagna
24;8604;38123;Sardagna
24;8604;38123;Sardagna
26;8604;38123;Sardagna
26;8604;38123;Sardagna
4;8605;38123;Sardagna
8;8605;38123;Sardagna
8;8605;38123;Sardagna
1;8607;38123;Sardagna
3;8607;38123;Sardagna
6;8607;38123;Sardagna
6;8607;38123;Sardagna
7;8607;38123;Sardagna
8;8607;38123;Sardagna
9;8607;38123;Sardagna
1;8608;38123;Sardagna
4;8608;38123;Sardagna
6;8608;38123;Sardagna
8;8608;38123;Sardagna
10;8608;38123;Sardagna
11;8608;38123;Sardagna
11;8608;38123;Sardagna
11;8608;38123;Sardagna
12;8608;38123;Sardagna
13;8608;38123;Sardagna
13;8608;38123;Sardagna
14;8608;38123;Sardagna
16;8608;38123;Sardagna
18;8608;38123;Sardagna
20;8608;38123;Sardagna
22;8608;38123;Sardagna
24;8608;38123;Sardagna
24;8608;38123;Sardagna
28;8608;38123;Sardagna
40;8608;38123;Sardagna
40;8608;38123;Sardagna
2;8609;38123;Sardagna
2;8609;38123;Sardagna
3;8609;38123;Sardagna
4;8609;38123;Sardagna
1;8611;38123;Sardagna
2;8611;38123;Sardagna
3;8611;38123;Sardagna
4;8611;38123;Sardagna
5;8611;38123;Sardagna
6;8611;38123;Sardagna
6;8611;38123;Sardagna
7;8611;38123;Sardagna
9;8611;38123;Sardagna
10;8611;38123;Sardagna
10;8611;38123;Sardagna
12;8611;38123;Sardagna
13;8611;38123;Sardagna
14;8611;38123;Sardagna
15;8611;38123;Sardagna
15;8611;38123;Sardagna
16;8611;38123;Sardagna
17;8611;38123;Sardagna
17;8611;38123;Sardagna
18;8611;38123;Sardagna
19;8611;38123;Sardagna
20;8611;38123;Sardagna
21;8611;38123;Sardagna
22;8611;38123;Sardagna
23;8611;38123;Sardagna
24;8611;38123;Sardagna
25;8611;38123;Sardagna
26;8611;38123;Sardagna
29;8611;38123;Sardagna
30;8611;38123;Sardagna
31;8611;38123;Sardagna
32;8611;38123;Sardagna
33;8611;38123;Sardagna
34;8611;38123;Sardagna
34;8611;38123;Sardagna
34;8611;38123;Sardagna
36;8611;38123;Sardagna
36;8611;38123;Sardagna
38;8611;38123;Sardagna
40;8611;38123;Sardagna
40;8611;38123;Sardagna
42;8611;38123;Sardagna
42;8611;38123;Sardagna
44;8611;38123;Sardagna
46;8611;38123;Sardagna
46;8611;38123;Sardagna
48;8611;38123;Sardagna
50;8611;38123;Sardagna
52;8611;38123;Sardagna
54;8611;38123;Sardagna
54;8611;38123;Sardagna
56;8611;38123;Sardagna
3;8613;38123;Sardagna
3;8613;38123;Sardagna
4;8613;38123;Sardagna
6;8613;38123;Sardagna
7;8613;38123;Sardagna
8;8613;38123;Sardagna
10;8613;38123;Sardagna
11;8613;38123;Sardagna
13;8613;38123;Sardagna
15;8613;38123;Sardagna
17;8613;38123;Sardagna
3;8614;38123;Sardagna
3;8614;38123;Sardagna
5;8614;38123;Sardagna
5;8614;38123;Sardagna
11;8614;38123;Sardagna
11;8614;38123;Sardagna
11;8614;38123;Sardagna
11;8614;38123;Sardagna
1;8615;38123;Sardagna
2;8615;38123;Sardagna
6;8615;38123;Sardagna
6;8615;38123;Sardagna
6;8615;38123;Sardagna
7;8615;38123;Sardagna
8;8615;38123;Sardagna
8;8615;38123;Sardagna
8;8615;38123;Sardagna
9;8615;38123;Sardagna
9;8615;38123;Sardagna
2;8616;38123;Sardagna
4;8616;38123;Sardagna
6;8616;38123;Sardagna
8;8616;38123;Sardagna
10;8616;38123;Sardagna
10;8616;38123;Sardagna
11;8616;38123;Sardagna
11;8616;38123;Sardagna
12;8616;38123;Sardagna
12;8616;38123;Sardagna
13;8616;38123;Sardagna
13;8616;38123;Sardagna
14;8616;38123;Sardagna
14;8616;38123;Sardagna
15;8616;38123;Sardagna
16;8616;38123;Sardagna
16;8616;38123;Sardagna
2;8617;38123;Sardagna
2;8617;38123;Sardagna
4;8617;38123;Sardagna
4;8617;38123;Sardagna
5;8617;38123;Sardagna
5;8617;38123;Sardagna
6;8617;38123;Sardagna
6;8617;38123;Sardagna
8;8617;38123;Sardagna
8;8617;38123;Sardagna
9;8617;38123;Sardagna
9;8617;38123;Sardagna
10;8617;38123;Sardagna
10;8617;38123;Sardagna
12;8617;38123;Sardagna
13;8617;38123;Sardagna
13;8617;38123;Sardagna
14;8617;38123;Sardagna
15;8617;38123;Sardagna
15/A;8617;38123;Sardagna
16;8617;38123;Sardagna
18;8617;38123;Sardagna
18;8617;38123;Sardagna
19;8617;38123;Sardagna
19;8617;38123;Sardagna
21;8617;38123;Sardagna
21;8617;38123;Sardagna
23;8617;38123;Sardagna
25;8617;38123;Sardagna
34;8617;38123;Sardagna
36;8617;38123;Sardagna
38;8617;38123;Sardagna
40;8617;38123;Sardagna
40;8617;38123;Sardagna
50;8617;38123;Sardagna
50;8617;38123;Sardagna
52;8617;38123;Sardagna
52;8617;38123;Sardagna
52;8617;38123;Sardagna
54;8617;38123;Sardagna
54;8617;38123;Sardagna
60;8617;38123;Sardagna
60;8617;38123;Sardagna
66;8617;38123;Sardagna
70;8617;38123;Sardagna
1;8618;38123;Sardagna
3;8618;38123;Sardagna
4;8618;38123;Sardagna
5;8618;38123;Sardagna
6;8618;38123;Sardagna
7;8618;38123;Sardagna
8;8618;38123;Sardagna
9;8618;38123;Sardagna
11;8618;38123;Sardagna
13;8618;38123;Sardagna
10;8619;38123;Sardagna
3;8622;38123;Sardagna
4;8622;38123;Sardagna
4;8622;38123;Sardagna
5;8622;38123;Sardagna
5;8622;38123;Sardagna
8;8622;38123;Sardagna
9;8622;38123;Sardagna
10;8622;38123;Sardagna
10;8622;38123;Sardagna
11;8622;38123;Sardagna
12;8622;38123;Sardagna
12;8622;38123;Sardagna
13;8622;38123;Sardagna
13;8622;38123;Sardagna
14;8622;38123;Sardagna
15;8622;38123;Sardagna
16;8622;38123;Sardagna
17;8622;38123;Sardagna
17;8622;38123;Sardagna
18;8622;38123;Sardagna
19;8622;38123;Sardagna
20;8622;38123;Sardagna
21;8622;38123;Sardagna
1;8623;38123;Sardagna
1;8623;38123;Sardagna
2;8623;38123;Sardagna
2;8623;38123;Sardagna
2;8623;38123;Sardagna
2;8623;38123;Sardagna
3;8623;38123;Sardagna
3;8623;38123;Sardagna
3;8623;38123;Sardagna
3;8623;38123;Sardagna
3;8623;38123;Sardagna
3;8623;38123;Sardagna
4;8623;38123;Sardagna
8;8623;38123;Sardagna
8;8623;38123;Sardagna
9;8623;38123;Sardagna
9;8623;38123;Sardagna
11;8623;38123;Sardagna
11;8623;38123;Sardagna
11;8623;38123;Sardagna
11;8623;38123;Sardagna
12;8623;38123;Sardagna
12;8623;38123;Sardagna
14;8623;38123;Sardagna
14;8623;38123;Sardagna
14;8623;38123;Sardagna
15;8623;38123;Sardagna
15;8623;38123;Sardagna
16;8623;38123;Sardagna
16/A;8623;38123;Sardagna
18;8623;38123;Sardagna
20;8623;38123;Sardagna
20;8623;38123;Sardagna
20;8623;38123;Sardagna
20;8623;38123;Sardagna
22;8623;38123;Sardagna
22;8623;38123;Sardagna
26;8623;38123;Sardagna
26;8623;38123;Sardagna
1;8624;38123;Sardagna
2;8624;38123;Sardagna
3;8624;38123;Sardagna
4;8624;38123;Sardagna
5;8624;38123;Sardagna
6;8624;38123;Sardagna
7;8624;38123;Sardagna
9;8624;38123;Sardagna
10;8624;38123;Sardagna
10;8624;38123;Sardagna
10;8624;38123;Sardagna
11;8624;38123;Sardagna
12;8624;38123;Sardagna
12;8624;38123;Sardagna
13;8624;38123;Sardagna
15;8624;38123;Sardagna
17;8624;38123;Sardagna
19;8624;38123;Sardagna
21;8624;38123;Sardagna
23;8624;38123;Sardagna
3;8625;38123;Sardagna
3;8625;38123;Sardagna
3;8625;38123;Sardagna
7;8625;38123;Sardagna
7;8625;38123;Sardagna
9;8625;38123;Sardagna
9;8625;38123;Sardagna
11;8625;38123;Sardagna
11;8625;38123;Sardagna
15;8625;38123;Sardagna
15;8625;38123;Sardagna
17;8625;38123;Sardagna
19;8625;38123;Sardagna
19;8625;38123;Sardagna
21;8625;38123;Sardagna
21;8625;38123;Sardagna
23;8625;38123;Sardagna
23;8625;38123;Sardagna
2;8626;38123;Sardagna
3;8626;38123;Sardagna
3;8626;38123;Sardagna
4;8626;38123;Sardagna
6;8626;38123;Sardagna
8;8626;38123;Sardagna
10;8626;38123;Sardagna
12;8626;38123;Sardagna
14;8626;38123;Sardagna
16;8626;38123;Sardagna
16;8626;38123;Sardagna
18;8626;38123;Sardagna
1;8627;38123;Sardagna
4;8627;38123;Sardagna
5;8627;38123;Sardagna
6;8627;38123;Sardagna
9;8627;38123;Sardagna
10;8627;38123;Sardagna
13;8627;38123;Sardagna
1;8628;38123;Sardagna
3;8628;38123;Sardagna
4;8628;38123;Sardagna
5;8628;38123;Sardagna
6;8628;38123;Sardagna
7;8628;38123;Sardagna
7;8628;38123;Sardagna
7;8628;38123;Sardagna
8;8628;38123;Sardagna
8;8628;38123;Sardagna
9;8628;38123;Sardagna
9;8628;38123;Sardagna
12;8628;38123;Sardagna
2;8629;38123;Sardagna
2/A;8629;38123;Sardagna
2/A;8629;38123;Sardagna
2/A;8629;38123;Sardagna
2/B;8629;38123;Sardagna
2/B;8629;38123;Sardagna
2/B;8629;38123;Sardagna
3;8629;38123;Sardagna
3;8629;38123;Sardagna
4;8629;38123;Sardagna
4;8629;38123;Sardagna
6;8629;38123;Sardagna
6;8629;38123;Sardagna
8;8629;38123;Sardagna
1;8631;38123;Sardagna
1;8631;38123;Sardagna
1;8631;38123;Sardagna
1;8631;38123;Sardagna
4;8631;38123;Sardagna
4;8631;38123;Sardagna
5;8631;38123;Sardagna
7;8631;38123;Sardagna
8;8631;38123;Sardagna
8;8631;38123;Sardagna
9;8631;38123;Sardagna
11;8631;38123;Sardagna
13;8631;38123;Sardagna
2;8634;38123;Sardagna
3;8634;38123;Sardagna
3;8634;38123;Sardagna
4;8634;38123;Sardagna
5;8634;38123;Sardagna
6;8634;38123;Sardagna
7;8634;38123;Sardagna
9;8634;38123;Sardagna
11;8634;38123;Sardagna
13;8634;38123;Sardagna
2;8635;38123;Sardagna
4;8635;38123;Sardagna
8;8635;38123;Sardagna
8;8635;38123;Sardagna
10;8635;38123;Sardagna
12;8635;38123;Sardagna
14;8635;38123;Sardagna
14;8635;38123;Sardagna
1;8636;38123;Sardagna
1;8636;38123;Sardagna
2;8636;38123;Sardagna
4;8636;38123;Sardagna
1;8650;38123;Sardagna
1;8650;38123;Sardagna
2;8650;38123;Sopramonte
3;8650;38123;Sardagna
3;8650;38123;Sardagna
4;8650;38123;Sopramonte
5;8650;38123;Sardagna
5;8650;38123;Sardagna
7;8650;38123;Sardagna
8;8650;38123;Sardagna
8;8650;38123;Sardagna
9;8650;38123;Sardagna
10;8650;38123;Sardagna
10;8650;38123;Sardagna
11;8650;38123;Sardagna
12;8650;38123;Sardagna
12;8650;38123;Sardagna
13;8650;38123;Sardagna
14;8650;38123;Sardagna
14;8650;38123;Sardagna
15;8650;38123;Sardagna
16;8650;38123;Sardagna
16;8650;38123;Sardagna
18;8650;38123;Sardagna
18;8650;38123;Sardagna
22;8650;38123;Sardagna
22;8650;38123;Sardagna
22;8650;38123;Sardagna
23;8650;38123;Sardagna
24;8650;38123;Sardagna
24;8650;38123;Sardagna
25;8650;38123;Sardagna
26;8650;38123;Sardagna
26;8650;38123;Sardagna
27;8650;38123;Sardagna
29;8650;38123;Sardagna
30;8650;38123;Sardagna
30;8650;38123;Sardagna
32;8650;38123;Sardagna
32;8650;38123;Sardagna
33;8650;38123;Sardagna
33;8650;38123;Sardagna
36;8650;38123;Sardagna
36;8650;38123;Sardagna
36;8650;38123;Sardagna
37;8650;38123;Sardagna
37;8650;38123;Sardagna
38;8650;38123;Sardagna
38;8650;38123;Sardagna
39;8650;38123;Sardagna
39;8650;38123;Sardagna
40;8650;38123;Sardagna
40;8650;38123;Sardagna
41;8650;38123;Sardagna
41;8650;38123;Sardagna
42;8650;38123;Sardagna
42;8650;38123;Sardagna
43;8650;38123;Sardagna
43;8650;38123;Sardagna
44;8650;38123;Sardagna
44;8650;38123;Sardagna
45;8650;38123;Sardagna
45;8650;38123;Sardagna
46;8650;38123;Sardagna
46;8650;38123;Sardagna
47;8650;38123;Sardagna
47;8650;38123;Sardagna
48;8650;38123;Sardagna
48;8650;38123;Sardagna
49;8650;38123;Sardagna
49;8650;38123;Sardagna
50;8650;38123;Sardagna
50;8650;38123;Sardagna
51;8650;38123;Sardagna
51;8650;38123;Sardagna
52;8650;38123;Sardagna
52;8650;38123;Sardagna
53;8650;38123;Sardagna
53;8650;38123;Sardagna
54;8650;38123;Sardagna
54;8650;38123;Sardagna
55;8650;38123;Sardagna
55;8650;38123;Sardagna
56;8650;38123;Sardagna
56;8650;38123;Sardagna
57;8650;38123;Sardagna
57;8650;38123;Sardagna
58;8650;38123;Sardagna
58;8650;38123;Sardagna
59;8650;38123;Sardagna
59;8650;38123;Sardagna
60;8650;38123;Sopramonte
60;8650;38123;Sopramonte
61;8650;38123;Sardagna
61;8650;38123;Sardagna
61;8650;38123;Sardagna
62;8650;38123;Sopramonte
62;8650;38123;Sopramonte
63;8650;38123;Sardagna
63;8650;38123;Sardagna
64;8650;38123;Sopramonte
64;8650;38123;Sopramonte
65;8650;38123;Sardagna
65;8650;38123;Sardagna
67;8650;38123;Sardagna
67;8650;38123;Sardagna
68;8650;38123;Sardagna
68;8650;38123;Sardagna
70;8650;38123;Sardagna
70;8650;38123;Sardagna
70;8650;38123;Sardagna
71;8650;38123;Sardagna
71;8650;38123;Sardagna
72;8650;38123;Sardagna
73;8650;38123;Sardagna
73;8650;38123;Sardagna
74;8650;38123;Sardagna
74;8650;38123;Sardagna
75;8650;38123;Sardagna
76;8650;38123;Sardagna
76;8650;38123;Sardagna
77;8650;38123;Sardagna
77;8650;38123;Sardagna
77;8650;38123;Sardagna
77;8650;38123;Sardagna
78;8650;38123;Sardagna
78;8650;38123;Sardagna
79;8650;38123;Sardagna
80;8650;38123;Sardagna
80;8650;38123;Sardagna
81;8650;38123;Sardagna
81;8650;38123;Sardagna
81;8650;38123;Sardagna
82;8650;38123;Sardagna
82;8650;38123;Sardagna
83;8650;38123;Sardagna
83;8650;38123;Sardagna
84;8650;38123;Sardagna
84;8650;38123;Sardagna
85;8650;38123;Sardagna
87;8650;38123;Sardagna
88;8650;38123;Sardagna
88;8650;38123;Sardagna
89;8650;38123;Sardagna
90;8650;38123;Sardagna
90;8650;38123;Sardagna
91;8650;38123;Sardagna
91;8650;38123;Sardagna
92;8650;38123;Sardagna
92;8650;38123;Sardagna
93;8650;38123;Sardagna
93;8650;38123;Sardagna
94;8650;38123;Sardagna
94;8650;38123;Sardagna
95;8650;38123;Sardagna
95;8650;38123;Sardagna
96;8650;38123;Sardagna
96;8650;38123;Sardagna
97;8650;38123;Sardagna
97;8650;38123;Sardagna
98;8650;38123;Sardagna
99;8650;38123;Sardagna
100;8650;38123;Sardagna
100;8650;38123;Sardagna
101;8650;38123;Sardagna
102;8650;38123;Sopramonte
102;8650;38123;Sopramonte
104;8650;38123;Sopramonte
110;8650;38123;Sardagna
2;8651;38123;Trento
2;8651;38123;Trento
4;8651;38123;Trento
4;8651;38123;Trento
6;8651;38123;Sardagna
6;8651;38123;Sardagna
10;8651;38123;Sardagna
10;8651;38123;Sardagna
14;8651;38123;Sardagna
16;8651;38123;Sardagna
18;8651;38123;Sardagna
20;8651;38123;Sardagna
22;8651;38123;Sardagna
24;8651;38123;Sardagna
1;8652;38123;Trento
3;8652;38123;Trento
3;8652;38123;Trento
4;8652;38123;Trento
4;8652;38123;Trento
6;8652;38123;Sardagna
6;8652;38123;Sardagna
7;8652;38123;Trento
7;8652;38123;Trento
7;8652;38123;Trento
7;8652;38123;Trento
9;8652;38123;Sardagna
10;8652;38123;Sardagna
10;8652;38123;Sardagna
10;8652;38123;Sardagna
11;8652;38123;Sardagna
2;8653;38123;Sopramonte
2;8653;38123;Sopramonte
3;8653;38123;Sardagna
4;8653;38123;Sopramonte
4;8653;38123;Sopramonte
5;8653;38123;Sardagna
6;8653;38123;Sopramonte
6;8653;38123;Sopramonte
7;8653;38123;Sardagna
9;8653;38123;Sardagna
10;8653;38123;Sardagna
10;8653;38123;Sardagna
11;8653;38123;Sardagna
12;8653;38123;Sardagna
13;8653;38123;Sardagna
15;8653;38123;Sardagna
18;8653;38123;Sardagna
19;8653;38123;Sardagna
20;8653;38123;Sardagna
20;8653;38123;Sardagna
21;8653;38123;Sardagna
23;8653;38123;Sardagna
24;8653;38123;Sardagna
25;8653;38123;Sardagna
25;8653;38123;Sardagna
26;8653;38123;Sardagna
28;8653;38123;Sardagna
30;8653;38123;Sardagna
31;8653;38123;Sardagna
32;8653;38123;Sopramonte
33;8653;38123;Sardagna
34;8653;38123;Sopramonte
35;8653;38123;Sardagna
36;8653;38123;Sopramonte
37;8653;38123;Sardagna
37;8653;38123;Sardagna
38;8653;38123;Sardagna
39;8653;38123;Sardagna
40;8653;38123;Sardagna
40;8653;38123;Sardagna
41;8653;38123;Sardagna
42;8653;38123;Sardagna
42;8653;38123;Sardagna
43;8653;38123;Sardagna
44;8653;38123;Sardagna
45;8653;38123;Sardagna
45;8653;38123;Sardagna
47;8653;38123;Sardagna
48;8653;38123;Sopramonte
49;8653;38123;Sardagna
50;8653;38123;Sopramonte
51;8653;38123;Sardagna
52;8653;38123;Sopramonte
52;8653;38123;Sopramonte
53;8653;38123;Sardagna
54;8653;38123;Sopramonte
55;8653;38123;Sardagna
56;8653;38123;Sopramonte
58;8653;38123;Sopramonte
59;8653;38123;Sardagna
59;8653;38123;Sardagna
60;8653;38123;Sardagna
61;8653;38123;Sardagna
61;8653;38123;Sardagna
63;8653;38123;Sardagna
63;8653;38123;Sardagna
3;8654;38123;Sardagna
4;8654;38123;Sopramonte
6;8654;38123;Sopramonte
7;8654;38123;Sardagna
8;8654;38123;Sopramonte
9;8654;38123;Sardagna
15;8654;38123;Sopramonte
17;8654;38123;Sopramonte
17;8654;38123;Sopramonte
19;8654;38123;Sopramonte
21;8654;38123;Sopramonte
23;8654;38123;Sopramonte
25;8654;38123;Sardagna
1;8655;38123;Sardagna
3;8655;38123;Sardagna
3;8655;38123;Sardagna
5;8655;38123;Sardagna
7;8655;38123;Sardagna
8;8655;38123;Sardagna
10;8655;38123;Sardagna
11;8655;38123;Sardagna
12;8655;38123;Sardagna
13;8655;38123;Sardagna
14;8655;38123;Sopramonte
14;8655;38123;Sopramonte
15;8655;38123;Sardagna
16;8655;38123;Sopramonte
17;8655;38123;Sardagna
18;8655;38123;Sopramonte
19;8655;38123;Sardagna
20;8655;38123;Sopramonte
21;8655;38123;Sardagna
22;8655;38123;Sopramonte
22;8655;38123;Sopramonte
23;8655;38123;Sopramonte
24;8655;38123;Sopramonte
24;8655;38123;Sopramonte
25;8655;38123;Sopramonte
25;8655;38123;Sopramonte
26;8655;38123;Sopramonte
26;8655;38123;Sopramonte
28;8655;38123;Sopramonte
28;8655;38123;Sopramonte
30;8655;38123;Sopramonte
32;8655;38123;Sopramonte
32;8655;38123;Sopramonte
34;8655;38123;Sopramonte
36;8655;38123;Sopramonte
36;8655;38123;Sopramonte
1;8656;38123;Sardagna
1;8656;38123;Sardagna
2;8656;38123;Sopramonte
2;8656;38123;Sopramonte
2;8656;38123;Sopramonte
2;8656;38123;Sopramonte
2;8656;38123;Sopramonte
3;8656;38123;Sardagna
3;8656;38123;Sardagna
5;8656;38123;Sardagna
5;8656;38123;Sardagna
6;8656;38123;Sopramonte
6;8656;38123;Sopramonte
6;8656;38123;Sopramonte
6;8656;38123;Sopramonte
8;8656;38123;Sopramonte
9;8656;38123;Sardagna
9;8656;38123;Sardagna
10;8656;38123;Sopramonte
13;8656;38123;Sopramonte
13;8656;38123;Sopramonte
19;8656;38123;Sopramonte
19;8656;38123;Sopramonte
20;8656;38123;Sopramonte
20;8656;38123;Sopramonte
1;8657;38123;Sopramonte
1;8657;38123;Sopramonte
2;8657;38123;Sardagna
2;8657;38123;Sardagna
2;8657;38123;Sardagna
4;8657;38123;Sopramonte
4;8657;38123;Sopramonte
5;8657;38123;Sopramonte
5;8657;38123;Sopramonte
6;8657;38123;Sopramonte
6;8657;38123;Sopramonte
7;8657;38123;Sopramonte
7;8657;38123;Sopramonte
8;8657;38123;Sopramonte
8;8657;38123;Sopramonte
9;8657;38123;Sopramonte
9;8657;38123;Sopramonte
10;8657;38123;Sopramonte
10;8657;38123;Sopramonte
13;8657;38123;Sopramonte
13;8657;38123;Sopramonte
14;8657;38123;Sopramonte
14;8657;38123;Sopramonte
15;8657;38123;Sopramonte
15;8657;38123;Sopramonte
16;8657;38123;Sopramonte
16;8657;38123;Sopramonte
18;8657;38123;Sopramonte
18;8657;38123;Sopramonte
20;8657;38123;Sopramonte
20;8657;38123;Sopramonte
22;8657;38123;Sopramonte
22;8657;38123;Sopramonte
24;8657;38123;Sopramonte
24;8657;38123;Sopramonte
30;8657;38123;Sopramonte
30;8657;38123;Sopramonte
1;8703;38123;Ravina
1;8703;38123;Ravina
1;8720;38123;Ravina
2;8720;38123;Ravina
3;8720;38123;Ravina
4;8720;38123;Ravina
4;8720;38123;Ravina
4;8720;38123;Ravina
4/B;8720;38123;Ravina
4/B;8720;38123;Ravina
4/B;8720;38123;Ravina
5;8720;38123;Ravina
6;8720;38123;Ravina
6/A;8720;38123;Ravina
6/A;8720;38123;Ravina
7;8720;38123;Ravina
7;8720;38123;Ravina
8;8720;38123;Ravina
8;8720;38123;Ravina
9;8720;38123;Ravina
9;8720;38123;Ravina
10;8720;38123;Ravina
11;8720;38123;Ravina
11;8720;38123;Ravina
12;8720;38123;Ravina
13;8720;38123;Ravina
13;8720;38123;Ravina
14;8720;38123;Ravina
15;8720;38123;Ravina
15;8720;38123;Ravina
16;8720;38123;Ravina
17;8720;38123;Ravina
17;8720;38123;Ravina
17;8720;38123;Ravina
17/B;8720;38123;Ravina
17/B;8720;38123;Ravina
18;8720;38123;Ravina
19;8720;38123;Ravina
20;8720;38123;Ravina
20/A;8720;38123;Ravina
20/A;8720;38123;Ravina
20/A;8720;38123;Ravina
21;8720;38123;Ravina
22;8720;38123;Ravina
22;8720;38123;Ravina
23;8720;38123;Ravina
24;8720;38123;Ravina
25;8720;38123;Ravina
25;8720;38123;Ravina
26;8720;38123;Ravina
27;8720;38123;Ravina
27;8720;38123;Ravina
28;8720;38123;Ravina
28;8720;38123;Ravina
28;8720;38123;Ravina
29;8720;38123;Ravina
29;8720;38123;Ravina
30;8720;38123;Ravina
30;8720;38123;Ravina
30/A;8720;38123;Ravina
30/A;8720;38123;Ravina
31;8720;38123;Ravina
32;8720;38123;Ravina
32/1;8720;38123;Ravina
32/1;8720;38123;Ravina
32/2;8720;38123;Ravina
32/A;8720;38123;Ravina
32/B;8720;38123;Ravina
32/B;8720;38123;Ravina
32/C;8720;38123;Ravina
32/C;8720;38123;Ravina
33;8720;38123;Ravina
34;8720;38123;Ravina
34;8720;38123;Ravina
34/A;8720;38123;Ravina
36;8720;38123;Ravina
38;8720;38123;Ravina
39;8720;38123;Ravina
39;8720;38123;Ravina
40;8720;38123;Ravina
42;8720;38123;Ravina
44;8720;38123;Ravina
46;8720;38123;Ravina
48;8720;38123;Ravina
50;8720;38123;Ravina
51;8720;38123;Ravina
51;8720;38123;Ravina
51;8720;38123;Ravina
52;8720;38123;Ravina
53;8720;38123;Ravina
54;8720;38123;Ravina
56;8720;38123;Ravina
57;8720;38123;Ravina
57;8720;38123;Ravina
57;8720;38123;Ravina
58;8720;38123;Ravina
60;8720;38123;Ravina
61;8720;38123;Ravina
61;8720;38123;Ravina
62;8720;38123;Ravina
63;8720;38123;Ravina
63;8720;38123;Ravina
63;8720;38123;Ravina
64;8720;38123;Ravina
66;8720;38123;Ravina
67;8720;38123;Ravina
69;8720;38123;Ravina
71;8720;38123;Ravina
71;8720;38123;Ravina
73;8720;38123;Ravina
76;8720;38123;Ravina
76;8720;38123;Ravina
76;8720;38123;Ravina
76;8720;38123;Ravina
76;8720;38123;Ravina
80;8720;38123;Ravina
80;8720;38123;Ravina
80;8720;38123;Ravina
82;8720;38123;Ravina
83;8720;38123;Ravina
85;8720;38123;Ravina
87;8720;38123;Ravina
89;8720;38123;Ravina
91;8720;38123;Ravina
93;8720;38123;Ravina
93;8720;38123;Ravina
97;8720;38123;Ravina
99;8720;38123;Ravina
101;8720;38123;Ravina
103;8720;38123;Ravina
105;8720;38123;Ravina
107;8720;38123;Ravina
109;8720;38123;Ravina
109;8720;38123;Ravina
111;8720;38123;Ravina
111;8720;38123;Ravina
113;8720;38123;Ravina
113;8720;38123;Ravina
121;8720;38123;Ravina
121;8720;38123;Ravina
121;8720;38123;Ravina
1;8730;38123;Ravina
2;8730;38123;Ravina
3;8730;38123;Ravina
4;8730;38123;Ravina
5;8730;38123;Ravina
05-gen;8730;38123;Ravina
6;8730;38123;Ravina
6;8730;38123;Ravina
7;8730;38123;Ravina
7/A;8730;38123;Ravina
7/B;8730;38123;Ravina
7/B;8730;38123;Ravina
8/A;8730;38123;Ravina
8/B;8730;38123;Ravina
9;8730;38123;Ravina
10;8730;38123;Ravina
10-gen;8730;38123;Ravina
10-feb;8730;38123;Ravina
10-mar;8730;38123;Ravina
10-apr;8730;38123;Ravina
10-mag;8730;38123;Ravina
10-giu;8730;38123;Ravina
11;8730;38123;Ravina
12;8730;38123;Ravina
12-gen;8730;38123;Ravina
12-feb;8730;38123;Ravina
14;8730;38123;Ravina
14-gen;8730;38123;Ravina
16;8730;38123;Ravina
16-gen;8730;38123;Ravina
20;8730;38123;Ravina
20;8730;38123;Ravina
21;8730;38123;Ravina
22;8730;38123;Ravina
22;8730;38123;Ravina
23;8730;38123;Ravina
24;8730;38123;Ravina
24;8730;38123;Ravina
25;8730;38123;Ravina
26;8730;38123;Ravina
27;8730;38123;Ravina
27;8730;38123;Ravina
28;8730;38123;Ravina
29;8730;38123;Ravina
29;8730;38123;Ravina
30;8730;38123;Ravina
31;8730;38123;Ravina
32;8730;38123;Ravina
33;8730;38123;Ravina
34/A;8730;38123;Ravina
34/B;8730;38123;Ravina
34/C;8730;38123;Ravina
34/D;8730;38123;Ravina
34/E;8730;38123;Ravina
36;8730;38123;Ravina
1;8740;38123;Ravina
2;8740;38123;Ravina
3;8740;38123;Ravina
4;8740;38123;Ravina
5;8740;38123;Ravina
6;8740;38123;Ravina
7;8740;38123;Ravina
9;8740;38123;Ravina
9;8740;38123;Ravina
10;8740;38123;Ravina
10;8740;38123;Ravina
10;8740;38123;Ravina
10;8740;38123;Ravina
11;8740;38123;Ravina
12;8740;38123;Ravina
12;8740;38123;Ravina
12;8740;38123;Ravina
13;8740;38123;Ravina
14;8740;38123;Ravina
15;8740;38123;Ravina
16;8740;38123;Ravina
17;8740;38123;Ravina
18;8740;38123;Ravina
18;8740;38123;Ravina
19;8740;38123;Ravina
20;8740;38123;Ravina
21;8740;38123;Ravina
22;8740;38123;Ravina
23;8740;38123;Ravina
24;8740;38123;Ravina
25;8740;38123;Ravina
26;8740;38123;Ravina
27;8740;38123;Ravina
28;8740;38123;Ravina
29;8740;38123;Ravina
30;8740;38123;Ravina
31;8740;38123;Ravina
32;8740;38123;Ravina
32/A;8740;38123;Ravina
32/B;8740;38123;Ravina
32/C;8740;38123;Ravina
34;8740;38123;Ravina
36;8740;38123;Ravina
38;8740;38123;Ravina
40;8740;38123;Ravina
42;8740;38123;Ravina
42;8740;38123;Ravina
44;8740;38123;Ravina
46;8740;38123;Ravina
48;8740;38123;Ravina
50;8740;38123;Ravina
50;8740;38123;Ravina
50;8740;38123;Ravina
50;8740;38123;Ravina
50;8740;38123;Ravina
50;8740;38123;Ravina
50;8740;38123;Ravina
50;8740;38123;Ravina
50;8740;38123;Ravina
52;8740;38123;Ravina
1;8750;38123;Ravina
2;8750;38123;Ravina
2;8750;38123;Ravina
02-gen;8750;38123;Ravina
3;8750;38123;Ravina
4;8750;38123;Ravina
04-gen;8750;38123;Ravina
5;8750;38123;Ravina
6;8750;38123;Ravina
7;8750;38123;Ravina
7;8750;38123;Ravina
8;8750;38123;Ravina
8;8750;38123;Ravina
9;8750;38123;Ravina
9;8750;38123;Ravina
10;8750;38123;Ravina
10;8750;38123;Ravina
11;8750;38123;Ravina
11;8750;38123;Ravina
11;8750;38123;Ravina
12;8750;38123;Ravina
12;8750;38123;Ravina
13;8750;38123;Ravina
14;8750;38123;Ravina
15/A;8750;38123;Ravina
15/A;8750;38123;Ravina
15/B;8750;38123;Ravina
15/B;8750;38123;Ravina
16;8750;38123;Ravina
16;8750;38123;Ravina
16-gen;8750;38123;Ravina
17;8750;38123;Ravina
17;8750;38123;Ravina
17;8750;38123;Ravina
18;8750;38123;Ravina
18;8750;38123;Ravina
19;8750;38123;Ravina
19/A;8750;38123;Ravina
20;8750;38123;Ravina
20/A;8750;38123;Ravina
20/A;8750;38123;Ravina
21;8750;38123;Ravina
21;8750;38123;Ravina
22;8750;38123;Ravina
22;8750;38123;Ravina
23;8750;38123;Ravina
24;8750;38123;Ravina
25;8750;38123;Ravina
25;8750;38123;Ravina
25/A;8750;38123;Ravina
25/A;8750;38123;Ravina
25/B;8750;38123;Ravina
25/B;8750;38123;Ravina
25/C;8750;38123;Ravina
25/C;8750;38123;Ravina
25/D;8750;38123;Ravina
25/D;8750;38123;Ravina
26;8750;38123;Ravina
26;8750;38123;Ravina
27;8750;38123;Ravina
27;8750;38123;Ravina
28;8750;38123;Ravina
29;8750;38123;Ravina
29;8750;38123;Ravina
29;8750;38123;Ravina
29/A;8750;38123;Ravina
30;8750;38123;Ravina
30-gen;8750;38123;Ravina
31;8750;38123;Ravina
31;8750;38123;Ravina
32;8750;38123;Ravina
32;8750;38123;Ravina
32;8750;38123;Ravina
33;8750;38123;Ravina
33;8750;38123;Ravina
35;8750;38123;Ravina
35;8750;38123;Ravina
35/A;8750;38123;Ravina
35/A;8750;38123;Ravina
37;8750;38123;Ravina
37;8750;38123;Ravina
38;8750;38123;Ravina
38;8750;38123;Ravina
38;8750;38123;Ravina
38;8750;38123;Ravina
38;8750;38123;Ravina
38;8750;38123;Ravina
38;8750;38123;Ravina
38;8750;38123;Ravina
39;8750;38123;Ravina
39;8750;38123;Ravina
40;8750;38123;Ravina
40;8750;38123;Ravina
41;8750;38123;Ravina
41;8750;38123;Ravina
43;8750;38123;Ravina
43;8750;38123;Ravina
45;8750;38123;Ravina
46;8750;38123;Ravina
46;8750;38123;Ravina
47;8750;38123;Ravina
48;8750;38123;Ravina
48;8750;38123;Ravina
48;8750;38123;Ravina
48;8750;38123;Ravina
49;8750;38123;Ravina
50;8750;38123;Ravina
50;8750;38123;Ravina
51;8750;38123;Ravina
53;8750;38123;Ravina
55;8750;38123;Ravina
57;8750;38123;Ravina
59;8750;38123;Ravina
59;8750;38123;Ravina
61;8750;38123;Ravina
61;8750;38123;Ravina
61;8750;38123;Ravina
63;8750;38123;Ravina
63;8750;38123;Ravina
63/A;8750;38123;Ravina
63/A;8750;38123;Ravina
65;8750;38123;Ravina
65;8750;38123;Ravina
67;8750;38123;Ravina
67;8750;38123;Ravina
69;8750;38123;Ravina
69;8750;38123;Ravina
69/1;8750;38123;Ravina
69/2;8750;38123;Ravina
69/2;8750;38123;Ravina
71;8750;38123;Ravina
71;8750;38123;Ravina
73;8750;38123;Ravina
73;8750;38123;Ravina
75;8750;38123;Ravina
75;8750;38123;Ravina
77;8750;38123;Ravina
1;8760;38123;Ravina
1;8760;38123;Ravina
2;8760;38123;Ravina
2;8760;38123;Ravina
2;8760;38123;Ravina
2;8760;38123;Ravina
2/A;8760;38123;Ravina
2/B;8760;38123;Ravina
2/C;8760;38123;Ravina
2/D;8760;38123;Ravina
3;8760;38123;Ravina
3;8760;38123;Ravina
3/A;8760;38123;Ravina
4;8760;38123;Ravina
4/A;8760;38123;Ravina
4/B;8760;38123;Ravina
4/C;8760;38123;Ravina
4/D;8760;38123;Ravina
5;8760;38123;Ravina
6;8760;38123;Ravina
7;8760;38123;Ravina
8;8760;38123;Ravina
9;8760;38123;Ravina
10;8760;38123;Ravina
11;8760;38123;Ravina
12;8760;38123;Ravina
13;8760;38123;Ravina
14;8760;38123;Ravina
15;8760;38123;Ravina
16;8760;38123;Ravina
17;8760;38123;Ravina
18;8760;38123;Ravina
19;8760;38123;Ravina
20;8760;38123;Ravina
21;8760;38123;Ravina
22;8760;38123;Ravina
23;8760;38123;Ravina
24;8760;38123;Ravina
25;8760;38123;Ravina
27;8760;38123;Ravina
33;8760;38123;Ravina
33;8760;38123;Ravina
33;8760;38123;Ravina
33;8760;38123;Ravina
33;8760;38123;Ravina
1;8770;38123;Ravina
1;8770;38123;Ravina
2;8770;38123;Ravina
02-gen;8770;38123;Ravina
02-feb;8770;38123;Ravina
3;8770;38123;Ravina
4;8770;38123;Ravina
4;8770;38123;Ravina
5;8770;38123;Ravina
5;8770;38123;Ravina
5;8770;38123;Ravina
6;8770;38123;Ravina
6;8770;38123;Ravina
7;8770;38123;Ravina
7;8770;38123;Ravina
8;8770;38123;Ravina
9;8770;38123;Ravina
9/A;8770;38123;Ravina
9/A;8770;38123;Ravina
9/A;8770;38123;Ravina
10;8770;38123;Ravina
10;8770;38123;Ravina
11;8770;38123;Ravina
11;8770;38123;Ravina
11;8770;38123;Ravina
11;8770;38123;Ravina
12;8770;38123;Ravina
13;8770;38123;Ravina
13/A;8770;38123;Ravina
13/A;8770;38123;Ravina
14;8770;38123;Ravina
15;8770;38123;Ravina
15/A;8770;38123;Ravina
16;8770;38123;Ravina
16;8770;38123;Ravina
17;8770;38123;Ravina
17;8770;38123;Ravina
17;8770;38123;Ravina
19;8770;38123;Ravina
21;8770;38123;Ravina
21/A;8770;38123;Ravina
23;8770;38123;Ravina
25;8770;38123;Ravina
25;8770;38123;Ravina
25;8770;38123;Ravina
27;8770;38123;Ravina
27;8770;38123;Ravina
27;8770;38123;Ravina
27;8770;38123;Ravina
27;8770;38123;Ravina
27;8770;38123;Ravina
27;8770;38123;Ravina
27;8770;38123;Ravina
29;8770;38123;Ravina
31;8770;38123;Ravina
33;8770;38123;Ravina
33;8770;38123;Ravina
33;8770;38123;Ravina
33;8770;38123;Ravina
35;8770;38123;Ravina
37;8770;38123;Ravina
37;8770;38123;Ravina
37/A;8770;38123;Ravina
1;8780;38123;Ravina
1;8780;38123;Ravina
1;8780;38123;Ravina
1;8780;38123;Ravina
1;8780;38123;Ravina
1/A;8780;38123;Ravina
2;8780;38123;Ravina
2;8780;38123;Ravina
3;8780;38123;Ravina
4;8780;38123;Ravina
4;8780;38123;Ravina
5;8780;38123;Ravina
5;8780;38123;Ravina
5;8780;38123;Ravina
5/A;8780;38123;Ravina
6;8780;38123;Ravina
6;8780;38123;Ravina
6;8780;38123;Ravina
7;8780;38123;Ravina
7/A;8780;38123;Ravina
8;8780;38123;Ravina
8;8780;38123;Ravina
9;8780;38123;Ravina
9/A;8780;38123;Ravina
9/B;8780;38123;Ravina
9/C;8780;38123;Ravina
9/C;8780;38123;Ravina
9/D;8780;38123;Ravina
11;8780;38123;Ravina
12;8780;38123;Ravina
12;8780;38123;Ravina
13;8780;38123;Ravina
14;8780;38123;Ravina
14;8780;38123;Ravina
15;8780;38123;Ravina
15;8780;38123;Ravina
16;8780;38123;Ravina
17;8780;38123;Ravina
17-feb;8780;38123;Ravina
19;8780;38123;Ravina
19;8780;38123;Ravina
19;8780;38123;Ravina
19/A;8780;38123;Ravina
19/A;8780;38123;Ravina
21;8780;38123;Ravina
23;8780;38123;Ravina
25;8780;38123;Ravina
25;8780;38123;Ravina
27;8780;38123;Ravina
27;8780;38123;Ravina
27;8780;38123;Ravina
29;8780;38123;Ravina
29;8780;38123;Ravina
29;8780;38123;Ravina
29-gen;8780;38123;Ravina
29-gen;8780;38123;Ravina
31;8780;38123;Ravina
31;8780;38123;Ravina
33;8780;38123;Ravina
35;8780;38123;Ravina
37;8780;38123;Ravina
37;8780;38123;Ravina
39;8780;38123;Ravina
39;8780;38123;Ravina
3;8790;38123;Ravina
4;8790;38123;Ravina
4;8790;38123;Ravina
5;8790;38123;Ravina
6;8790;38123;Ravina
7;8790;38123;Ravina
8;8790;38123;Ravina
08-gen;8790;38123;Ravina
9;8790;38123;Ravina
10;8790;38123;Ravina
12;8790;38123;Ravina
14;8790;38123;Ravina
14;8790;38123;Ravina
16;8790;38123;Ravina
16/A;8790;38123;Ravina
18;8790;38123;Ravina
20;8790;38123;Ravina
22;8790;38123;Ravina
1;8800;38123;Ravina
1;8800;38123;Ravina
2;8800;38123;Ravina
5;8800;38123;Ravina
5;8800;38123;Ravina
6;8800;38123;Ravina
6;8800;38123;Ravina
8;8800;38123;Ravina
8;8800;38123;Ravina
8/B;8800;38123;Ravina
8/B;8800;38123;Ravina
9;8800;38123;Ravina
9;8800;38123;Ravina
10;8800;38123;Ravina
10;8800;38123;Ravina
10-gen;8800;38123;Ravina
10-gen;8800;38123;Ravina
11;8800;38123;Ravina
11-gen;8800;38123;Ravina
12;8800;38123;Ravina
12;8800;38123;Ravina
13;8800;38123;Ravina
13;8800;38123;Ravina
13;8800;38123;Ravina
13;8800;38123;Ravina
13;8800;38123;Ravina
13;8800;38123;Ravina
14;8800;38123;Ravina
15;8800;38123;Ravina
15;8800;38123;Ravina
16;8800;38123;Ravina
17;8800;38123;Ravina
17;8800;38123;Ravina
17/A;8800;38123;Ravina
17/A;8800;38123;Ravina
19;8800;38123;Ravina
21;8800;38123;Ravina
21;8800;38123;Ravina
21;8800;38123;Ravina
23;8800;38123;Ravina
23;8800;38123;Ravina
25;8800;38123;Ravina
25;8800;38123;Ravina
27;8800;38123;Ravina
27;8800;38123;Ravina
29;8800;38123;Ravina
29/A;8800;38123;Ravina
31;8800;38123;Ravina
31;8800;38123;Ravina
31;8800;38123;Ravina
33;8800;38123;Ravina
33;8800;38123;Ravina
35;8800;38123;Ravina
35;8800;38123;Ravina
37;8800;38123;Ravina
37;8800;38123;Ravina
39;8800;38123;Ravina
41;8800;38123;Ravina
41;8800;38123;Ravina
43;8800;38123;Ravina
43;8800;38123;Ravina
45;8800;38123;Ravina
45;8800;38123;Ravina
47;8800;38123;Ravina
47;8800;38123;Ravina
47;8800;38123;Ravina
49;8800;38123;Ravina
1;8803;38123;Ravina
1;8803;38123;Ravina
1;8803;38123;Ravina
1;8803;38123;Ravina
2;8803;38123;Ravina
2;8803;38123;Ravina
3;8803;38123;Ravina
3;8803;38123;Ravina
5;8803;38123;Ravina
5;8803;38123;Ravina
5;8803;38123;Ravina
5;8803;38123;Ravina
5/A;8803;38123;Ravina
5/B;8803;38123;Ravina
5/C;8803;38123;Ravina
5/D;8803;38123;Ravina
5/E;8803;38123;Ravina
5/F;8803;38123;Ravina
5/G;8803;38123;Ravina
5/L;8803;38123;Ravina
5/L;8803;38123;Ravina
5/M;8803;38123;Ravina
5/N;8803;38123;Ravina
5/P;8803;38123;Ravina
5/Q;8803;38123;Ravina
6;8803;38123;Ravina
6;8803;38123;Ravina
7;8803;38123;Ravina
7;8803;38123;Ravina
7;8803;38123;Ravina
7/B;8803;38123;Ravina
7/B;8803;38123;Ravina
7/C;8803;38123;Ravina
7/C;8803;38123;Ravina
7/C;8803;38123;Ravina
8;8803;38123;Ravina
9;8803;38123;Ravina
9;8803;38123;Ravina
09-gen;8803;38123;Ravina
09-gen;8803;38123;Ravina
09-gen;8803;38123;Ravina
09-feb;8803;38123;Ravina
09-feb;8803;38123;Ravina
9/A;8803;38123;Ravina
9/A;8803;38123;Ravina
9/B;8803;38123;Ravina
9/C;8803;38123;Ravina
9/C;8803;38123;Ravina
9/D;8803;38123;Ravina
9/D;8803;38123;Ravina
9/E;8803;38123;Ravina
9/E;8803;38123;Ravina
9/E;8803;38123;Ravina
9/F;8803;38123;Ravina
9/H;8803;38123;Ravina
9/L;8803;38123;Ravina
9/M;8803;38123;Ravina
9/P;8803;38123;Ravina
9/Q;8803;38123;Ravina
9/R;8803;38123;Ravina
10;8803;38123;Ravina
11;8803;38123;Ravina
11;8803;38123;Ravina
11;8803;38123;Ravina
11/A;8803;38123;Ravina
11/A;8803;38123;Ravina
11/A;8803;38123;Ravina
11/A;8803;38123;Ravina
11/A;8803;38123;Ravina
11/A;8803;38123;Ravina
11/A;8803;38123;Ravina
11/A;8803;38123;Ravina
11/B;8803;38123;Ravina
11/B;8803;38123;Ravina
11/B;8803;38123;Ravina
11/B;8803;38123;Ravina
11/C;8803;38123;Ravina
11/D;8803;38123;Ravina
11/E;8803;38123;Ravina
11/E;8803;38123;Ravina
11/F;8803;38123;Ravina
11/F;8803;38123;Ravina
11/F;8803;38123;Ravina
11/F;8803;38123;Ravina
11/L;8803;38123;Ravina
11/M;8803;38123;Ravina
11/N;8803;38123;Ravina
11/P;8803;38123;Ravina
11/R;8803;38123;Ravina
11/R;8803;38123;Ravina
11/R;8803;38123;Ravina
11/R;8803;38123;Ravina
11/R;8803;38123;Ravina
11/S;8803;38123;Ravina
11/S;8803;38123;Ravina
11/S;8803;38123;Ravina
11/S;8803;38123;Ravina
11/T;8803;38123;Ravina
11/T;8803;38123;Ravina
12;8803;38123;Ravina
13;8803;38123;Ravina
13;8803;38123;Ravina
14;8803;38123;Ravina
15;8803;38123;Ravina
15;8803;38123;Ravina
15;8803;38123;Ravina
16;8803;38123;Ravina
17;8803;38123;Ravina
17;8803;38123;Ravina
18;8803;38123;Ravina
19;8803;38123;Ravina
19/A;8803;38123;Ravina
19/A;8803;38123;Ravina
21;8803;38123;Ravina
21;8803;38123;Ravina
23;8803;38123;Ravina
23;8803;38123;Ravina
23;8803;38123;Ravina
23/A;8803;38123;Ravina
23/A;8803;38123;Ravina
23/A;8803;38123;Ravina
33;8803;38123;Ravina
33;8803;38123;Ravina
33;8803;38123;Ravina
41;8803;38123;Ravina
41;8803;38123;Ravina
43;8803;38123;Ravina
43;8803;38123;Ravina
45;8803;38123;Ravina
45/1;8803;38123;Ravina
45/1;8803;38123;Ravina
45/1;8803;38123;Ravina
45/2;8803;38123;Ravina
47;8803;38123;Ravina
47;8803;38123;Ravina
47;8803;38123;Ravina
47;8803;38123;Ravina
49;8803;38123;Ravina
61;8803;38123;Ravina
63;8803;38123;Ravina
67;8803;38123;Mattarello
67;8803;38123;Mattarello
67;8803;38123;Mattarello
69;8803;38123;Mattarello
69;8803;38123;Mattarello
73;8803;38123;Mattarello
1;8805;38123;Ravina
2;8805;38123;Ravina
3;8805;38123;Ravina
4;8805;38123;Ravina
5;8805;38123;Ravina
6;8805;38123;Ravina
7;8805;38123;Ravina
8;8805;38123;Ravina
9;8805;38123;Ravina
11;8805;38123;Ravina
12;8805;38123;Ravina
12;8805;38123;Ravina
13;8805;38123;Ravina
13;8805;38123;Ravina
13;8805;38123;Ravina
14;8805;38123;Ravina
16;8805;38123;Ravina
17;8805;38123;Ravina
18;8805;38123;Ravina
20;8805;38123;Ravina
20;8805;38123;Ravina
22;8805;38123;Ravina
24;8805;38123;Ravina
26;8805;38123;Ravina
26;8805;38123;Ravina
28;8805;38123;Ravina
28;8805;38123;Ravina
1;8810;38123;Ravina
2;8810;38123;Ravina
3;8810;38123;Ravina
3;8810;38123;Ravina
4;8810;38123;Ravina
5;8810;38123;Ravina
5;8810;38123;Ravina
05-gen;8810;38123;Ravina
6;8810;38123;Ravina
7;8810;38123;Ravina
8;8810;38123;Ravina
9;8810;38123;Ravina
09-gen;8810;38123;Ravina
09-gen;8810;38123;Ravina
10;8810;38123;Ravina
11;8810;38123;Ravina
11;8810;38123;Ravina
11;8810;38123;Ravina
1;8820;38123;Ravina
1;8820;38123;Ravina
1;8820;38123;Ravina
1;8820;38123;Ravina
1/A;8820;38123;Ravina
1/A;8820;38123;Ravina
2;8820;38123;Ravina
2;8820;38123;Ravina
4;8820;38123;Ravina
4;8820;38123;Ravina
4;8820;38123;Ravina
5;8820;38123;Ravina
6;8820;38123;Ravina
7;8820;38123;Ravina
7;8820;38123;Ravina
8;8820;38123;Ravina
8;8820;38123;Ravina
08-gen;8820;38123;Ravina
08-gen;8820;38123;Ravina
9;8820;38123;Ravina
9;8820;38123;Ravina
9;8820;38123;Ravina
9;8820;38123;Ravina
9;8820;38123;Ravina
9;8820;38123;Ravina
9;8820;38123;Ravina
10;8820;38123;Ravina
10;8820;38123;Ravina
12;8820;38123;Ravina
12;8820;38123;Ravina
12;8820;38123;Ravina
12/A;8820;38123;Ravina
12/A;8820;38123;Ravina
12/A;8820;38123;Ravina
14;8820;38123;Ravina
14;8820;38123;Ravina
14;8820;38123;Ravina
16;8820;38123;Ravina
16;8820;38123;Ravina
16;8820;38123;Ravina
16;8820;38123;Ravina
18;8820;38123;Ravina
18;8820;38123;Ravina
18;8820;38123;Ravina
18;8820;38123;Ravina
20;8820;38123;Ravina
20;8820;38123;Ravina
20;8820;38123;Ravina
20;8820;38123;Ravina
20;8820;38123;Ravina
20;8820;38123;Ravina
20;8820;38123;Ravina
22;8820;38123;Ravina
22;8820;38123;Ravina
22;8820;38123;Ravina
22;8820;38123;Ravina
22;8820;38123;Ravina
24;8820;38123;Ravina
24;8820;38123;Ravina
26;8820;38123;Ravina
26;8820;38123;Ravina
26;8820;38123;Ravina
26;8820;38123;Ravina
26;8820;38123;Ravina
1;8830;38123;Ravina
1;8830;38123;Ravina
01-gen;8830;38123;Ravina
01-gen;8830;38123;Ravina
01-feb;8830;38123;Ravina
01-mar;8830;38123;Ravina
01-apr;8830;38123;Ravina
01-apr;8830;38123;Ravina
01-mag;8830;38123;Ravina
01-mag;8830;38123;Ravina
01-giu;8830;38123;Ravina
01-giu;8830;38123;Ravina
01-lug;8830;38123;Ravina
01-lug;8830;38123;Ravina
3;8830;38123;Ravina
03-gen;8830;38123;Ravina
03-feb;8830;38123;Ravina
03-mar;8830;38123;Ravina
03-apr;8830;38123;Ravina
03-mag;8830;38123;Ravina
5;8830;38123;Ravina
7;8830;38123;Ravina
9;8830;38123;Ravina
11;8830;38123;Ravina
11;8830;38123;Ravina
11/A;8830;38123;Ravina
11/A;8830;38123;Ravina
11/A;8830;38123;Ravina
13;8830;38123;Ravina
17;8830;38123;Ravina
17;8830;38123;Ravina
17;8830;38123;Ravina
19;8830;38123;Ravina
19;8830;38123;Ravina
19;8830;38123;Ravina
19;8830;38123;Ravina
21;8830;38123;Ravina
21;8830;38123;Ravina
21/A;8830;38123;Ravina
21/A;8830;38123;Ravina
23;8830;38123;Ravina
23;8830;38123;Ravina
25;8830;38123;Ravina
27;8830;38123;Ravina
29;8830;38123;Ravina
29;8830;38123;Ravina
31;8830;38123;Ravina
31;8830;38123;Ravina
33;8830;38123;Ravina
33;8830;38123;Ravina
33;8830;38123;Ravina
35;8830;38123;Ravina
37;8830;38123;Ravina
39;8830;38123;Ravina
41;8830;38123;Ravina
43;8830;38123;Ravina
45;8830;38123;Ravina
47;8830;38123;Ravina
49;8830;38123;Ravina
51;8830;38123;Ravina
53;8830;38123;Ravina
53;8830;38123;Ravina
55;8830;38123;Ravina
57;8830;38123;Ravina
59;8830;38123;Ravina
61;8830;38123;Ravina
63;8830;38123;Ravina
65;8830;38123;Ravina
67;8830;38123;Ravina
69;8830;38123;Ravina
71;8830;38123;Ravina
73;8830;38123;Ravina
75;8830;38123;Ravina
77;8830;38123;Ravina
4;8840;38123;Ravina
6;8840;38123;Ravina
8;8840;38123;Ravina
8;8840;38123;Ravina
10;8840;38123;Ravina
10;8840;38123;Ravina
12;8840;38123;Ravina
12;8840;38123;Ravina
12/A;8840;38123;Ravina
12/A;8840;38123;Ravina
14;8840;38123;Ravina
14;8840;38123;Ravina
16;8840;38123;Ravina
16;8840;38123;Ravina
16;8840;38123;Ravina
18;8840;38123;Ravina
18;8840;38123;Ravina
20;8840;38123;Ravina
20;8840;38123;Ravina
20;8840;38123;Ravina
21;8840;38123;Ravina
22;8840;38123;Ravina
22;8840;38123;Ravina
22;8840;38123;Ravina
22;8840;38123;Ravina
23;8840;38123;Ravina
24;8840;38123;Ravina
24;8840;38123;Ravina
24;8840;38123;Ravina
25;8840;38123;Ravina
26;8840;38123;Ravina
26;8840;38123;Ravina
27;8840;38123;Ravina
28;8840;38123;Ravina
28;8840;38123;Ravina
29;8840;38123;Ravina
30;8840;38123;Ravina
30;8840;38123;Ravina
31;8840;38123;Ravina
33;8840;38123;Ravina
34;8840;38123;Ravina
34;8840;38123;Ravina
35;8840;38123;Ravina
36;8840;38123;Ravina
36;8840;38123;Ravina
37;8840;38123;Ravina
38;8840;38123;Ravina
38;8840;38123;Ravina
39;8840;38123;Ravina
39;8840;38123;Ravina
40;8840;38123;Ravina
40;8840;38123;Ravina
42;8840;38123;Ravina
42;8840;38123;Ravina
44;8840;38123;Ravina
44;8840;38123;Ravina
44/1;8840;38123;Ravina
44/1;8840;38123;Ravina
44/3;8840;38123;Ravina
44/3;8840;38123;Ravina
44/3;8840;38123;Ravina
44/4;8840;38123;Ravina
44/4;8840;38123;Ravina
46;8840;38123;Ravina
46/1;8840;38123;Ravina
46/2;8840;38123;Ravina
46/3;8840;38123;Ravina
46/5;8840;38123;Ravina
46/5;8840;38123;Ravina
46/5;8840;38123;Ravina
46/5;8840;38123;Ravina
48;8840;38123;Ravina
48/A;8840;38123;Ravina
48/A;8840;38123;Ravina
48/A;8840;38123;Ravina
52;8840;38123;Ravina
52;8840;38123;Ravina
1;8860;38123;Ravina
2;8860;38123;Ravina
3;8860;38123;Ravina
4;8860;38123;Ravina
4;8860;38123;Ravina
5;8860;38123;Ravina
6;8860;38123;Ravina
6;8860;38123;Ravina
7;8860;38123;Ravina
8;8860;38123;Ravina
8;8860;38123;Ravina
8;8860;38123;Ravina
8;8860;38123;Ravina
8;8860;38123;Ravina
9;8860;38123;Ravina
10;8860;38123;Ravina
10;8860;38123;Ravina
10;8860;38123;Ravina
10;8860;38123;Ravina
11;8860;38123;Ravina
11;8860;38123;Ravina
13;8860;38123;Ravina
13;8860;38123;Ravina
15;8860;38123;Ravina
15;8860;38123;Ravina
15;8860;38123;Ravina
17;8860;38123;Ravina
17;8860;38123;Ravina
18;8860;38123;Ravina
19;8860;38123;Ravina
19;8860;38123;Ravina
20;8860;38123;Ravina
20;8860;38123;Ravina
21;8860;38123;Ravina
21;8860;38123;Ravina
23;8860;38123;Ravina
23;8860;38123;Ravina
25;8860;38123;Ravina
25;8860;38123;Ravina
27;8860;38123;Ravina
29;8860;38123;Ravina
29;8860;38123;Ravina
31;8860;38123;Ravina
31;8860;38123;Ravina
31;8860;38123;Ravina
33;8860;38123;Ravina
33;8860;38123;Ravina
35;8860;38123;Ravina
37;8860;38123;Ravina
37;8860;38123;Ravina
39;8860;38123;Ravina
39;8860;38123;Ravina
41;8860;38123;Ravina
41;8860;38123;Ravina
2;8870;38123;Ravina
6;8870;38123;Ravina
6;8870;38123;Ravina
6;8870;38123;Ravina
6;8870;38123;Ravina
6/A;8870;38123;Ravina
8;8870;38123;Ravina
8/A;8870;38123;Ravina
8/B;8870;38123;Ravina
8/B;8870;38123;Ravina
8/B;8870;38123;Ravina
10;8870;38123;Ravina
12;8870;38123;Ravina
14;8870;38123;Ravina
16;8870;38123;Ravina
18;8870;38123;Ravina
20;8870;38123;Ravina
20;8870;38123;Ravina
20;8870;38123;Ravina
22;8870;38123;Ravina
24;8870;38123;Ravina
24/A;8870;38123;Ravina
26;8870;38123;Ravina
28;8870;38123;Ravina
30;8870;38123;Ravina
34;8870;38123;Ravina
5;8911;38123;Romagnano
5;8911;38123;Romagnano
6;8911;38123;Romagnano
7;8911;38123;Romagnano
9;8911;38123;Mattarello
10;8911;38123;Romagnano
10;8911;38123;Romagnano
11;8911;38123;Mattarello
12;8911;38123;Romagnano
13;8911;38123;Mattarello
14;8911;38123;Romagnano
14;8911;38123;Romagnano
14/A;8911;38123;Romagnano
14/B;8911;38123;Romagnano
14/C;8911;38123;Romagnano
15;8911;38123;Romagnano
16;8911;38123;Romagnano
16/A;8911;38123;Romagnano
18;8911;38123;Romagnano
18;8911;38123;Romagnano
18;8911;38123;Romagnano
21;8911;38123;Romagnano
21;8911;38123;Romagnano
21;8911;38123;Romagnano
21;8911;38123;Romagnano
21;8911;38123;Romagnano
22;8911;38123;Romagnano
22;8911;38123;Romagnano
22;8911;38123;Romagnano
23;8911;38123;Romagnano
24;8911;38123;Romagnano
24;8911;38123;Romagnano
24;8911;38123;Romagnano
26;8911;38123;Romagnano
26;8911;38123;Romagnano
26;8911;38123;Romagnano
27;8911;38123;Romagnano
27;8911;38123;Romagnano
30;8911;38123;Romagnano
30;8911;38123;Romagnano
30;8911;38123;Romagnano
31;8911;38123;Romagnano
31;8911;38123;Romagnano
31;8911;38123;Romagnano
31;8911;38123;Romagnano
31;8911;38123;Romagnano
32;8911;38123;Romagnano
32;8911;38123;Romagnano
32;8911;38123;Romagnano
34;8911;38123;Romagnano
34;8911;38123;Romagnano
34;8911;38123;Romagnano
35;8911;38123;Romagnano
35;8911;38123;Romagnano
35;8911;38123;Romagnano
36;8911;38123;Romagnano
37;8911;38123;Romagnano
37;8911;38123;Romagnano
37;8911;38123;Romagnano
38;8911;38123;Romagnano
38;8911;38123;Romagnano
38;8911;38123;Romagnano
38;8911;38123;Romagnano
38;8911;38123;Romagnano
38;8911;38123;Romagnano
39;8911;38123;Romagnano
39;8911;38123;Romagnano
39/A;8911;38123;Romagnano
39/A;8911;38123;Romagnano
40;8911;38123;Romagnano
41;8911;38123;Romagnano
41;8911;38123;Romagnano
41;8911;38123;Romagnano
41/A;8911;38123;Romagnano
43;8911;38123;Romagnano
45;8911;38123;Romagnano
45;8911;38123;Romagnano
49;8911;38123;Romagnano
49;8911;38123;Romagnano
50;8911;38123;Romagnano
50;8911;38123;Romagnano
50;8911;38123;Romagnano
50;8911;38123;Romagnano
50;8911;38123;Romagnano
51;8911;38123;Romagnano
51;8911;38123;Romagnano
51;8911;38123;Romagnano
51;8911;38123;Romagnano
51;8911;38123;Romagnano
56;8911;38123;Romagnano
56;8911;38123;Romagnano
57;8911;38123;Romagnano
57;8911;38123;Romagnano
57;8911;38123;Romagnano
57;8911;38123;Romagnano
57;8911;38123;Romagnano
57;8911;38123;Romagnano
58;8911;38123;Romagnano
58;8911;38123;Romagnano
3;8912;38123;Romagnano
4;8912;38123;Romagnano
7;8912;38123;Romagnano
8;8912;38123;Romagnano
8;8912;38123;Romagnano
8;8912;38123;Romagnano
11;8912;38123;Romagnano
11;8912;38123;Romagnano
11;8912;38123;Romagnano
12;8912;38123;Mattarello
14;8912;38123;Mattarello
15;8912;38123;Romagnano
15;8912;38123;Romagnano
15;8912;38123;Romagnano
15;8912;38123;Romagnano
15;8912;38123;Romagnano
18;8912;38123;Mattarello
18;8912;38123;Mattarello
18;8912;38123;Mattarello
19;8912;38123;Romagnano
19;8912;38123;Romagnano
23;8912;38123;Romagnano
23;8912;38123;Romagnano
29;8912;38123;Romagnano
29/A;8912;38123;Romagnano
33;8912;38123;Romagnano
35;8912;38123;Romagnano
35/B;8912;38123;Romagnano
35/B;8912;38123;Romagnano
37;8912;38123;Romagnano
37;8912;38123;Romagnano
37;8912;38123;Romagnano
47;8912;38123;Romagnano
49;8912;38123;Romagnano
51;8912;38123;Romagnano
51;8912;38123;Romagnano
51;8912;38123;Romagnano
63;8912;38123;Romagnano
65;8912;38123;Romagnano
65;8912;38123;Romagnano
71;8912;38123;Romagnano
71;8912;38123;Romagnano
71;8912;38123;Romagnano
71;8912;38123;Romagnano
71;8912;38123;Romagnano
71;8912;38123;Romagnano
2;8915;38123;Romagnano
2;8915;38123;Romagnano
4;8915;38123;Romagnano
4;8915;38123;Romagnano
5;8915;38123;Romagnano
6;8915;38123;Romagnano
6;8915;38123;Romagnano
7;8915;38123;Romagnano
8;8915;38123;Romagnano
8;8915;38123;Romagnano
9;8915;38123;Romagnano
9;8915;38123;Romagnano
10;8915;38123;Romagnano
10;8915;38123;Romagnano
11;8915;38123;Romagnano
11;8915;38123;Romagnano
12;8915;38123;Romagnano
12;8915;38123;Romagnano
15;8915;38123;Romagnano
15;8915;38123;Romagnano
15;8915;38123;Romagnano
15;8915;38123;Romagnano
18;8915;38123;Romagnano
18;8915;38123;Romagnano
18;8915;38123;Romagnano
19;8915;38123;Romagnano
20;8915;38123;Romagnano
20;8915;38123;Romagnano
20;8915;38123;Romagnano
21;8915;38123;Romagnano
23;8915;38123;Romagnano
24;8915;38123;Romagnano
24;8915;38123;Romagnano
25;8915;38123;Romagnano
30;8915;38123;Romagnano
30;8915;38123;Romagnano
1;8920;38123;Romagnano
1;8920;38123;Romagnano
3;8920;38123;Romagnano
5;8920;38123;Romagnano
5;8920;38123;Romagnano
5;8920;38123;Romagnano
7;8920;38123;Romagnano
7;8920;38123;Romagnano
10;8920;38123;Romagnano
10;8920;38123;Romagnano
11;8920;38123;Romagnano
11;8920;38123;Romagnano
11;8920;38123;Romagnano
1;8925;38123;Romagnano
1;8925;38123;Romagnano
3;8925;38123;Romagnano
3;8925;38123;Romagnano
3/A;8925;38123;Romagnano
3/B;8925;38123;Romagnano
3/B;8925;38123;Romagnano
3/C;8925;38123;Romagnano
3/C;8925;38123;Romagnano
3/D;8925;38123;Romagnano
3/D;8925;38123;Romagnano
3/E;8925;38123;Romagnano
3/E;8925;38123;Romagnano
3/F;8925;38123;Romagnano
3/F;8925;38123;Romagnano
4;8925;38123;Romagnano
4;8925;38123;Romagnano
4;8925;38123;Romagnano
4;8925;38123;Romagnano
5;8925;38123;Romagnano
5;8925;38123;Romagnano
7;8925;38123;Romagnano
8;8925;38123;Romagnano
8;8925;38123;Romagnano
8;8925;38123;Romagnano
9;8925;38123;Romagnano
9;8925;38123;Romagnano
10;8925;38123;Romagnano
11;8925;38123;Romagnano
11;8925;38123;Romagnano
12;8925;38123;Romagnano
13;8925;38123;Romagnano
14;8925;38123;Romagnano
14;8925;38123;Romagnano
14;8925;38123;Romagnano
17;8925;38123;Romagnano
17;8925;38123;Romagnano
17;8925;38123;Romagnano
1;8930;38123;Romagnano
1;8930;38123;Romagnano
1;8930;38123;Romagnano
4;8930;38123;Romagnano
5;8930;38123;Romagnano
5;8930;38123;Romagnano
5/A;8930;38123;Romagnano
5/A;8930;38123;Romagnano
6;8930;38123;Romagnano
6;8930;38123;Romagnano
6;8930;38123;Romagnano
7;8930;38123;Romagnano
7;8930;38123;Romagnano
9;8930;38123;Romagnano
10;8930;38123;Romagnano
10;8930;38123;Romagnano
10;8930;38123;Romagnano
12;8930;38123;Romagnano
12;8930;38123;Romagnano
12;8930;38123;Romagnano
13;8930;38123;Romagnano
15;8930;38123;Romagnano
17;8930;38123;Romagnano
19;8930;38123;Romagnano
20;8930;38123;Romagnano
20;8930;38123;Romagnano
20;8930;38123;Romagnano
21;8930;38123;Romagnano
22;8930;38123;Romagnano
22;8930;38123;Romagnano
22;8930;38123;Romagnano
23;8930;38123;Romagnano
25;8930;38123;Romagnano
27;8930;38123;Romagnano
27;8930;38123;Romagnano
27;8930;38123;Romagnano
27/A;8930;38123;Romagnano
1;8935;38123;Romagnano
1;8935;38123;Romagnano
3;8935;38123;Romagnano
3;8935;38123;Romagnano
3;8935;38123;Romagnano
4;8935;38123;Romagnano
4;8935;38123;Romagnano
6;8935;38123;Romagnano
6;8935;38123;Romagnano
6;8935;38123;Romagnano
6;8935;38123;Romagnano
7;8935;38123;Romagnano
7;8935;38123;Romagnano
9;8935;38123;Romagnano
10;8935;38123;Romagnano
10;8935;38123;Romagnano
10;8935;38123;Romagnano
10;8935;38123;Romagnano
12;8935;38123;Romagnano
15;8935;38123;Romagnano
15;8935;38123;Romagnano
15;8935;38123;Romagnano
16;8935;38123;Romagnano
16;8935;38123;Romagnano
20;8935;38123;Romagnano
20;8935;38123;Romagnano
21;8935;38123;Romagnano
26;8935;38123;Romagnano
26;8935;38123;Romagnano
26;8935;38123;Romagnano
27;8935;38123;Romagnano
27/A;8935;38123;Romagnano
27/B;8935;38123;Romagnano
27/C;8935;38123;Romagnano
27/D;8935;38123;Romagnano
29;8935;38123;Romagnano
29;8935;38123;Romagnano
31;8935;38123;Romagnano
33;8935;38123;Romagnano
37;8935;38123;Romagnano
37;8935;38123;Romagnano
43;8935;38123;Romagnano
43;8935;38123;Romagnano
43;8935;38123;Romagnano
47;8935;38123;Romagnano
49;8935;38123;Romagnano
51;8935;38123;Romagnano
51;8935;38123;Romagnano
53;8935;38123;Romagnano
53;8935;38123;Romagnano
55;8935;38123;Romagnano
57;8935;38123;Romagnano
57;8935;38123;Romagnano
59;8935;38123;Romagnano
59;8935;38123;Romagnano
61;8935;38123;Romagnano
63;8935;38123;Romagnano
65;8935;38123;Romagnano
67;8935;38123;Romagnano
69;8935;38123;Romagnano
71;8935;38123;Romagnano
73;8935;38123;Romagnano
75;8935;38123;Romagnano
77;8935;38123;Romagnano
81;8935;38123;Romagnano
81;8935;38123;Romagnano
81;8935;38123;Romagnano
83;8935;38123;Romagnano
83;8935;38123;Romagnano
83;8935;38123;Romagnano
85;8935;38123;Romagnano
85;8935;38123;Romagnano
85;8935;38123;Romagnano
87;8935;38123;Romagnano
87;8935;38123;Romagnano
91;8935;38123;Romagnano
91;8935;38123;Romagnano
91;8935;38123;Romagnano
91;8935;38123;Romagnano
91;8935;38123;Romagnano
93;8935;38123;Romagnano
93;8935;38123;Romagnano
93;8935;38123;Romagnano
95;8935;38123;Romagnano
95;8935;38123;Romagnano
95;8935;38123;Romagnano
95/A;8935;38123;Romagnano
95/A;8935;38123;Romagnano
97;8935;38123;Romagnano
97;8935;38123;Romagnano
97/A;8935;38123;Romagnano
99;8935;38123;Romagnano
99;8935;38123;Romagnano
101;8935;38123;Romagnano
103;8935;38123;Romagnano
103;8935;38123;Romagnano
105;8935;38123;Romagnano
105;8935;38123;Romagnano
105;8935;38123;Romagnano
105;8935;38123;Romagnano
107;8935;38123;Romagnano
109;8935;38123;Romagnano
1;8940;38123;Romagnano
1;8940;38123;Romagnano
1;8940;38123;Romagnano
1;8940;38123;Romagnano
1;8940;38123;Romagnano
1;8940;38123;Romagnano
1;8940;38123;Romagnano
2;8940;38123;Romagnano
2;8940;38123;Romagnano
2;8940;38123;Romagnano
3;8940;38123;Romagnano
4;8940;38123;Romagnano
4;8940;38123;Romagnano
4;8940;38123;Romagnano
5;8940;38123;Romagnano
6;8940;38123;Romagnano
7;8940;38123;Romagnano
9;8940;38123;Romagnano
9;8940;38123;Romagnano
10;8940;38123;Romagnano
10;8940;38123;Romagnano
11;8940;38123;Romagnano
13;8940;38123;Romagnano
13;8940;38123;Romagnano
14;8940;38123;Romagnano
15;8940;38123;Romagnano
15;8940;38123;Romagnano
15;8940;38123;Romagnano
15;8940;38123;Romagnano
15;8940;38123;Romagnano
15;8940;38123;Romagnano
15;8940;38123;Romagnano
16;8940;38123;Romagnano
17;8940;38123;Romagnano
17;8940;38123;Romagnano
18;8940;38123;Romagnano
18;8940;38123;Romagnano
21;8940;38123;Romagnano
22;8940;38123;Romagnano
22;8940;38123;Romagnano
23;8940;38123;Romagnano
25;8940;38123;Romagnano
26;8940;38123;Romagnano
28;8940;38123;Romagnano
29;8940;38123;Romagnano
30;8940;38123;Romagnano
31;8940;38123;Romagnano
31;8940;38123;Romagnano
31;8940;38123;Romagnano
32;8940;38123;Romagnano
32;8940;38123;Romagnano
32;8940;38123;Romagnano
35;8940;38123;Romagnano
36;8940;38123;Romagnano
37;8940;38123;Romagnano
38;8940;38123;Romagnano
38;8940;38123;Romagnano
38;8940;38123;Romagnano
38;8940;38123;Romagnano
38/A;8940;38123;Romagnano
38/B;8940;38123;Romagnano
39;8940;38123;Romagnano
39;8940;38123;Romagnano
40;8940;38123;Romagnano
40;8940;38123;Romagnano
41;8940;38123;Romagnano
42;8940;38123;Romagnano
43;8940;38123;Romagnano
45;8940;38123;Romagnano
46;8940;38123;Romagnano
49;8940;38123;Romagnano
50;8940;38123;Romagnano
50;8940;38123;Romagnano
50;8940;38123;Romagnano
52;8940;38123;Romagnano
54;8940;38123;Romagnano
58;8940;38123;Romagnano
60;8940;38123;Romagnano
62;8940;38123;Romagnano
64;8940;38123;Romagnano
66;8940;38123;Romagnano
68;8940;38123;Romagnano
70;8940;38123;Romagnano
72;8940;38123;Romagnano
72;8940;38123;Romagnano
1;8945;38123;Romagnano
2;8945;38123;Romagnano
3;8945;38123;Romagnano
4;8945;38123;Romagnano
5;8945;38123;Romagnano
6;8945;38123;Romagnano
6;8945;38123;Romagnano
7;8945;38123;Romagnano
7;8945;38123;Romagnano
8;8945;38123;Romagnano
8;8945;38123;Romagnano
9;8945;38123;Romagnano
12;8945;38123;Romagnano
13;8945;38123;Romagnano
13;8945;38123;Romagnano
13;8945;38123;Romagnano
14;8945;38123;Romagnano
14/A;8945;38123;Romagnano
15;8945;38123;Romagnano
15;8945;38123;Romagnano
15;8945;38123;Romagnano
16;8945;38123;Romagnano
16;8945;38123;Romagnano
16;8945;38123;Romagnano
17;8945;38123;Romagnano
17;8945;38123;Romagnano
18;8945;38123;Romagnano
19;8945;38123;Romagnano
19;8945;38123;Romagnano
1;8950;38123;Romagnano
1/A;8950;38123;Romagnano
3;8950;38123;Romagnano
4;8950;38123;Romagnano
4;8950;38123;Romagnano
4;8950;38123;Romagnano
4;8950;38123;Romagnano
6;8950;38123;Romagnano
1;8955;38123;Romagnano
2;8955;38123;Romagnano
4;8955;38123;Romagnano
4;8955;38123;Romagnano
5;8955;38123;Romagnano
5;8955;38123;Romagnano
5;8955;38123;Romagnano
5;8955;38123;Romagnano
5;8955;38123;Romagnano
5;8955;38123;Romagnano
5;8955;38123;Romagnano
6;8955;38123;Romagnano
6/A;8955;38123;Romagnano
7;8955;38123;Romagnano
8;8955;38123;Romagnano
9;8955;38123;Romagnano
9;8955;38123;Romagnano
10;8955;38123;Romagnano
11;8955;38123;Romagnano
11;8955;38123;Romagnano
12;8955;38123;Romagnano
15;8955;38123;Romagnano
16;8955;38123;Romagnano
16;8955;38123;Romagnano
16;8955;38123;Romagnano
17;8955;38123;Romagnano
18;8955;38123;Romagnano
18;8955;38123;Romagnano
19;8955;38123;Romagnano
19;8955;38123;Romagnano
22;8955;38123;Romagnano
22;8955;38123;Romagnano
22;8955;38123;Romagnano
23;8955;38123;Romagnano
23;8955;38123;Romagnano
26;8955;38123;Romagnano
27;8955;38123;Romagnano
27;8955;38123;Romagnano
28;8955;38123;Romagnano
28;8955;38123;Romagnano
30;8955;38123;Romagnano
33;8955;38123;Romagnano
33;8955;38123;Romagnano
34;8955;38123;Romagnano
36;8955;38123;Romagnano
38;8955;38123;Romagnano
40;8955;38123;Romagnano
42;8955;38123;Romagnano
44;8955;38123;Romagnano
46;8955;38123;Romagnano
46;8955;38123;Romagnano
48;8955;38123;Romagnano
50;8955;38123;Romagnano
50;8955;38123;Romagnano
56;8955;38123;Romagnano
58;8955;38123;Romagnano
62;8955;38123;Romagnano
66;8955;38123;Romagnano
68;8955;38123;Romagnano
70;8955;38123;Romagnano
70;8955;38123;Romagnano
70/A;8955;38123;Romagnano
70/A;8955;38123;Romagnano
72;8955;38123;Romagnano
72;8955;38123;Romagnano
74;8955;38123;Romagnano
74/A;8955;38123;Romagnano
76;8955;38123;Romagnano
76/A;8955;38123;Romagnano
76/A;8955;38123;Romagnano
76/B;8955;38123;Romagnano
76/B;8955;38123;Romagnano
78;8955;38123;Romagnano
84;8955;38123;Romagnano
84;8955;38123;Romagnano
1;8960;38123;Romagnano
2;8960;38123;Romagnano
2;8960;38123;Romagnano
2;8960;38123;Romagnano
3;8960;38123;Romagnano
3;8960;38123;Romagnano
5;8960;38123;Romagnano
6;8960;38123;Romagnano
7;8960;38123;Romagnano
8;8960;38123;Romagnano
9;8960;38123;Romagnano
10;8960;38123;Romagnano
12;8960;38123;Romagnano
13;8960;38123;Romagnano
13;8960;38123;Romagnano
14;8960;38123;Romagnano
14/A;8960;38123;Romagnano
16;8960;38123;Romagnano
16;8960;38123;Romagnano
17;8960;38123;Romagnano
18;8960;38123;Romagnano
19;8960;38123;Romagnano
20;8960;38123;Romagnano
20;8960;38123;Romagnano
21;8960;38123;Romagnano
21;8960;38123;Romagnano
22;8960;38123;Romagnano
22;8960;38123;Romagnano
23;8960;38123;Romagnano
23;8960;38123;Romagnano
24;8960;38123;Romagnano
25;8960;38123;Romagnano
25;8960;38123;Romagnano
25;8960;38123;Romagnano
26;8960;38123;Romagnano
26/C;8960;38123;Romagnano
26/D;8960;38123;Romagnano
30;8960;38123;Romagnano
30/A;8960;38123;Romagnano
30/B;8960;38123;Romagnano
31;8960;38123;Romagnano
32;8960;38123;Romagnano
33;8960;38123;Romagnano
34;8960;38123;Romagnano
34;8960;38123;Romagnano
35;8960;38123;Romagnano
36;8960;38123;Romagnano
36;8960;38123;Romagnano
36;8960;38123;Romagnano
36;8960;38123;Romagnano
36;8960;38123;Romagnano
36;8960;38123;Romagnano
36;8960;38123;Romagnano
36;8960;38123;Romagnano
37;8960;38123;Romagnano
39;8960;38123;Romagnano
41;8960;38123;Romagnano
41;8960;38123;Romagnano
43;8960;38123;Romagnano
43;8960;38123;Romagnano
45;8960;38123;Romagnano
45;8960;38123;Romagnano
45;8960;38123;Romagnano
45;8960;38123;Romagnano
47;8960;38123;Romagnano
49;8960;38123;Romagnano
51;8960;38123;Romagnano
53;8960;38123;Romagnano
55;8960;38123;Romagnano
57;8960;38123;Romagnano
59;8960;38123;Romagnano
61;8960;38123;Romagnano
63;8960;38123;Romagnano
65;8960;38123;Romagnano
1;8965;38123;Romagnano
1;8965;38123;Romagnano
1;8965;38123;Romagnano
1;8965;38123;Romagnano
1;8965;38123;Romagnano
1;8965;38123;Romagnano
6;8965;38123;Romagnano
10;8965;38123;Romagnano
10;8965;38123;Romagnano
10;8965;38123;Romagnano
10;8965;38123;Romagnano
12;8965;38123;Romagnano
12;8965;38123;Romagnano
1;8970;38123;Romagnano
1;8970;38123;Romagnano
4;8970;38123;Romagnano
4;8970;38123;Romagnano
8;8970;38123;Romagnano
8;8970;38123;Romagnano
8;8970;38123;Romagnano
9;8970;38123;Romagnano
9;8970;38123;Romagnano
9;8970;38123;Romagnano
9;8970;38123;Romagnano
9;8970;38123;Romagnano
9;8970;38123;Romagnano
9;8970;38123;Romagnano
9;8970;38123;Romagnano
9;8970;38123;Romagnano
9;8970;38123;Romagnano
10;8970;38123;Romagnano
10;8970;38123;Romagnano
10;8970;38123;Romagnano
11;8970;38123;Romagnano
11;8970;38123;Romagnano
11;8970;38123;Romagnano
12;8970;38123;Romagnano
14;8970;38123;Romagnano
14;8970;38123;Romagnano
14;8970;38123;Romagnano
18;8970;38123;Romagnano
18;8970;38123;Romagnano
20;8970;38123;Romagnano
20;8970;38123;Romagnano
24;8970;38123;Romagnano
24;8970;38123;Romagnano
26;8970;38123;Romagnano
30;8970;38123;Romagnano
30;8970;38123;Romagnano
32;8970;38123;Romagnano
36;8970;38123;Romagnano
36;8970;38123;Romagnano
38;8970;38123;Romagnano
38;8970;38123;Romagnano
38;8970;38123;Romagnano
44;8970;38123;Romagnano
44;8970;38123;Romagnano
48;8970;38123;Romagnano
48;8970;38123;Romagnano
50;8970;38123;Romagnano
50;8970;38123;Romagnano
1;8985;38123;Romagnano
1;8985;38123;Romagnano
1;8985;38123;Romagnano
1;8985;38123;Romagnano
1;8985;38123;Romagnano
1/A;8985;38123;Romagnano
3;8985;38123;Romagnano
3;8985;38123;Romagnano
5;8985;38123;Romagnano
5;8985;38123;Romagnano
7;8985;38123;Romagnano
9;8985;38123;Romagnano
9;8985;38123;Romagnano
11;8985;38123;Romagnano
13;8985;38123;Romagnano
15;8985;38123;Romagnano
17;8985;38123;Romagnano
19;8985;38123;Romagnano
21;8985;38123;Romagnano
21;8985;38123;Romagnano
