codiceVia;nomeVia;isSensoUnico;nome_strada
900;VIA A. DEGASPERI;0;
740;VIA DELLA CERVARA;0;
6260;VIA MISSIONI AFRICANE;0;
8037;VIA DEL PRAOL;0;
6412;PIAZZA NATALE TOMMASI;0;
8770;VIA MARGONE;0;
8911;VIA DEI POMARI;0;
770;VIA E. CHINI;0;
160;VIA AOSTA;0;
160;VIA AOSTA;0;
330;VIA BOLGHERA;0;
340;VIALE N. BOLOGNINI;0;
8001;VIA DELLA BELINA;0;
8750;VIA DELLA CROCE;0;
1700;VIA G. MANCI;1;
2490;VIA A. POZZO;1;
2990;PIAZZA S. MARIA MAGGIORE;1;
1125;VIA G. BARTALI;0;
2180;VIA P. OSS MAZZURANA;1;
900;VIA A. DEGASPERI;1;
130;PIAZZETTA ANFITEATRO;0;
8413;VIA PER CORTESANO;0;
2810;VICOLO SAN MARCO;1;
8497;VIA AL PONTAT;0;
3502;VIA DEI GIARDINI;0;
670;VIA DELLE CAVE;0;
6290;VIA DEGLI OLIVI;1;
7515;VIA ALLE VOLPARE;0;
2460;VIA DELLA PONTARA;1;
7263;VIA DEL NESPOLAR;0;
1355;VIA H. GMEINER;0;
7340;LOCALITA' PASSO CIMIRLO;0;
8139;VIA GIUSEPPE A. SLOP;0;
7080;VIA GALASSA;0;
8486;VIA DEI FRAGARI;0;
8503;VIA DEL CESURET;1;
2430;VIA DI PIETRASTRETTA;0;
7010;VIA ASIAGO;0;
8510;VIA DEL PRA DE L'AGNELA;0;
8521;SALITA AI SPIAZZI;0;
8421;VIA SANTI PIETRO E PAOLO;0;
1470;VIA DELLE LASTE;0;
6470;VIA PER L'OSSERVATORIO;0;
7210;VIA TORRICELLE;0;
8482;VIA DELLA FORNACE;0;
8466;VICOLO DELLA ROGGIA;0;
6450;STRADA DI MONTEVACCINO;0;
5790;VIA NOCE;0;
5790;VIA NOCE;0;
2495;VIA A. PRANZELORES;0;
3490;P.ZZA ALESSANDRO VITTORIA;1;
2430;VIA DI PIETRASTRETTA;0;
7315;VIA MADONNINA;0;
1400;VIA DON GIUSEPPE GRAZIOLI;1;
2470;LARGO PORTA NUOVA;1;
0;;1;SS 47 della Valsugana
6428;VIA PER VILLAMONTAGNA;0;
8940;VIA DI SANTA BRIGIDA;0;
8415;VIA CASTEL DI CORTESANO;0;
1400;VIA DON GIUSEPPE GRAZIOLI;1;
8415;VIA CASTEL DI CORTESANO;0;
6400;VIA ALLA VEDUTA;0;
0;;1;SS 47 della Valsugana
7115;VIA DELLA ZIVERANA;0;
6470;VIA PER L'OSSERVATORIO;0;
8525;STRADA DELLA FACHINA;0;
5790;VIA NOCE;0;
6190;VIA GREZONI;0;
8462;VIA DELLA GUERRA RUSTICA;0;
8653;STRADA DI VANEZE;0;SP 85 del Monte Bondone
8053;STRADA DI VASON;0;SP 85 del Monte Bondone
8480;VIA AL CANON;0;
8504;VIA DEI CIGOI;0;
8414;VIA DEL PORFIDO;0;SP 76 Gardolo-Lases
6180;VIA ALLE GEMELLE;0;
6310;VIA PONTE ALTO;0;
8475;VIA DEL CAMANTOLIN;0;
8045;VIA DEI SEGATI;0;
7984;VIA DELLE REGOLE;0;
3350;CORSO 3 NOVEMBRE;0;
2900;VIA R. DA SANSEVERINO;0;
2280;VIA PASUBIO;1;
3550;VIA ZARA;0;
7460;VIA DON TOMMASO DALLAFIOR;1;
8803;VIA STELLA;0;SP 90 Destra Adige
400;VIA DEL BRENNERO;0;
5102;VIA ALTO ADIGE;0;
1280;VIA A. GAZZOLETTI;1;
5260;VIA PALUDI;0;
8464;VIA M. PEDERZOLLI;0;
8464;VIA M. PEDERZOLLI;0;
2820;VIA SAN MARTINO;1;
2820;VIA SAN MARTINO;1;
210;VIA F. BARBACOVI;1;
3550;VIA ZARA;1;
3502;VIA DEI GIARDINI;0;
3550;VIA ZARA;1;
3550;VIA ZARA;1;
1870;VIA C. MENGUZZATO;0;
6200;VIA B. KOFLER;0;
0;;1;SP 90 Destra Adige
3350;CORSO 3 NOVEMBRE;0;
1890;VIA MILANO;0;
1350;VIA G. GIUSTI;1;
8013;VIA DEL DOSSOL;0;
8535;VIA DON GIACOMO TRENTINI;0;
8534;VIA DELLE SUGARINE;0;
700;PIAZZA DI CENTA;1;
8414;VIA DEL PORFIDO;0;SP 76 Gardolo-Lases
8860;VIA VALEMBRAR;0;
8501;STRADA DELLA CA COMUNA;0;
7820;VIA DELLA ROZOLA;0;
8770;VIA MARGONE;0;
5070;VIA BOLZANO;1;
0;;1;SP 204 Villazzano-Ponte Ludovico
8412;STRADA DEL DOS DI LAMAR;0;
2900;VIA R. DA SANSEVERINO;1;
1520;LUNGADIGE G. LEOPARDI;1;
8497;VIA AL PONTAT;0;
7080;VIA GALASSA;0;
1140;VIA F. FILZI;0;
6414;VIA PER CAMPEL;0;
8477;VIC. DON G. B. PARTELLONI;0;
6473;VIA AL VASCON;0;
6467;VIA MARIO CAVALIERI;0;
3510;VIA VITTORIO VENETO;0;
8503;VIA DEL CESURET;1;
8607;VIA AL CASTAGNETO;0;
3510;VIA VITTORIO VENETO;0;
2990;PIAZZA S. MARIA MAGGIORE;0;
975;L.GO DONATORI VOL. SANGUE;1;
1850;LARGO MEDAGLIE D'ORO;1;
6100;VIA DEI CASTORI;0;
8493;VIA ALLA COSTA;0;
6160;VIA ALLA FORMIGHETA;0;
6491;VIA AL MASO PEZANI;0;
2050;VIA A. NICOLODI;0;
5290;VIA 4 NOVEMBRE;0;
6105;VIA DELL'ALBERA;0;
8945;VIA AI COMUNI;0;
8529;PIAZZA T. SONTACCHI;0;
7770;VIA DELLA DECIMA;0;
3508;VIA A. GOIO;0;
8940;VIA DI SANTA BRIGIDA;0;
8940;VIA DI SANTA BRIGIDA;0;
3390;LOCALITA' LA VELA;0;
8935;VIA ALLE PORTE;0;
3807;TANGENZIALE OVEST;1;
1570;VIA E. MACCANI;1;
3310;VIA TORRE VERDE;1;
900;VIA A. DEGASPERI;1;
3310;VIA TORRE VERDE;1;
8521;SALITA AI SPIAZZI;0;
6090;VIA CASTEL DEI MERLI;0;
6470;VIA PER L'OSSERVATORIO;0;
5705;VIA SALISBURGO;0;
8945;VIA AI COMUNI;0;
5590;VIA DANILO PARIS;0;
3502;VIA DEI GIARDINI;0;
2180;VIA P. OSS MAZZURANA;1;
8116;STRADA DI CADINE;0;SS 45 bis Gardesana Occ
8960;VIA ALLE SETTE FONTANE;0;
8911;VIA DEI POMARI;1;SP 90 Destra Adige
5300;LOCALITA' RONCAFORT;0;
5260;VIA PALUDI;0;
3850;STRADA DELL'INTERPORTO;1;SP 235 dell'Interporto
3825;VIA A. GORFER;0;
7440;VIA REDONDOLO;0;
8492;VIA ALLE OSELERE;0;
1570;VIA E. MACCANI;1;
3430;VIA DEI VENTUNO;0;
3130;SALITA SODEGERIO DA TITO;0;
600;VIA DEI CAPPUCCINI;0;
7260;SALITA DEI MOLINI;0;
7220;VIA VALDACOLE;0;
7268;VIA DELLA VILLA PAROLARI;0;
6470;VIA PER L'OSSERVATORIO;0;
3502;VIA DEI GIARDINI;0;
5102;VIA ALTO ADIGE;0;
6020;VIA BELLAVISTA;0;
8539;STRADA DI PRAMALGA;0;
1540;VIA DRUSO;1;SS 12 svincoli
8072;VIA CANELLI;0;
3770;VIA H. JEDIN;0;
3720;VIA DELLA MALPENSADA;0;
1840;VIA G. MAZZINI;0;
530;VIA CALEPINA;1;
3300;VIA TORRE VANGA;1;
8840;VIA SANTA MARINA;0;
8313;VIA DEL CESURON;0;
3807;TANGENZIALE OVEST;1;SS 12 svincoli
430;VIA BRESCIA;0;
3815;PIAZZETTA M. GAISMAYR;0;
3814;VICOLO CONTRADA TEDESCA;0;
8499;VIA DEL BROLIO;0;
3290;VIA TORRE D'AUGUSTO;0;
7795;VIA G. CATONI;1;
3330;SALITA G. TOVAZZI;0;
6467;VIA MARIO CAVALIERI;0;
6467;VIA MARIO CAVALIERI;0;
5781;VIA DELLE PALAZZINE;0;
6390;STRADA DELLA VALSUGANA;0;SP 204 Villazzano-Ponte Ludovico
0;;1;
150;VIA L. ANZOLETTI;0;
8491;STRADA ALLE GORGHE;0;
1570;VIA E. MACCANI;1;
8055;VIA DI VEGIARA;0;
7340;LOCALITA' PASSO CIMIRLO;0;
610;LARGO G. CARDUCCI;1;
1260;PIAZZA G.B. GARZETTI;1;
6470;VIA PER L'OSSERVATORIO;0;
3823;VIA DI COSTA SAN NICOLO';0;
8803;VIA STELLA;0;SP 90 Destra Adige
3150;VIA DEI SOLTERI;0;
6300;VIA ALLA PELEGRINA;0;
7263;VIA DEL NESPOLAR;0;
7340;LOCALITA' PASSO CIMIRLO;0;
6470;VIA PER L'OSSERVATORIO;0;
2495;VIA A. PRANZELORES;0;
3150;VIA DEI SOLTERI;0;
3510;VIA VITTORIO VENETO;0;
6470;VIA PER L'OSSERVATORIO;0;
40;VIA ADAMELLO;1;
3832;VIA V. DE RICCABONA;0;
6455;VIA ALLA LOVARA;0;
5090;VIA DELLA CANOVA;0;
8122;VIA DI COLTURA;0;
1630;VIA B. MALFATTI;1;
8720;VIA PER BELVEDERE;0;
7701;VIA ADOLFO ENDRIZZI;0;
8066;STRADA DEL NORGE;0;SP 85 del Monte Bondone
3220;VIA T. TARAMELLI;0;
3220;VIA T. TARAMELLI;0;
5640;VIA GASPARE CRIVELLI;0;
3510;VIA VITTORIO VENETO;0;
8001;VIA DELLA BELINA;0;
8750;VIA DELLA CROCE;0;
0;;1;
8066;STRADA DEL NORGE;0;
3815;PIAZZETTA M. GAISMAYR;0;
2880;VIA SAN PIO X;1;
1730;VIA A. MANZONI;1;
830;VIA DELLA COLLINA;0;
1470;VIA DELLE LASTE;0;
6470;VIA PER L'OSSERVATORIO;0;
7430;VIA VILLA MARIA;0;
770;VIA E. CHINI;0;
1570;VIA E. MACCANI;0;
5781;VIA DELLE PALAZZINE;0;
1130;PIAZZA DI FIERA;0;
2530;VIA DELLA PREPOSITURA;0;
2495;VIA A. PRANZELORES;0;
2540;VIA RAGAZZI DEL '99;0;
7370;VIA EREMO;0;
830;VIA DELLA COLLINA;0;
3760;VIA PADRE EUSEBIO IORI;0;
1370;VIA GOCCIADORO;0;
3503;VIA MESIANO;0;
1040;PIAZZA DUOMO;0;
7984;VIA DELLE REGOLE;0;
6427;LARGO PADRE TEOFILO;0;
8031;PIAZZALE DELLA PESA;0;
8760;VIA FILARI LONGHI;0;
8870;VIA VAL GOLA;0;
8740;VIA CENTRALE;0;
400;VIA DEL BRENNERO;1;
7770;VIA DELLA DECIMA;0;
8235;VIA MOSNA DI VIGOLO;0;
8205;VIA DELLA CANONICA;0;
8027;PIAZZA OVENO;0;
5665;VIA KEMPTEN;0;
8616;VIA DEI FILARI;0;
3660;VIA L. SENESI;0;
845;VIA E. CONCI;0;
6390;STRADA DELLA VALSUGANA;1;
7340;LOCALITA' PASSO CIMIRLO;0;
8067;VIA DEL PRA DE LA FAVA;0;
370;I ANDRONA BORGONUOVO;1;
7501;STRADA PER MARANZA;0;
2530;VIA DELLA PREPOSITURA;0;
3823;VIA DI COSTA SAN NICOLO';0;
8054;VICOLO VECCHIO;1;
8016;VIA DEL LAON;0;
5170;VIA GIARETTE;0;
7050;LOCALITA' CERNIDOR;0;
7315;VIA MADONNINA;0;
7775;VIA DELLE CESE LONGHE;0;
7795;VIA G. CATONI;0;
7775;VIA DELLE CESE LONGHE;0;
7145;STRADA DELLA POZZATA;0;
1010;VIA DOS TRENTO;0;
7984;VIA DELLE REGOLE;0;
8657;STRADA DEL PRA DEL BOTER;0;
7180;STRADA DELLE TABARELLE;0;
5020;VIA C. ANDREATTA;0;
830;VIA DELLA COLLINA;0;
8955;VIA DELLE PIAZZOLE;0;
975;L.GO DONATORI VOL. SANGUE;1;
7860;VIA F. MENESTRINA;0;
7865;STRADA DELLE NOVALINE;0;
3000;VIA SANTA TRINITA';1;
2920;VIA SAN VIGILIO;0;
7350;VIA SALE';1;
7410;SALITA SANT'AGATA;0;
7070;VIA N. FALZOLGHER;0;
7150;VIA SAN ROCCO;1;
610;LARGO G. CARDUCCI;1;
420;VIA G. BRESADOLA;1;
2220;VIA G. PANCHERI;0;
8312;VIA DEI CADENI;0;
3030;PIAZZA RAFFAELLO SANZIO;0;
6480;VIA DI NICODEMO;0;
3508;VIA A. GOIO;0;
8129;VIA DEL MOLIN;0;
7745;VIA VILLA VECCHIA;0;
8218;STRADA PER TERLAGO;0;SP 18 dei Laghi di Terlago e Lamar
1050;VIA L. EINAUDI;0;
7375;VIA BRENZ;0;
7415;VIA ALLA VAL;0;
8322;VIA DELLA CHIESA;0;
8656;VIA PER CESANA - CANDRIAI;0;
0;;1;
3440;VIA G. VERDI;0;
6110;VIA CESARINI;0;
6360;VIA SAN VITO;0;
7500;VIA DELLA SELVA;0;
7500;VIA DELLA SELVA;0;
7500;VIA DELLA SELVA;0;
740;VIA DELLA CERVARA;0;
2500;LARGO E. PRATI;1;
8840;VIA SANTA MARINA;0;
8036;VIA DEI PRAI;0;
3400;PIAZZA VENEZIA;0;
8465;PASSEGGIATA F. PERGHEM;0;
8830;RIONE SAN MARCO;0;
8830;RIONE SAN MARCO;0;
8830;RIONE SAN MARCO;0;
8657;STRADA DEL PRA DEL BOTER;0;SP 85 dir Sopramonte
8840;VIA SANTA MARINA;0;
7984;VIA DELLE REGOLE;0;
7350;VIA SALE';0;
4012;GIARDINO DEL MASO SMALZ;0;
845;VIA E. CONCI;0;
8760;VIA FILARI LONGHI;0;
8760;VIA FILARI LONGHI;0;
8237;VIGOLO BASELGA;0;
5330;VIA DELLE SCUOLE;0;
5570;VIA SALORNO;1;
1520;LUNGADIGE G. LEOPARDI;1;
8321;V. DELLA VILLA DI BASELGA;0;
6400;VIA ALLA VEDUTA;0;
1320;SALITA DEI GIARDINI;0;
8488;VIA PADRE F. BORTOLOTTI;0;
8486;VIA DEI FRAGARI;0;
6413;VIA CARLO ALBERTO BAUER;0;
7050;LOCALITA' CERNIDOR;0;
2400;VICOLO DI PIEDICASTELLO;0;
1120;VIA FERSINA;1;
8066;STRADA DEL NORGE;0;
280;VIA O. BENEVOLI;0;
1700;VIA G. MANCI;1;
8604;VIA ALLA CA;0;
3502;VIA DEI GIARDINI;0;
7713;VIA DI VALSORDA;0;
8113;VIA AL BRAIDON;1;
0;;0;
2070;VIA G. OBERZINER;1;
7795;VIA G. CATONI;0;
5440;VIA 8 MARZO;0;
8510;VIA DEL PRA DE L'AGNELA;0;
6170;VIA DEL FORTE;0;
8750;VIA DELLA CROCE;0;
7440;VIA REDONDOLO;0;
7785;VIA DEL RIO STOLZANO;0;
8240;VIA NUOVA;0;
6480;VIA DI NICODEMO;0;
3720;VIA DELLA MALPENSADA;0;
8915;VIA DELLE PREDE;0;
7815;VIA NAZIONALE;0;
8516;STRADA AL CIROCOL;0;
8542;VIC. FRA' ORESTE SALTORI;0;
820;VICOLO COLICO;1;
2980;VICOLO S. MARIA MADDALENA;1;
2980;VICOLO S. MARIA MADDALENA;1;
2980;VICOLO S. MARIA MADDALENA;0;
3080;VIA G.A. SCOPOLI;0;
5615;VIA 25 APRILE;0;
5735;VIA C. BENEDETTI;0;
3300;VIA TORRE VANGA;0;
2650;VIA G.D. ROMAGNOSI;0;
6428;VIA PER VILLAMONTAGNA;0;
7160;VIA D. SARTORI;0;
3502;VIA DEI GIARDINI;0;
3832;VIA V. DE RICCABONA;1;
2445;LARGO L. PIGARELLI;1;
2500;LARGO E. PRATI;1;
2610;VIA ROCCABRUNA;1;
2360;VIA F. PETRARCA;1;
6020;VIA BELLAVISTA;0;
6170;VIA DEL FORTE;0;
7485;VIA DELLA RESISTENZA;0;
7050;LOCALITA' CERNIDOR;0;
3503;VIA MESIANO;0;
8046;VIA DELLA SELVA DI VASON;0;
1170;VIA FELICE E G. FONTANA;0;
3806;VIA GIOVANNI OSSANNA;0;
2880;VIA SAN PIO X;1;
8055;VIA DI VEGIARA;0;
5610;VIA DON LORENZO MILANI;0;
1310;VIA DELLE GHIAIE;0;
2020;VIA DEI MUREDEI;0;
5260;VIA PALUDI;0;
6468;VIA PER COGNOLA;0;
5010;VIA AEROPORTO;0;
1540;VIA DRUSO;0;
8475;VIA DEL CAMANTOLIN;0;
5781;VIA DELLE PALAZZINE;0;
7880;LOCALITA' LE BASSE;0;
3240;VICOLO TERLAGO;0;
2060;VICOLO AL NUOTO;0;
6482;VIA EDUINO FELLIN;0;
8803;VIA STELLA;0;
8498;STRADA VECCHIA;0;
2820;VIA SAN MARTINO;0;
7775;VIA DELLE CESE LONGHE;0;
3300;VIA TORRE VANGA;1;
1010;VIA DOS TRENTO;0;
7335;VIA BORINO;0;
3780;VIA A. DETASSIS;1;
960;PIAZZALE DIVISIONI ALPINE;0;
8543;PIAZZETTA DI SAN LAZZARO;0;
7465;VIA V. MARCHESONI;0;
5102;VIA ALTO ADIGE;0;SS gestita da altri enti
60;VICOLO DELL'ADIGE;0;
2810;VICOLO SAN MARCO;0;
8049;STRADA PER LE TRE CIME;0;SP 85 dir Sopramonte
3503;VIA MESIANO;0;
8492;VIA ALLE OSELERE;0;
7285;VIA G. ROBERTI;0;
8912;VIA DELLE ISCHIE;0;
8790;VIA DON M. MAZZONELLI;0;
1400;VIA DON GIUSEPPE GRAZIOLI;1;
7155;VIA PIANIZZA;0;SS 349 della Val d'Assa e Pedemontana
1400;VIA DON GIUSEPPE GRAZIOLI;1;
3905;VIA EDDA ALBERTINI;1;
3501;VIA CENTOCHIAVI;0;
1050;VIA L. EINAUDI;0;
4029;MONTEVIDEO;0;
8915;VIA DELLE PREDE;0;
8960;VIA ALLE SETTE FONTANE;0;
5540;VIA DEI MASADORI;0;
3823;VIA DI COSTA SAN NICOLO';0;
2340;PIAZZALE G. PERRUCCHETTI;0;
880;PIAZZA DANTE;1;
6020;VIA BELLAVISTA;0;
7855;LOCALITA' I GREZZI;0;
0;;1;
6003;VIA BASSANO;0;
7335;VIA BORINO;0;
2540;VIA RAGAZZI DEL '99;0;
7780;VIA DELLA STAZIONE;0;
7010;VIA ASIAGO;0;
3822;VIA DEL MASO SMALZ;0;
6488;VIA DI LANCIATESA;0;
400;VIA DEL BRENNERO;1;
2680;VIALE ROVERETO;1;
8514;VIA DELLE CANOPE;0;
1050;VIA L. EINAUDI;0;
1260;PIAZZA G.B. GARZETTI;0;
8760;VIA FILARI LONGHI;0;
8760;VIA FILARI LONGHI;0;
7110;VIA MARZOLA;0;
3450;VIALE VERONA;0;
0;;1;
8840;VIA SANTA MARINA;0;
1840;VIA G. MAZZINI;1;
680;VIA CAMILLO BENSO CAVOUR;1;
2250;VIA DEI PARADISI;0;
920;VIA AL DESERT;0;
6020;VIA BELLAVISTA;0;
8960;VIA ALLE SETTE FONTANE;0;
8760;VIA FILARI LONGHI;0;
1470;VIA DELLE LASTE;0;
8516;STRADA AL CIROCOL;0;
8770;VIA MARGONE;0;
5010;VIA AEROPORTO;0;
5080;VIA L. CANEPPELE;0;
5070;VIA BOLZANO;0;
6429;VIA P. ALBERTO GIANORDOLI;0;
6408;VIA NILO PICCOLI;1;
5010;VIA AEROPORTO;0;
5010;VIA AEROPORTO;0;
2690;VIA DELLA SALUGA;0;
6260;VIA MISSIONI AFRICANE;0;
8414;VIA DEL PORFIDO;0;SP 76 Gardolo-Lases
8970;VIA DEI RIMONI;0;
8770;VIA MARGONE;0;
4064;MAGNETE;0;
4062;BIG CENTER;0;
5270;VIA DON S. PEDROLLI;0;
5700;VIA BUDAPEST;0;
7440;VIA REDONDOLO;0;
2020;VIA DEI MUREDEI;0;
7440;VIA REDONDOLO;0;
7440;VIA REDONDOLO;0;
7262;VIA DEL BOMPORT;1;
2770;VIA SAN GIOVANNI;1;
3504;VIA MURALTA;0;
2080;VIALE DEGLI OLMI;0;
6457;VIA CORTA;0;
6360;VIA SAN VITO;0;
7485;VIA DELLA RESISTENZA;0;
1910;VIA U. MOGGIOLI;1;
2370;VIA PIAVE;0;
1480;VIA LAVISOTTO;0;
7080;VIA GALASSA;0;
2370;VIA PIAVE;0;
1960;VIA MONTELLO;1;
7405;VIA MADONNA DELLA CORONA;0;
5785;VIA ISARCO;0;
6428;VIA PER VILLAMONTAGNA;0;
1970;VIA C. MORONE;1;
2820;VIA SAN MARTINO;0;
8551;VIA DEL NOGARE';0;
5080;VIA L. CANEPPELE;0;
7345;VIA SABBIONI;0;
3824;VIA DI SAN VINCENZO;0;
1100;VIA DEI FERROVIERI;0;
890;VIA E. DE AMICIS;0;
3510;VIA VITTORIO VENETO;1;
340;VIALE N. BOLOGNINI;1;
3824;VIA DI SAN VINCENZO;0;
6428;VIA PER VILLAMONTAGNA;0;
6428;VIA PER VILLAMONTAGNA;0;
3000;VIA SANTA TRINITA';1;
8626;VIA DEL RONCO D'ANDREA;0;
6409;VIA ANTONIA PRUNER;0;
8920;VIA AI CASTAGNARI;0;
3501;VIA CENTOCHIAVI;0;
2820;VIA SAN MARTINO;1;
1080;VIA C. ESTERLE;1;
2650;VIA G.D. ROMAGNOSI;1;
2650;VIA G.D. ROMAGNOSI;1;
7020;VIA BANALA;0;
1870;VIA C. MENGUZZATO;0;
1620;VIA A. MAFFEI;1;
8911;VIA DEI POMARI;0;SP 90 Destra Adige
3501;VIA CENTOCHIAVI;0;
60;VICOLO DELL'ADIGE;0;
3503;VIA MESIANO;0;SP 204 Villazzano-Ponte Ludovico
7080;VIA GALASSA;0;
7335;VIA BORINO;0;
7730;VIA G. POLI;0;
3811;TANGENZIALE SUD;1;SS 12 svincoli
3501;VIA CENTOCHIAVI;0;
3520;VICOLO DEL VO';0;
7475;PIAZZA OLTRECASTELLO;0;
1900;VIA DEI MILLE;0;
7430;VIA VILLA MARIA;0;
7050;LOCALITA' CERNIDOR;0;
5635;VIA ALLE ROSTE;0;
7820;VIA DELLA ROZOLA;0;
3240;VICOLO TERLAGO;0;
6905;SAN VITO;0;
8608;VIA ALLA CESA VECIA;0;
420;VIA G. BRESADOLA;1;
8514;VIA DELLE CANOPE;0;
7145;STRADA DELLA POZZATA;0;
3503;VIA MESIANO;0;
7865;STRADA DELLE NOVALINE;0;
330;VIA BOLGHERA;0;
5740;VIA L. BONAZZA;0;
3535;VIA V. ZAMBRA;0;
3535;VIA V. ZAMBRA;0;
5760;VIA F. ORADINI;0;
3811;TANGENZIALE SUD;1;SS 12 svincoli
5595;VIA DI MELTA;0;
2050;VIA A. NICOLODI;1;
5102;VIA ALTO ADIGE;0;
1960;VIA MONTELLO;0;
840;VIA DEL COMMERCIO;1;SP 235 dell'Interporto
8940;VIA DI SANTA BRIGIDA;0;
8870;VIA VAL GOLA;0;
3501;VIA CENTOCHIAVI;0;
2250;VIA DEI PARADISI;0;
6120;VIA ALLE COSTE;0;
6300;VIA ALLA PELEGRINA;0;
7845;LOCALITA LASTE MATTARELLO;0;
3535;VIA V. ZAMBRA;0;
3540;VIA DON G. B. ZANELLA;1;
7340;LOCALITA' PASSO CIMIRLO;0;
8032;VIA DELLE PIAZZE;0;
830;VIA DELLA COLLINA;0;
3540;VIA DON G. B. ZANELLA;1;
3540;VIA DON G. B. ZANELLA;0;
3506;VIA G. B. TRENER;0;
1100;VIA DEI FERROVIERI;0;
7875;LOCALITA' ACQUAVIVA;0;
3370;VIA C. VANNETTI;1;
8635;ANDRONA DI ZIMON;0;
3501;VIA CENTOCHIAVI;0;
8042;PIAZZA DEL SACRO CUORE;0;
8319;STRADA DI OMALGA;0;
4004;GIARDINO MASO GINOCCHIO;0;
8491;STRADA ALLE GORGHE;0;
1770;LUNGADIGE MARCO APULEIO;0;
8780;VIA DELLE MASERE;0;
3550;VIA ZARA;0;
3700;PASSAGGIO B. DISERTORI;0;
5310;VIA SAN GIOV. NEPOMUCENO;0;
5340;VIA SOPRASASSO;0;
5101;VIA SANT'ANNA;0;
3680;VIA VITTIME DELLE FOIBE;0;
3150;VIA DEI SOLTERI;0;
3400;PIAZZA VENEZIA;0;
7080;VIA GALASSA;0;
7335;VIA BORINO;0;
1540;VIA DRUSO;1;SS 12 svincoli
395;LUNGADIGE L. BRAILLE;0;
7010;VIA ASIAGO;0;
3310;VIA TORRE VERDE;1;
7230;VIA VALNIGRA;0;SP 204 Villazzano-Ponte Ludovico
8260;PIAZZA SAN LEONARDO;1;
650;VIA AL CASTELLER;0;
8126;VIA DELLA GIARA;0;
0;;1;
7115;VIA DELLA ZIVERANA;0;
1310;VIA DELLE GHIAIE;0;
740;VIA DELLA CERVARA;0;
1060;VIA MONS. C. ENDRICI;0;
0;;1;
6440;VIA AL MASO SPECCHIO;0;
6403;VIA GIULIO CIURLETTI;0;
8730;VIA BERLINA;0;
8760;VIA FILARI LONGHI;1;
5901;GIARDINO AL PONT DEI VODI;0;
7460;VIA DON TOMMASO DALLAFIOR;0;
5020;VIA C. ANDREATTA;0;
8031;PIAZZALE DELLA PESA;0;
5170;VIA GIARETTE;0;
360;VIA P. BENEDETTO BONELLI;1;
0;;1;
7502;VIA ZNOJMO;0;
560;VIA G. CANESTRINI;0;
570;PIAZZA GEN. A. CANTORE;0;
3821;VIA A. PEZCOLLER;0;
3430;VIA DEI VENTUNO;0;
3811;TANGENZIALE SUD;1;SS 12 svincoli
5735;VIA C. BENEDETTI;0;
8052;VIA DELLA VAL DEI MOLINI;0;SP 85 dir Vigolo Baselga
7760;LOCALITA' I CAROZETI;0;
7760;LOCALITA' I CAROZETI;0;
4054;BOSCO DELLA CITTA';0;
7984;VIA DELLE REGOLE;0;
5290;VIA 4 NOVEMBRE;0;
1555;VIA R. LUNELLI;0;
3450;VIALE VERONA;1;
1920;VIA DEI MOLINI;1;
7115;VIA DELLA ZIVERANA;0;
1370;VIA GOCCIADORO;0;
8417;VIA DEL MASO BIANCO;0;
3850;STRADA DELL'INTERPORTO;1;SP 235 dell'Interporto
2140;VIA P. ORSI;0;
5460;VIA INNSBRUCK;0;
2900;VIA R. DA SANSEVERINO;1;
6360;VIA SAN VITO;0;
7485;VIA DELLA RESISTENZA;0;
7370;VIA EREMO;0;
975;L.GO DONATORI VOL. SANGUE;1;
3690;PIAZZA E. MOSNA;0;
1850;LARGO MEDAGLIE D'ORO;1;
8730;VIA BERLINA;0;
3870;VIC. DEL MACELLO VECCHIO;0;
6330;VIA DI PRADISCOLA;0;
1120;VIA FERSINA;0;
1860;VIA GEN. GIACOMO MEDICI;0;
3510;VIA VITTORIO VENETO;0;
7815;VIA NAZIONALE;0;
8514;VIA DELLE CANOPE;0;
3150;VIA DEI SOLTERI;0;
3150;VIA DEI SOLTERI;0;
8470;VIA DELLE TRE CROCI;0;
460;VIA F.LLI BRONZETTI;0;
8618;ANDRONA DI GARNIGA;0;
7460;VIA DON TOMMASO DALLAFIOR;0;
6020;VIA BELLAVISTA;0;
8472;PIAZZA DELL'ASSUNTA;0;
3823;VIA DI COSTA SAN NICOLO';0;
8418;VIA CA ROSSA;0;SP 76 Gardolo-Lases
3720;VIA DELLA MALPENSADA;1;
490;VIA ALLA BUSA;0;
6240;VIA DEI MASETTI;0;
7420;VIA GRAFFIANO;0;
6390;STRADA DELLA VALSUGANA;0;
7115;VIA DELLA ZIVERANA;0;
7370;VIA EREMO;0;
7115;VIA DELLA ZIVERANA;0;
340;VIALE N. BOLOGNINI;1;
785;SALITA G. CICCOLINI;0;
840;VIA DEL COMMERCIO;0;
7703;VIA DELLA GOTARDA;0;SP 21 Mattarello-Aldeno
6495;VIA DI ZELL;0;
1890;VIA MILANO;1;
6120;VIA ALLE COSTE;0;
8117;VIA DELLE CAMALGHE;0;
3806;VIA GIOVANNI OSSANNA;0;
8627;P.ZZA S.FILIPPO E GIACOMO;0;
840;VIA DEL COMMERCIO;0;
8013;VIA DEL DOSSOL;0;
8028;VIA AL PALU';0;
7080;VIA GALASSA;0;
8627;P.ZZA S.FILIPPO E GIACOMO;0;
1480;VIA LAVISOTTO;0;
8603;VIA GEROLAMO BUCELLENI;0;
8870;VIA VAL GOLA;0;
8601;SALITA ALL'APIARIO;0;
3830;STR. GARDESANA DI TRENTO;0;
6100;VIA DEI CASTORI;0;
8520;VICOLO DEL RIO;0;
6060;VIA AI CAMILASTRI;0;
6198;VIA CARLO E VALERIA JULG;0;
7410;SALITA SANT'AGATA;0;
740;VIA DELLA CERVARA;0;
7510;VIA DEI VALONI;0;
4009;GIARDINO ENRICO PRUNER;0;
8603;VIA GEROLAMO BUCELLENI;0;
8628;LARGO DELLA SPIAZZOLA;0;
8609;VIA DELLA CONFRATERNITA;0;
400;VIA DEL BRENNERO;0;
7160;VIA D. SARTORI;0;
5630;VIA DELL'ORA DEL GARDA;0;
0;;1;Autostrada A22
2310;VIA G. PEDROTTI;0;
6290;VIA DEGLI OLIVI;0;
7340;LOCALITA' PASSO CIMIRLO;0;
8940;VIA DI SANTA BRIGIDA;0;
1890;VIA MILANO;0;
3350;CORSO 3 NOVEMBRE;0;
1040;PIAZZA DUOMO;0;
2510;VIA G. PRATI;1;
5080;VIA L. CANEPPELE;0;
1890;VIA MILANO;0;
1890;VIA MILANO;0;
1890;VIA MILANO;0;
6340;VIA SABBIONARE;0;
6491;VIA AL MASO PEZANI;0;
2090;VIA G. ONESTINGHEL;1;
1700;VIA G. MANCI;1;
1700;VIA G. MANCI;1;
8930;VIA DELLE FONTANELLE;0;
3507;VIA G. UNTERVEGER;1;
8039;VIA DI REVOLTA;1;
8985;VIA DI MALEBIS;0;
7820;VIA DELLA ROZOLA;0;
3504;VIA MURALTA;0;
6240;VIA DEI MASETTI;0;
7425;VIA GABBIOLO;0;
7485;VIA DELLA RESISTENZA;0;
6451;VIA AL MASO PAGANIN;0;
8803;VIA STELLA;0;SP 90 Destra Adige
7115;VIA DELLA ZIVERANA;0;
8492;VIA ALLE OSELERE;0;
4069;GIARDINO A. I. SOLZENICYN;0;
6320;VIA DEI POZATI;0;
3535;VIA V. ZAMBRA;0;
8323;VIA DEI CASAI;0;
1570;VIA E. MACCANI;0;
3822;VIA DEL MASO SMALZ;0;
1060;VIA MONS. C. ENDRICI;0;
1890;VIA MILANO;0;
1890;VIA MILANO;0;
1890;VIA MILANO;1;
7850;STRADA DEI FORTI;0;
940;VIA DIETRO LE MURA A;1;
5750;VIA G. B. FATTORI;0;
2380;LOCALITA' PIAZZINA;0;
3809;VIA ERNESTO SESTAN;1;
8126;VIA DELLA GIARA;0;
7268;VIA DELLA VILLA PAROLARI;0;
7340;LOCALITA' PASSO CIMIRLO;0;
380;II ANDRONA BORGONUOVO;1;
6075;PIAZZA DEI CANOPI;0;
6320;VIA DEI POZATI;0;
3100;VIA G. SEGANTINI;0;
8212;VIA DON LUCA DEFLORIAN;1;
5500;PIAZZA DELLA LIBERTA';0;
8480;VIA AL CANON;0;
3390;LOCALITA' LA VELA;0;
6428;VIA PER VILLAMONTAGNA;0;
8760;VIA FILARI LONGHI;0;
190;VIA ASILO PEDROTTI;0;
8940;VIA DI SANTA BRIGIDA;0;
4066;TRIDENTE;0;
2330;VIA F.LLI PERINI;0;
5595;VIA DI MELTA;0;
4051;PONTE SAN LORENZO;0;
5777;VIA KUFSTEIN;0;
5777;VIA KUFSTEIN;0;
0;;0;
8069;STRADA DI VIGOLO BASELGA;0;SS 45 bis Gardesana Occ
3230;VICOLO DEL TEATRO;0;
0;;1;
3811;TANGENZIALE SUD;0;
2430;VIA DI PIETRASTRETTA;0;
6491;VIA AL MASO PEZANI;0;
7765;VIA U. CROZZOLI;0;
1400;VIA DON GIUSEPPE GRAZIOLI;0;
7263;VIA DEL NESPOLAR;0;
7500;VIA DELLA SELVA;0;
1380;VIA GORIZIA;0;
8491;STRADA ALLE GORGHE;0;
2920;VIA SAN VIGILIO;0;
7350;VIA SALE';0;
7350;VIA SALE';0;
2290;VIA BEATO LODOVICO PAVONI;0;
7430;VIA VILLA MARIA;0;
1600;VIA CARD. C. MADRUZZO;0;
1600;VIA CARD. C. MADRUZZO;0;
3535;VIA V. ZAMBRA;1;
3829;VIA TULLIO ODORIZZI;0;
5500;PIAZZA DELLA LIBERTA';0;
7865;STRADA DELLE NOVALINE;0;
1170;VIA FELICE E G. FONTANA;0;
5010;VIA AEROPORTO;0;
1710;VIA MANTOVA;1;
4065;SAN PIO X;0;
0;;1;Autostrada A22
3807;TANGENZIALE OVEST;1;SS 12 svincoli
7425;VIA GABBIOLO;0;
6020;VIA BELLAVISTA;0;
2880;VIA SAN PIO X;0;
8111;VIA DELL'ANDRONA;0;
6495;VIA DI ZELL;0;
2070;VIA G. OBERZINER;1;
740;VIA DELLA CERVARA;0;
8526;VICOLO DELLA FILANDA;0;
8472;PIAZZA DELL'ASSUNTA;1;
8472;PIAZZA DELL'ASSUNTA;0;
3505;VIA DELLA SPALLIERA;0;
8516;STRADA AL CIROCOL;0;
3503;VIA MESIANO;0;SP 204 Villazzano-Ponte Ludovico
7305;VIA ALLA CASCATA;0;
8626;VIA DEL RONCO D'ANDREA;0;
7405;VIA MADONNA DELLA CORONA;0;
6483;VIA DEI BERGAMINI;0;
2030;PIAZZA LUIGI NEGRELLI;0;
1130;PIAZZA DI FIERA;1;
1930;VIA MONTE BALDO;0;
3290;VIA TORRE D'AUGUSTO;0;
3829;VIA TULLIO ODORIZZI;0;
100;CORSO DEGLI ALPINI;1;
2680;VIALE ROVERETO;1;
1390;VIA A. GRAMSCI;0;
1460;VIA G. B. LAMPI;1;
300;VIA BEZZECCA;1;
7465;VIA V. MARCHESONI;0;
7345;VIA SABBIONI;0;
6170;VIA DEL FORTE;0;
3510;VIA VITTORIO VENETO;1;
2820;VIA SAN MARTINO;0;
2180;VIA P. OSS MAZZURANA;1;
1890;VIA MILANO;0;
1350;VIA G. GIUSTI;1;
2120;VIA ORIOLA;1;
7050;LOCALITA' CERNIDOR;0;
7090;VIA U. GIORDANO;0;
7050;LOCALITA' CERNIDOR;0;
1400;VIA DON GIUSEPPE GRAZIOLI;0;
8608;VIA ALLA CESA VECIA;0;
840;VIA DEL COMMERCIO;1;
5520;VIA MARCO POLA;1;
2020;VIA DEI MUREDEI;0;
1560;VIA G. E T. LORENZONI;1;
3504;VIA MURALTA;0;
3824;VIA DI SAN VINCENZO;0;
6001;VIA DON ALFONSO ANSELMI;0;
6240;VIA DEI MASETTI;0;
7415;VIA ALLA VAL;0;
7370;VIA EREMO;0;
7370;VIA EREMO;0;
1770;LUNGADIGE MARCO APULEIO;0;
7010;VIA ASIAGO;1;
3850;STRADA DELL'INTERPORTO;1;
8319;STRADA DI OMALGA;0;
8700;COSTA;0;
4061;PARCO DI GOCCIADORO;0;
4063;FINESTRA SULL'ADIGE;0;
0;;1;
5909;MILLENNIUM;0;
6904;MARNIGHE;0;
7090;VIA U. GIORDANO;0;
5460;VIA INNSBRUCK;0;
7430;VIA VILLA MARIA;0;
5776;VIA CESARE BECCARIA;0;
1370;VIA GOCCIADORO;0;
8970;VIA DEI RIMONI;0;
8049;STRADA PER LE TRE CIME;0;SP 85 dir Sopramonte
2530;VIA DELLA PREPOSITURA;0;
8260;PIAZZA SAN LEONARDO;0;
8820;VIA PROVINA;0;
8970;VIA DEI RIMONI;0;
5630;VIA DELL'ORA DEL GARDA;0;
8414;VIA DEL PORFIDO;0;SP 76 Gardolo-Lases
7340;LOCALITA' PASSO CIMIRLO;0;
5102;VIA ALTO ADIGE;0;
6491;VIA AL MASO PEZANI;0;
4016;GIARDINO GIUSEPPE GARBARI;0;
310;VIA E. BEZZI;0;
3353;CENTRO DIR. TRENTO SUD;1;
8770;VIA MARGONE;0;
6300;VIA ALLA PELEGRINA;0;
8414;VIA DEL PORFIDO;1;SP 76 Gardolo-Lases
7370;VIA EREMO;0;
7795;VIA G. CATONI;0;
8422;SPONDA TRENTINA;0;
5420;VIA G. CAPRONI;0;
6040;VIA DEL BIANCOSPINO;0;
7510;VIA DEI VALONI;0;
7261;VIA DELLA GROTTA;0;
5720;VIA PASSIRIO;0;
2540;VIA RAGAZZI DEL '99;0;
3811;TANGENZIALE SUD;1;SS 12 svincoli
1770;LUNGADIGE MARCO APULEIO;0;
8840;VIA SANTA MARINA;0;
8416;VIA CASTEL DI GARDOLO;0;
2870;VICOLO SAN PIETRO;0;
7145;STRADA DELLA POZZATA;1;
8760;VIA FILARI LONGHI;0;
6468;VIA PER COGNOLA;0;
530;VIA CALEPINA;1;
3827;VIA DEI MARINAI D'ITALIA;0;
6424;VIA DEI RAFAEI;0;
2250;VIA DEI PARADISI;1;
7180;STRADA DELLE TABARELLE;0;
2080;VIALE DEGLI OLMI;0;
8911;VIA DEI POMARI;0;SP 90 Destra Adige
7145;STRADA DELLA POZZATA;0;
3509;VIA DELLE BETTINE;0;
7115;VIA DELLA ZIVERANA;0;
8911;VIA DEI POMARI;0;SP 90 Destra Adige
20;VIA A. ABONDI;0;
4002;GIARDINO DI SAN MARCO;0;
3807;TANGENZIALE OVEST;1;
8492;VIA ALLE OSELERE;0;
2080;VIALE DEGLI OLMI;0;
3250;VIALE DEI TIGLI;0;
7210;VIA TORRICELLE;0;
800;VIA CARD. BERNARDO CLESIO;0;
440;VIA DI BRIAMASCO;0;
3824;VIA DI SAN VINCENZO;0;
8236;STRADA DI MUR;0;
700;PIAZZA DI CENTA;1;
3280;VIA TONALE;1;
0;;1;
8510;VIA DEL PRA DE L'AGNELA;0;
7070;VIA N. FALZOLGHER;0;
7730;VIA G. POLI;0;
7250;VIA VILLA BELFONTE;0;
8052;VIA DELLA VAL DEI MOLINI;0;
1550;PIAZZA LODRON;0;
6370;VIA DON LEONE SERAFINI;0;
6400;VIA ALLA VEDUTA;0;
1520;LUNGADIGE G. LEOPARDI;1;
2270;PIAZZA M. PASI;0;
30;VIA J. ACONCIO;1;
8414;VIA DEL PORFIDO;0;SP 76 Gardolo-Lases
400;VIA DEL BRENNERO;1;
700;PIAZZA DI CENTA;1;
8067;VIA DEL PRA DE LA FAVA;0;
8985;VIA DI MALEBIS;0;
6468;VIA PER COGNOLA;0;
6390;STRADA DELLA VALSUGANA;1;
7510;VIA DEI VALONI;0;
8619;VIA DELLA LONGA;0;
1800;VIA MARSALA;0;
7935;PIAZZA QUINTILIO PERINI;0;
3905;VIA EDDA ALBERTINI;1;
3700;PASSAGGIO B. DISERTORI;0;
3030;PIAZZA RAFFAELLO SANZIO;0;
8486;VIA DEI FRAGARI;0;
7990;VIA POMERANOS;0;
3220;VIA T. TARAMELLI;0;
8820;VIA PROVINA;0;
1110;VIA FRANCESCO FERRUCCIO;1;
8526;VICOLO DELLA FILANDA;0;
830;VIA DELLA COLLINA;0;
5630;VIA DELL'ORA DEL GARDA;0;
140;VIA ANTONIO DA TRENTO;1;
6469;VIA DEL CORALLO;0;
2430;VIA DI PIETRASTRETTA;0;
8119;VIA DEL CAPITELLO;0;
480;CORSO M. BUONARROTI;0;
140;VIA ANTONIO DA TRENTO;1;
8068;STRADA PER SOPRAMONTE;0;SP 85 dir Sopramonte
8486;VIA DEI FRAGARI;0;
5300;LOCALITA' RONCAFORT;1;
1220;VIA T. GAR;0;
7305;VIA ALLA CASCATA;0;
8912;VIA DELLE ISCHIE;0;
3502;VIA DEI GIARDINI;0;
8116;STRADA DI CADINE;0;SS 45 bis Gardesana Occ
1170;VIA FELICE E G. FONTANA;0;
1040;PIAZZA DUOMO;0;
7130;LOCALITA' NEGRANO;0;
7160;VIA D. SARTORI;0;
7160;VIA D. SARTORI;0;
8018;VIA AL MASO BANAL;0;
1500;PIAZZA LEONARDO DA VINCI;1;
3400;PIAZZA VENEZIA;0;
7712;STRADA DELLA LAVANDARA;0;
8311;VIA AL BERSALIO;0;
8537;SALITA G. PERUGINI;0;
7090;VIA U. GIORDANO;0;
8116;STRADA DI CADINE;0;SS 45 bis Gardesana Occ
7770;VIA DELLA DECIMA;0;
5620;VIA DON F. TORRESANI;0;
8129;VIA DEL MOLIN;0;
3440;VIA G. VERDI;1;
1120;VIA FERSINA;0;
8415;VIA CASTEL DI CORTESANO;0;
1570;VIA E. MACCANI;1;
6200;VIA B. KOFLER;0;
8114;STRADA DEL BUS DE VELA;0;SS 45 bis Gardesana Occ
8067;VIA DEL PRA DE LA FAVA;0;
1470;VIA DELLE LASTE;0;
7010;VIA ASIAGO;0;
6150;VIA DOS CASTION;0;
6070;VIA ALLE CAMPANELLE;0;
0;;1;
1080;VIA C. ESTERLE;0;
5080;VIA L. CANEPPELE;0;
1140;VIA F. FILZI;0;
5907;PONTE AVISIO;0;
0;;1;
7713;VIA DI VALSORDA;0;
8804;RACCORDO AL CASELLO SUD;0;
8800;VIA DEL PONTE;0;
30;VIA J. ACONCIO;0;
6240;VIA DEI MASETTI;0;
8514;VIA DELLE CANOPE;0;
8313;VIA DEL CESURON;0;
5070;VIA BOLZANO;0;
5010;VIA AEROPORTO;0;
8240;VIA NUOVA;1;
7110;VIA MARZOLA;0;
2600;VIALE DELLE ROBINIE;0;
6050;VIA AI BOLLERI;0;
7090;VIA U. GIORDANO;0;
7355;VIA DEI RIVI;0;
7240;VIA DELLA VILLA;0;
8955;VIA DELLE PIAZZOLE;0;
8770;VIA MARGONE;0;
8805;VIA HERRSCHING;0;
3410;VIA VENEZIA;0;
7984;VIA DELLE REGOLE;0;
7010;VIA ASIAGO;1;
1355;VIA H. GMEINER;0;
7355;VIA DEI RIVI;0;
340;VIALE N. BOLOGNINI;0;
7210;VIA TORRICELLE;0;
3480;VIA VICENZA;0;
6220;VIA DELLE MARNIGHE;0;
3830;STR. GARDESANA DI TRENTO;1;SS 45 bis Gardesana Occ
520;VIA CAIO VALERIO MARIANO;0;
350;VIA B. BOMPORTO;0;
6468;VIA PER COGNOLA;0;
8213;STRADA DI SO' CA;0;
8122;VIA DI COLTURA;0;
3811;TANGENZIALE SUD;1;SS 12 svincoli
1470;VIA DELLE LASTE;0;
900;VIA A. DEGASPERI;1;
8476;VIA DEI PALUSTEI;0;
2810;VICOLO SAN MARCO;1;
5470;VIA 2 GIUGNO;1;
6050;VIA AI BOLLERI;0;SP 131 del Vino 2 tronco
1470;VIA DELLE LASTE;0;
3831;VIA G. FERRANDI;0;
7315;VIA MADONNINA;0;
770;VIA E. CHINI;0;
6100;VIA DEI CASTORI;0;
6491;VIA AL MASO PEZANI;0;
7860;VIA F. MENESTRINA;0;
6050;VIA AI BOLLERI;0;
6402;VIA PER CHIOGNA;0;
1870;VIA C. MENGUZZATO;0;
3340;VIA DEL TRAVAI;0;
2880;VIA SAN PIO X;0;
1760;VIA A. MARIGHETTO;0;
7315;VIA MADONNINA;0;
7780;VIA DELLA STAZIONE;0;
5750;VIA G. B. FATTORI;0;
3502;VIA DEI GIARDINI;1;
2300;VIA G. PECORI GIRALDI;0;
5460;VIA INNSBRUCK;0;
990;PASSAGGIO S. DORIGONI;0;
7070;VIA N. FALZOLGHER;0;
7070;VIA N. FALZOLGHER;0;
5370;VIA B. TODESCA;0;
8133;VIA DI SAN MICHELE;0;
110;VIA ALTIPIANI;1;
580;VICOLO DEL CAPITOLO;0;
1610;VICOLO CARD. C. MADRUZZO;0;
1200;VIA G. GALILEI;1;
6110;VIA CESARINI;0;
6070;VIA ALLE CAMPANELLE;0;
7390;VIA PANTE';1;
7210;VIA TORRICELLE;0;
8119;VIA DEL CAPITELLO;0;
2120;VIA ORIOLA;1;
1630;VIA B. MALFATTI;1;
1700;VIA G. MANCI;1;
2040;VIA NICOLO' D'ARCO;1;
7355;VIA DEI RIVI;0;
8042;PIAZZA DEL SACRO CUORE;0;
1170;VIA FELICE E G. FONTANA;0;
2060;VICOLO AL NUOTO;1;
0;;1;
6455;VIA ALLA LOVARA;0;
7430;VIA VILLA MARIA;0;
6200;VIA B. KOFLER;0;
8702;PONTE DI RAVINA;0;
1760;VIA A. MARIGHETTO;0;
2500;LARGO E. PRATI;1;
450;VIA BRIGATA ACQUI;1;
1200;VIA G. GALILEI;1;
7984;VIA DELLE REGOLE;0;
7990;VIA POMERANOS;0;
7990;VIA POMERANOS;0;
7815;VIA NAZIONALE;0;
6422;VIA DEI PRADESTEI;0;
6310;VIA PONTE ALTO;0;
7180;STRADA DELLE TABARELLE;0;
8031;PIAZZALE DELLA PESA;0;
7780;VIA DELLA STAZIONE;0;
3610;VIA MAESTRI DEL LAVORO;0;
7901;GIARDINO DI MATTARELLO;0;
2900;VIA R. DA SANSEVERINO;1;
2900;VIA R. DA SANSEVERINO;0;
200;VIA A. AVANCINI;0;
8607;VIA AL CASTAGNETO;0;
8114;STRADA DEL BUS DE VELA;1;SS 45 bis Gardesana Occ
3520;VICOLO DEL VO';0;
0;;1;
7266;SALITA AL SANTUARIO;0;
8650;STRADA DI CANDRIAI;0;SP 85 del Monte Bondone
7984;VIA DELLE REGOLE;0;
5560;VIA DEL PIOPPETO;0;
3050;LARGO N. SAURO;1;
5660;VIA DI SPINI;0;
7140;P.ZZA MONS. G.P. NICOLINI;0;
6425;VIA DI SAN FABIANO;0;
6414;VIA PER CAMPEL;0;
7190;VIA A. TAMBOSI;0;
8216;VIA 12 SETTEMBRE;0;
8235;VIA MOSNA DI VIGOLO;0;
8068;STRADA PER SOPRAMONTE;0;SP 85 dir Sopramonte
470;VIA G. BUCCELLA;1;
3807;TANGENZIALE OVEST;1;
2310;VIA G. PEDROTTI;0;
2070;VIA G. OBERZINER;0;
2540;VIA RAGAZZI DEL '99;1;SS 12 svincoli
5595;VIA DI MELTA;0;
1030;P.TTA DUE SETTEMBRE 1943;0;
8505;STRADA DEI MOLINARI;0;
0;;1;SP 204 Villazzano-Ponte Ludovico
7480;VIA PINARA;0;
7370;VIA EREMO;0;
2100;VIA DEGLI ORBI;0;
5760;VIA F. ORADINI;0;
7755;VIA DEL CASTEL;0;
7785;VIA DEL RIO STOLZANO;0;
7815;VIA NAZIONALE;0;
6330;VIA DI PRADISCOLA;0;
2060;VICOLO AL NUOTO;1;
2060;VICOLO AL NUOTO;1;
3340;VIA DEL TRAVAI;1;
310;VIA E. BEZZI;1;
2330;VIA F.LLI PERINI;1;
2030;PIAZZA LUIGI NEGRELLI;0;
0;;1;
6460;VIA DEL MONT DE SORA;0;
2670;VIA A. ROSMINI;0;
840;VIA DEL COMMERCIO;0;
840;VIA DEL COMMERCIO;1;
5500;PIAZZA DELLA LIBERTA';0;
840;VIA DEL COMMERCIO;1;
3503;VIA MESIANO;0;SP 204 Villazzano-Ponte Ludovico
8134;STRADA DI SORAVAL;0;
7850;STRADA DEI FORTI;0;
1470;VIA DELLE LASTE;0;
8026;VIA DEI NOVAI;0;
5090;VIA DELLA CANOVA;0;
3310;VIA TORRE VERDE;1;
3901;VIA G. MATTEOTTI;1;
840;VIA DEL COMMERCIO;0;
2330;VIA F.LLI PERINI;1;
3503;VIA MESIANO;0;SP 204 Villazzano-Ponte Ludovico
8018;VIA AL MASO BANAL;0;
2720;PASSAGGIO SAN BENEDETTO;0;
240;VIA R. BELENZANI;0;
1380;VIA GORIZIA;1;
810;VIA COL DI LANA;1;
7415;VIA ALLA VAL;0;
7475;PIAZZA OLTRECASTELLO;0;
6902;CORALLO;0;
6903;MASO BOLLERI;0;
7602;CELVA;0;
3050;LARGO N. SAURO;0;
5102;VIA ALTO ADIGE;0;
7460;VIA DON TOMMASO DALLAFIOR;0;
6080;VIA DEL CAPITEL;0;
5510;P.TTA PROFUGHI IN MORAVIA;0;
3300;VIA TORRE VANGA;1;
8970;VIA DEI RIMONI;0;
3807;TANGENZIALE OVEST;1;SS 12 svincoli
7712;STRADA DELLA LAVANDARA;0;
6469;VIA DEL CORALLO;0;
6466;VIA DEI BOLNER;0;
900;VIA A. DEGASPERI;0;
230;PIAZZA C. BATTISTI;0;
1730;VIA A. MANZONI;0;
6105;VIA DELL'ALBERA;0;
340;VIALE N. BOLOGNINI;0;
7335;VIA BORINO;0;
5755;VIA F. A. GIONGO;0;
3050;LARGO N. SAURO;1;
3832;VIA V. DE RICCABONA;1;
230;PIAZZA C. BATTISTI;0;
2170;VIA ORTIGARA;0;
8960;VIA ALLE SETTE FONTANE;0;
6360;VIA SAN VITO;0;
2830;VICOLO SAN MARTINO;0;
7990;VIA POMERANOS;0;
8314;STRADA DOS DE LE GIARE;0;
3824;VIA DI SAN VINCENZO;0;
1080;VIA C. ESTERLE;0;
3700;PASSAGGIO B. DISERTORI;0;
2690;VIA DELLA SALUGA;0;
6460;VIA DEL MONT DE SORA;0;
7350;VIA SALE';0;
3510;VIA VITTORIO VENETO;1;
3807;TANGENZIALE OVEST;1;SS 12 svincoli
8114;STRADA DEL BUS DE VELA;1;SS 45 bis Gardesana Occ
5290;VIA 4 NOVEMBRE;0;
5290;VIA 4 NOVEMBRE;0;
7485;VIA DELLA RESISTENZA;0;
8780;VIA DELLE MASERE;0;
8840;VIA SANTA MARINA;0;
3420;VIA 24 MAGGIO;1;
7870;SALITA AI DOSSI;0;
2660;VIA O. ROVERETI;1;
1300;VIA G. GEROLA;1;
1810;VIA C. MARTINI;1;
5020;VIA C. ANDREATTA;0;
2360;VIA F. PETRARCA;1;
1260;PIAZZA G.B. GARZETTI;0;
4002;GIARDINO DI SAN MARCO;0;
2220;VIA G. PANCHERI;0;
3501;VIA CENTOCHIAVI;0;
8911;VIA DEI POMARI;0;SP 90 Destra Adige
7115;VIA DELLA ZIVERANA;0;
50;PIAZZA ADAMO D'AROGNO;0;
7990;VIA POMERANOS;0;
8116;STRADA DI CADINE;0;SS 45 bis Gardesana Occ
8323;VIA DEI CASAI;0;
8131;VIA DELLA POSTA;0;
8260;PIAZZA SAN LEONARDO;0;
8803;VIA STELLA;0;SP 90 Destra Adige
8911;VIA DEI POMARI;0;SP 90 Destra Adige
2600;VIALE DELLE ROBINIE;0;
2280;VIA PASUBIO;0;
3806;VIA GIOVANNI OSSANNA;0;
7682;MORONAR;0;
4048;PONTE BEATO MARIO BORZAGA;0;
8015;CIMA PALON - VASON;0;
8049;STRADA PER LE TRE CIME;0;SP 85 dir Sopramonte
8830;RIONE SAN MARCO;0;
1640;VIA MALPAGA;1;
2820;VIA SAN MARTINO;0;
7145;STRADA DELLA POZZATA;0;
5755;VIA F. A. GIONGO;0;
8800;VIA DEL PONTE;0;
3504;VIA MURALTA;0;
7060;VIA DEI COLLI;0;
5675;VIA BREGENZ;0;
7262;VIA DEL BOMPORT;0;
5795;VIA TALVERA;0;
3811;TANGENZIALE SUD;1;SS 12 svincoli
3830;STR. GARDESANA DI TRENTO;0;SS 45 bis Gardesana Occ
6170;VIA DEL FORTE;0;
6370;VIA DON LEONE SERAFINI;0;
6003;VIA BASSANO;0;SS 47 della Valsugana
7050;LOCALITA' CERNIDOR;0;
7285;VIA G. ROBERTI;0;
8481;VICOLO DEI PORTONI;0;
7315;VIA MADONNINA;0;
7070;VIA N. FALZOLGHER;0;
8960;VIA ALLE SETTE FONTANE;0;
6220;VIA DELLE MARNIGHE;0;
2210;VIA G. P. DA PALESTRINA;1;
7265;VIA DEI GIUDITI;1;
6300;VIA ALLA PELEGRINA;0;
8016;VIA DEL LAON;0;
0;;1;SP 204 Villazzano-Ponte Ludovico
8212;VIA DON LUCA DEFLORIAN;1;
3807;TANGENZIALE OVEST;1;SS 12 svincoli
7815;VIA NAZIONALE;0;
5745;VIA MATTIA CARNERI;0;
5595;VIA DI MELTA;0;
5745;VIA MATTIA CARNERI;0;
7350;VIA SALE';0;
7284;P.GGIO DON MICHELE ZULIAN;0;
8471;VIA VECCHIE PONTARE;0;
8465;PASSEGGIATA F. PERGHEM;0;
100;CORSO DEGLI ALPINI;1;
3150;VIA DEI SOLTERI;0;
1110;VIA FRANCESCO FERRUCCIO;1;
7465;VIA V. MARCHESONI;0;
7305;VIA ALLA CASCATA;0;
3710;PIAZZA S. TERESA VERZERI;0;
7190;VIA A. TAMBOSI;0;
8417;VIA DEL MASO BIANCO;0;
8960;VIA ALLE SETTE FONTANE;0;
5635;VIA ALLE ROSTE;0;
900;VIA A. DEGASPERI;0;
8313;VIA DEL CESURON;0;
6456;VIA DEL MONT DE SOTO;0;
8965;PIAZZA C. CONDINI;0;
1010;VIA DOS TRENTO;0;
2680;VIALE ROVERETO;1;
1380;VIA GORIZIA;1;
860;VIA CONI ZUGNA;1;
8478;VIA DI CAMPARTA BASSA;0;
7603;POVO;0;
6110;VIA CESARINI;0;
3501;VIA CENTOCHIAVI;0;
560;VIA G. CANESTRINI;0;
3510;VIA VITTORIO VENETO;0;
6290;VIA DEGLI OLIVI;0;
3460;VIA VERRUCA;1;
4027;CRISTO RE;0;
8018;VIA AL MASO BANAL;0;
5660;VIA DI SPINI;0;
1060;VIA MONS. C. ENDRICI;0;
7712;STRADA DELLA LAVANDARA;0;
3836;VIA ZITA LORENZI;0;
3817;VIA DI MADONNA BIANCA;0;
8935;VIA ALLE PORTE;0;
2700;VIA SAN BARTOLAMEO;0;
7240;VIA DELLA VILLA;0;
8052;VIA DELLA VAL DEI MOLINI;0;
770;VIA E. CHINI;0;
7230;VIA VALNIGRA;0;
2230;VIA PAPIRIA;1;
7545;VIA DEL SENTER;0;
8935;VIA ALLE PORTE;0;
3690;PIAZZA E. MOSNA;0;
3340;VIA DEL TRAVAI;1;
1060;VIA MONS. C. ENDRICI;1;
3525;VIA A. VOLTA;0;
5040;VIA BASSA;0;
5740;VIA L. BONAZZA;0;
8051;VIA DEI TURCATI;0;
5380;VIA TOSETTI;0;
5240;VIA MONTE CALISIO;0;
2500;LARGO E. PRATI;1;
740;VIA DELLA CERVARA;0;
7545;VIA DEL SENTER;0;
8422;SPONDA TRENTINA;0;
6429;VIA P. ALBERTO GIANORDOLI;0;
1700;VIA G. MANCI;1;
3340;VIA DEL TRAVAI;1;
1710;VIA MANTOVA;1;
4042;PONTE ADIGE;0;
8070;STRADA DEL DOS GARIOL;0;
3805;VIA GIANCARLO MARONI;0;
7711;BRUSAFER;0;
7460;VIA DON TOMMASO DALLAFIOR;0;
2760;VIA SAN GIORGIO;0;
6120;VIA ALLE COSTE;0;
7340;LOCALITA' PASSO CIMIRLO;0;
3450;VIALE VERONA;0;
3100;VIA G. SEGANTINI;1;
2640;VIA ROMA;1;
2640;VIA ROMA;1;
1070;PIAZZA DELLE ERBE;1;
8654;VIA DEI DAINI - VANEZE;0;
2260;VIA G. PASCOLI;1;
2620;VIA DELLA ROGGIA GRANDE;1;
2970;VIA S. MARIA MADDALENA;1;
6090;VIA CASTEL DEI MERLI;0;
6050;VIA AI BOLLERI;0;
6320;VIA DEI POZATI;0;
7475;PIAZZA OLTRECASTELLO;0;
5655;VIA DI LAMAR;0;
3811;TANGENZIALE SUD;0;SS 12 dell'Abetone e del Brennero
8018;VIA AL MASO BANAL;0;
2900;VIA R. DA SANSEVERINO;0;
7190;VIA A. TAMBOSI;0;SP 204 Villazzano-Ponte Ludovico
3510;VIA VITTORIO VENETO;1;
8604;VIA ALLA CA;0;
8613;VIA DELLA CROSARA;0;
7030;STRADA DEI BINDESI;0;
8945;VIA AI COMUNI;0;
8235;VIA MOSNA DI VIGOLO;0;
3824;VIA DI SAN VINCENZO;0;
8041;VIA DELLA RI;0;
7845;LOCALITA LASTE MATTARELLO;0;
3720;VIA DELLA MALPENSADA;0;
8119;VIA DEL CAPITELLO;0;
6340;VIA SABBIONARE;0;
7200;VIA DEI TESSADRI;0;
7460;VIA DON TOMMASO DALLAFIOR;0;SP 204 Villazzano-Ponte Ludovico
7115;VIA DELLA ZIVERANA;0;
7261;VIA DELLA GROTTA;0;
7718;STRADA FRICCA-VALSORDA;0;SS 349 della Val d'Assa e Pedemontana
8650;STRADA DI CANDRIAI;0;
5755;VIA F. A. GIONGO;0;
5290;VIA 4 NOVEMBRE;0;
5715;VIA GRAZ;0;
5740;VIA L. BONAZZA;0;
7267;VIA DELLE NODE;0;
7115;VIA DELLA ZIVERANA;0;
6495;VIA DI ZELL;0;
460;VIA F.LLI BRONZETTI;0;
8127;STRADA AL LAGO;1;
4008;GIARDINO MARTINO MARTINI;0;
4010;GIARDINO MATTIA GIOSAFAT;0;
5610;VIA DON LORENZO MILANI;0;
5290;VIA 4 NOVEMBRE;0;
0;;1;SP 204 Villazzano-Ponte Ludovico
8820;VIA PROVINA;0;
3550;VIA ZARA;0;
7460;VIA DON TOMMASO DALLAFIOR;0;
2970;VIA S. MARIA MADDALENA;0;
390;VIA G. BORSIERI;1;
770;VIA E. CHINI;0;
8830;RIONE SAN MARCO;0;
5610;VIA DON LORENZO MILANI;0;
6482;VIA EDUINO FELLIN;0;
7155;VIA PIANIZZA;0;
1340;VIA B. GIOVANELLI;1;
8519;VIA DI PRALUNGO;0;
3780;VIA A. DETASSIS;0;
6440;VIA AL MASO SPECCHIO;0;
8830;RIONE SAN MARCO;0;
8960;VIA ALLE SETTE FONTANE;0;
6459;STRADA DI VAL CALDA;0;
7263;VIA DEL NESPOLAR;0;
7475;PIAZZA OLTRECASTELLO;0;
5290;VIA 4 NOVEMBRE;0;
7010;VIA ASIAGO;1;
845;VIA E. CONCI;0;
7010;VIA ASIAGO;0;
2700;VIA SAN BARTOLAMEO;0;
6428;VIA PER VILLAMONTAGNA;0;
5102;VIA ALTO ADIGE;0;
8476;VIA DEI PALUSTEI;0;
8476;VIA DEI PALUSTEI;0;
8476;VIA DEI PALUSTEI;0;
980;VIA C. DORDI;1;
3824;VIA DI SAN VINCENZO;0;
3811;TANGENZIALE SUD;1;SS 12 svincoli
1070;PIAZZA DELLE ERBE;0;
8461;VIA DON EMILIO PERUGINI;0;
7380;PIAZZA G. MANCI;0;
0;;1;
770;VIA E. CHINI;0;
7230;VIA VALNIGRA;0;
770;VIA E. CHINI;0;
7240;VIA DELLA VILLA;0;
7815;VIA NAZIONALE;0;
5790;VIA NOCE;0;
5790;VIA NOCE;0;
7160;VIA D. SARTORI;0;
7200;VIA DEI TESSADRI;0;
7180;STRADA DELLE TABARELLE;0;
7145;STRADA DELLA POZZATA;0;
2670;VIA A. ROSMINI;0;
3901;VIA G. MATTEOTTI;1;
8911;VIA DEI POMARI;1;SP 90 Destra Adige
1380;VIA GORIZIA;0;
8134;STRADA DI SORAVAL;0;
120;VIA F. AMBROSI;1;
2880;VIA SAN PIO X;0;
1460;VIA G. B. LAMPI;0;
6390;STRADA DELLA VALSUGANA;1;
6090;VIA CASTEL DEI MERLI;0;
8657;STRADA DEL PRA DEL BOTER;0;SP 85 dir Sopramonte
8624;VIA LUIGI RATINI;0;
7990;VIA POMERANOS;0;
1200;VIA G. GALILEI;1;
6100;VIA DEI CASTORI;0;
7315;VIA MADONNINA;0;
8501;STRADA DELLA CA COMUNA;0;
4072;GIARDINO MASSIMILIANO I;0;
7080;VIA GALASSA;0;
650;VIA AL CASTELLER;0;
700;PIAZZA DI CENTA;1;
7210;VIA TORRICELLE;0;
3550;VIA ZARA;0;
940;VIA DIETRO LE MURA A;1;
3860;VIA EDMUND MACH;0;
330;VIA BOLGHERA;1;
2900;VIA R. DA SANSEVERINO;1;
8527;VIA DELLA CAVADA;0;
6493;VIA AL MASO CARESIA;0;
8413;VIA PER CORTESANO;0;
6360;VIA SAN VITO;0;
3250;VIALE DEI TIGLI;0;
5630;VIA DELL'ORA DEL GARDA;0;
7305;VIA ALLA CASCATA;1;
2080;VIALE DEGLI OLMI;0;
2880;VIA SAN PIO X;0;
5370;VIA B. TODESCA;0;
3817;VIA DI MADONNA BIANCA;1;
3310;VIA TORRE VERDE;1;
2540;VIA RAGAZZI DEL '99;1;SS 12 svincoli
8803;VIA STELLA;0;
7263;VIA DEL NESPOLAR;0;
6480;VIA DI NICODEMO;0;
7263;VIA DEL NESPOLAR;0;
5470;VIA 2 GIUGNO;0;
310;VIA E. BEZZI;0;
740;VIA DELLA CERVARA;0;
1120;VIA FERSINA;1;
0;;1;
10;VIA C. ABBA;0;
3817;VIA DI MADONNA BIANCA;0;
6419;VIA PER PILA;0;
290;VIA A. BETTINI;0;
7415;VIA ALLA VAL;0;
7315;VIA MADONNINA;0;
281;VIA BERLINO;1;
8803;VIA STELLA;0;SP 90 Destra Adige
2670;VIA A. ROSMINI;0;
8915;VIA DELLE PREDE;0;
8915;VIA DELLE PREDE;0;
7150;VIA SAN ROCCO;0;
8041;VIA DELLA RI;0;
5070;VIA BOLZANO;0;
7267;VIA DELLE NODE;0;
7415;VIA ALLA VAL;0;
1770;LUNGADIGE MARCO APULEIO;0;
1770;LUNGADIGE MARCO APULEIO;0;
5625;VIA SILVIO PEGORETTI;0;
7704;STRADA AI PALAZZI;0;
8760;VIA FILARI LONGHI;0;
1690;SALITA F. MANCI;0;
6414;VIA PER CAMPEL;0;
3833;VIA AL BOSCO DELLA CITTA';0;
2780;VIA SAN GIOVANNI BOSCO;0;
8654;VIA DEI DAINI - VANEZE;0;
5290;VIA 4 NOVEMBRE;1;SS 12 svincoli
7990;VIA POMERANOS;0;
8011;VIA DEL DOS CALT;0;
2190;VIA PADOVA;0;
3827;VIA DEI MARINAI D'ITALIA;1;SS 12 svincoli
5101;VIA SANT'ANNA;0;
7190;VIA A. TAMBOSI;0;SP 204 Villazzano-Ponte Ludovico
5500;PIAZZA DELLA LIBERTA';0;
7425;VIA GABBIOLO;0;
0;;1;
8123;VIA DEL DOS DI SANT'ELENA;0;
1870;VIA C. MENGUZZATO;1;
450;VIA BRIGATA ACQUI;1;
0;;1;
930;VIA A. DIAZ;1;
8413;VIA PER CORTESANO;0;
5580;VIA BRUNO CETTO;0;
8049;STRADA PER LE TRE CIME;0;SP 85 dir Sopramonte
5290;VIA 4 NOVEMBRE;0;
8527;VIA DELLA CAVADA;0;
6424;VIA DEI RAFAEI;0;
1400;VIA DON GIUSEPPE GRAZIOLI;0;
5310;VIA SAN GIOV. NEPOMUCENO;0;
1900;VIA DEI MILLE;0;
1120;VIA FERSINA;0;
6170;VIA DEL FORTE;0;
70;GALLERIA ADRIA;0;
1220;VIA T. GAR;0;
6402;VIA PER CHIOGNA;0;
7435;VIA ALLA CROS;0;
0;;1;
1340;VIA B. GIOVANELLI;0;
370;I ANDRONA BORGONUOVO;1;
7984;VIA DELLE REGOLE;0;
2800;VIA SAN MARCO;1;
1800;VIA MARSALA;0;
8840;VIA SANTA MARINA;0;
1900;VIA DEI MILLE;0;
8830;RIONE SAN MARCO;0;
0;;1;SP 90 Destra Adige
0;;1;SP 90 Destra Adige
430;VIA BRESCIA;0;
5755;VIA F. A. GIONGO;0;
5600;VIA GUIDO POLO;0;
7080;VIA GALASSA;0;
845;VIA E. CONCI;0;
7718;STRADA FRICCA-VALSORDA;0;SS 349 della Val d'Assa e Pedemontana
7510;VIA DEI VALONI;0;
8970;VIA DEI RIMONI;0;
7230;VIA VALNIGRA;0;SP 204 Villazzano-Ponte Ludovico
6310;VIA PONTE ALTO;0;
480;CORSO M. BUONARROTI;0;
6340;VIA SABBIONARE;0;
8112;STRADA PER I BACANDI;0;
8311;VIA AL BERSALIO;0;
3220;VIA T. TARAMELLI;0;
510;VIA CAGLIARI;0;
830;VIA DELLA COLLINA;0;
1710;VIA MANTOVA;1;
1890;VIA MILANO;0;
3390;LOCALITA' LA VELA;0;
7110;VIA MARZOLA;0;
8027;PIAZZA OVENO;0;
8657;STRADA DEL PRA DEL BOTER;0;SP 85 dir Sopramonte
1120;VIA FERSINA;0;
2690;VIA DELLA SALUGA;0;
3450;VIALE VERONA;1;
8240;VIA NUOVA;1;
1100;VIA DEI FERROVIERI;0;
2260;VIA G. PASCOLI;1;
7795;VIA G. CATONI;0;
40;VIA ADAMELLO;0;
8790;VIA DON M. MAZZONELLI;0;
5535;VIA LUBIANA;0;
740;VIA DELLA CERVARA;0;
8055;VIA DI VEGIARA;0;
2320;PIAZZA S. PELLICO;1;
8046;VIA DELLA SELVA DI VASON;0;
7080;VIA GALASSA;0;
8830;RIONE SAN MARCO;0;
900;VIA A. DEGASPERI;1;
6390;STRADA DELLA VALSUGANA;0;SP 204 Villazzano-Ponte Ludovico
8911;VIA DEI POMARI;1;SP 90 Destra Adige
3811;TANGENZIALE SUD;1;SS 12 svincoli
400;VIA DEL BRENNERO;1;
5640;VIA GASPARE CRIVELLI;0;
8628;LARGO DELLA SPIAZZOLA;0;
6488;VIA DI LANCIATESA;0;
7745;VIA VILLA VECCHIA;0;
3490;P.ZZA ALESSANDRO VITTORIA;1;
7800;VIA DELLE FRATTE;0;
7390;VIA PANTE';1;
8412;STRADA DEL DOS DI LAMAR;0;
8056;VIA DI VINCIA;1;
3470;PIAZZA VICENZA;1;
8043;VIA DEL SALES;0;
1710;VIA MANTOVA;1;
7155;VIA PIANIZZA;0;
8760;VIA FILARI LONGHI;0;
7045;VIA AL CASTEL DI S. ROCCO;0;
340;VIALE N. BOLOGNINI;1;
8127;STRADA AL LAGO;1;
8313;VIA DEL CESURON;0;
1800;VIA MARSALA;0;
1630;VIA B. MALFATTI;0;
8462;VIA DELLA GUERRA RUSTICA;0;
6220;VIA DELLE MARNIGHE;0;
6403;VIA GIULIO CIURLETTI;0;
5980;LOCALITA' GARDOLO;0;
3509;VIA DELLE BETTINE;0;
2370;VIA PIAVE;0;
330;VIA BOLGHERA;1;
280;VIA O. BENEVOLI;1;
170;VIA A. APOLLONIO;0;
6414;VIA PER CAMPEL;0;
3834;VIA PIA ZAMBOTTI;0;
8546;PIAZZA A. STAINER;0;
7750;VIA DELLA TORRE FRANCA;0;
5020;VIA C. ANDREATTA;0;
2390;PIAZZA DI PIEDICASTELLO;0;
8042;PIAZZA DEL SACRO CUORE;0;
1890;VIA MILANO;1;
8123;VIA DEL DOS DI SANT'ELENA;0;
0;;1;
6370;VIA DON LEONE SERAFINI;0;
0;;1;
6340;VIA SABBIONARE;0;
6340;VIA SABBIONARE;0;
3710;PIAZZA S. TERESA VERZERI;0;
8069;STRADA DI VIGOLO BASELGA;0;SS 45 bis Gardesana Occ
6455;VIA ALLA LOVARA;0;
3290;VIA TORRE D'AUGUSTO;0;
8485;VIA DELL'ACQUEDOTTO;0;
0;;1;SP 204 Villazzano-Ponte Ludovico
1960;VIA MONTELLO;1;
8830;RIONE SAN MARCO;0;
8985;VIA DI MALEBIS;0;
920;VIA AL DESERT;0;
3840;PASSAGGIO L. CARBONARI;0;
7455;VIA CELVA;0;
3780;VIA A. DETASSIS;0;
1220;VIA T. GAR;0;
2770;VIA SAN GIOVANNI;1;
5780;VIA VARSAVIA;0;
3819;VICOLO MAESTRO VENCESLAO;0;
7190;VIA A. TAMBOSI;0;SP 204 Villazzano-Ponte Ludovico
970;VIA DOGANA;1;
2520;VIA G. A PRATO;1;
2320;PIAZZA S. PELLICO;0;
3020;VIA SANTI COSMA E DAMIANO;0;
330;VIA BOLGHERA;1;
8011;VIA DEL DOS CALT;0;
6170;VIA DEL FORTE;0;
8472;PIAZZA DELL'ASSUNTA;0;
1570;VIA E. MACCANI;0;
6170;VIA DEL FORTE;0;
3610;VIA MAESTRI DEL LAVORO;0;
3610;VIA MAESTRI DEL LAVORO;0;
8069;STRADA DI VIGOLO BASELGA;0;SS 45 bis Gardesana Occ
3600;GALLERIA GIUSEPPE GARBARI;0;
8800;VIA DEL PONTE;0;SP 90 Destra Adige
6020;VIA BELLAVISTA;0;
8509;VIA AL MOLAR;0;
8486;VIA DEI FRAGARI;0;
3720;VIA DELLA MALPENSADA;1;
7145;STRADA DELLA POZZATA;0;
7145;STRADA DELLA POZZATA;0;
5370;VIA B. TODESCA;0;
3640;VIA DELLA PREDARA;0;
7460;VIA DON TOMMASO DALLAFIOR;0;
8915;VIA DELLE PREDE;0;
1050;VIA L. EINAUDI;0;
1110;VIA FRANCESCO FERRUCCIO;0;
3830;STR. GARDESANA DI TRENTO;1;SS 45 bis Gardesana Occ
3845;VIA SAN LORENZO;0;
8412;STRADA DEL DOS DI LAMAR;0;
1540;VIA DRUSO;0;
7220;VIA VALDACOLE;0;
1990;PIAZZA DELLA MOSTRA;0;
7220;VIA VALDACOLE;0;
430;VIA BRESCIA;0;
7990;VIA POMERANOS;0;
7070;VIA N. FALZOLGHER;0;
7110;VIA MARZOLA;0;
1660;VIA DELLA MALVASIA;1;
3670;PASSAGGIO TEATRO OSELE;0;
530;VIA CALEPINA;1;
2450;VIA C. A. PILATI;1;
8114;STRADA DEL BUS DE VELA;1;SS 45 bis Gardesana Occ
5730;VIA MARTINO AICHNER;0;
3890;VIA SAN DANIELE COMBONI;0;
780;VIA LA CLARINA;0;
3825;VIA A. GORFER;0;
6220;VIA DELLE MARNIGHE;0;
7130;LOCALITA' NEGRANO;0;
6426;VIA DI SAN SEBASTIANO;0;
860;VIA CONI ZUGNA;1;
2560;VIA RAVENNA;1;
890;VIA E. DE AMICIS;0;
7380;PIAZZA G. MANCI;0;
5660;VIA DI SPINI;0;
2950;VIA SANTA CROCE;0;
7405;VIA MADONNA DELLA CORONA;0;
3090;VIA SECONDO DA TRENTO;0;
5290;VIA 4 NOVEMBRE;0;
1190;VICOLO GALASSO;0;
7030;STRADA DEI BINDESI;0;
6414;VIA PER CAMPEL;0;
7460;VIA DON TOMMASO DALLAFIOR;0;
8235;VIA MOSNA DI VIGOLO;0;
6340;VIA SABBIONARE;1;
1550;PIAZZA LODRON;0;
650;VIA AL CASTELLER;0;
8044;PIAZZETTA SAN VALENTINO;0;
8033;VIA DELLA POZZA;0;
3350;CORSO 3 NOVEMBRE;0;
5030;VIA DELL'ASILO;1;
8498;STRADA VECCHIA;1;
3450;VIALE VERONA;0;
3350;CORSO 3 NOVEMBRE;0;
3470;PIAZZA VICENZA;0;
8534;VIA DELLE SUGARINE;0;
600;VIA DEI CAPPUCCINI;0;
2670;VIA A. ROSMINI;0;
2670;VIA A. ROSMINI;0;
3110;VIA F. SERAFINI;0;
8840;VIA SANTA MARINA;0;
5750;VIA G. B. FATTORI;0;
1900;VIA DEI MILLE;0;
4032;SAN GIUSEPPE;0;
4033;SANTA CHIARA - OSPEDALE;0;
7210;VIA TORRICELLE;0;
8605;VIA CADUTI DI SARDAGNA;0;
6462;VIA PER BEDOL;0;
3390;LOCALITA' LA VELA;0;
8935;VIA ALLE PORTE;0;
5630;VIA DELL'ORA DEL GARDA;0;
8935;VIA ALLE PORTE;0;
2360;VIA F. PETRARCA;1;
7340;LOCALITA' PASSO CIMIRLO;0;
8955;VIA DELLE PIAZZOLE;0;
8750;VIA DELLA CROCE;0;
1355;VIA H. GMEINER;0;
440;VIA DI BRIAMASCO;0;
7110;VIA MARZOLA;0;
5550;VIA AL PONT DEI VODI;0;
1555;VIA R. LUNELLI;0;
8121;STRADA DELLA CASARA;0;
1780;VIA G. MARCONI;0;
2580;VIA D. REICH;0;
8052;VIA DELLA VAL DEI MOLINI;0;
7145;STRADA DELLA POZZATA;1;
0;;1;
3050;LARGO N. SAURO;1;
2030;PIAZZA LUIGI NEGRELLI;0;
7070;VIA N. FALZOLGHER;0;
7080;VIA GALASSA;0;
4036;BREN CENTER;0;
4037;LE FORNACI;0;
4038;NORD CENTER;0;
3829;VIA TULLIO ODORIZZI;0;
8915;VIA DELLE PREDE;0;
8970;VIA DEI RIMONI;0;
900;VIA A. DEGASPERI;1;
670;VIA DELLE CAVE;0;
6060;VIA AI CAMILASTRI;0;
7420;VIA GRAFFIANO;0;
6415;VIA DEI CARLI;0;
5460;VIA INNSBRUCK;1;
6418;VIA DEI MICHEI;0;
600;VIA DEI CAPPUCCINI;0;
600;VIA DEI CAPPUCCINI;0;
3410;VIA VENEZIA;0;
600;VIA DEI CAPPUCCINI;0;
2880;VIA SAN PIO X;1;
460;VIA F.LLI BRONZETTI;0;
460;VIA F.LLI BRONZETTI;0;
2880;VIA SAN PIO X;0;
7815;VIA NAZIONALE;0;
6488;VIA DI LANCIATESA;0;
7375;VIA BRENZ;0;
7855;LOCALITA' I GREZZI;0;
3490;P.ZZA ALESSANDRO VITTORIA;1;
6400;VIA ALLA VEDUTA;0;
1220;VIA T. GAR;1;
0;;1;Autostrada A22
5080;VIA L. CANEPPELE;0;
0;;1;
6060;VIA AI CAMILASTRI;0;
6469;VIA DEL CORALLO;0;
3811;TANGENZIALE SUD;1;SS 12 svincoli
1840;VIA G. MAZZINI;1;
1840;VIA G. MAZZINI;0;
1555;VIA R. LUNELLI;0;
3020;VIA SANTI COSMA E DAMIANO;0;
150;VIA L. ANZOLETTI;1;
1040;PIAZZA DUOMO;0;
350;VIA B. BOMPORTO;0;
460;VIA F.LLI BRONZETTI;0;
5460;VIA INNSBRUCK;0;
520;VIA CAIO VALERIO MARIANO;1;
8840;VIA SANTA MARINA;0;
870;VICOLO DALLAPICCOLA;0;
6400;VIA ALLA VEDUTA;0;
6370;VIA DON LEONE SERAFINI;0;
6370;VIA DON LEONE SERAFINI;0;
8540;VIA DEL RIO PAPA;0;
6390;STRADA DELLA VALSUGANA;0;
7263;VIA DEL NESPOLAR;0;
7200;VIA DEI TESSADRI;0;
6370;VIA DON LEONE SERAFINI;0;
5725;VIA RIENZA;0;
6100;VIA DEI CASTORI;0;
6460;VIA DEL MONT DE SORA;0;SP 131 del Vino 2 tronco
920;VIA AL DESERT;0;
8489;VIA DEI POMPEI;0;
5781;VIA DELLE PALAZZINE;0;
2250;VIA DEI PARADISI;1;
8730;VIA BERLINA;0;
6130;VIA DELLE COSTIOLE;0;
8541;VIA CONIUGI ROSETTI;0;
5080;VIA L. CANEPPELE;1;
3310;VIA TORRE VERDE;0;
8489;VIA DEI POMPEI;0;
8940;VIA DI SANTA BRIGIDA;0;
8940;VIA DI SANTA BRIGIDA;0;
8870;VIA VAL GOLA;0;
8618;ANDRONA DI GARNIGA;0;
1415;VIA R. GUARDINI;0;
2280;VIA PASUBIO;1;
3110;VIA F. SERAFINI;1;
2050;VIA A. NICOLODI;1;
7415;VIA ALLA VAL;0;
2070;VIA G. OBERZINER;1;
1520;LUNGADIGE G. LEOPARDI;1;
5781;VIA DELLE PALAZZINE;0;
6407;VIA AL PEZ;0;
3506;VIA G. B. TRENER;1;
900;VIA A. DEGASPERI;1;
6456;VIA DEL MONT DE SOTO;0;
7380;PIAZZA G. MANCI;0;
8912;VIA DELLE ISCHIE;0;SP 131 Strada del Vino
3030;PIAZZA RAFFAELLO SANZIO;0;
800;VIA CARD. BERNARDO CLESIO;0;
6400;VIA ALLA VEDUTA;0;
5010;VIA AEROPORTO;0;
8508;VIA DELLE CASE NOVE;0;
5778;LUNGAVISIO LUIGI TOMASI;0;
1760;VIA A. MARIGHETTO;0;
1160;VIA A. FOGAZZARO;0;
340;VIALE N. BOLOGNINI;0;
5640;VIA GASPARE CRIVELLI;0;
6140;VIA DEL DOS;0;
1390;VIA A. GRAMSCI;1;
845;VIA E. CONCI;0;
150;VIA L. ANZOLETTI;1;
3310;VIA TORRE VERDE;1;
8653;STRADA DI VANEZE;0;SP 85 del Monte Bondone
3901;VIA G. MATTEOTTI;0;
8027;PIAZZA OVENO;0;
5777;VIA KUFSTEIN;0;
5010;VIA AEROPORTO;0;
3507;VIA G. UNTERVEGER;0;
8780;VIA DELLE MASERE;0;
2740;BELVEDERE SAN FRANCESCO;0;
7990;VIA POMERANOS;0;
6461;PIAZZETTA DEL MONT;0;
7990;VIA POMERANOS;0;
8128;VIA DEI MASI;0;
3503;VIA MESIANO;0;
50;PIAZZA ADAMO D'AROGNO;0;
6070;VIA ALLE CAMPANELLE;0;
900;VIA A. DEGASPERI;1;
5540;VIA DEI MASADORI;0;
5530;VIA DEL LOGHET;0;
6485;VIA DI MADERNO;0;
860;VIA CONI ZUGNA;1;
860;VIA CONI ZUGNA;1;
350;VIA B. BOMPORTO;0;
3350;CORSO 3 NOVEMBRE;0;
3430;VIA DEI VENTUNO;1;
3450;VIALE VERONA;0;
6170;VIA DEL FORTE;0;
8057;STRADA DELLE VIOTE;0;SP 85 del Monte Bondone
8119;VIA DEL CAPITELLO;0;
2900;VIA R. DA SANSEVERINO;1;
3502;VIA DEI GIARDINI;0;
7263;VIA DEL NESPOLAR;0;
8511;VIA DON G. B. CORRADI;0;
6406;STRADA IMPERIALE;0;
6402;VIA PER CHIOGNA;0;
7180;STRADA DELLE TABARELLE;0;
8940;VIA DI SANTA BRIGIDA;0;
5260;VIA PALUDI;0;
5260;VIA PALUDI;0;
8041;VIA DELLA RI;0;
8045;VIA DEI SEGATI;0;
170;VIA A. APOLLONIO;1;
3450;VIALE VERONA;0;
3610;VIA MAESTRI DEL LAVORO;0;
6003;VIA BASSANO;0;SS 47 della Valsugana
3802;VIA BRUNO DE FINETTI;0;
2950;VIA SANTA CROCE;1;
0;;1;SP 204 Villazzano-Ponte Ludovico
8613;VIA DELLA CROSARA;0;
2430;VIA DI PIETRASTRETTA;0;
3830;STR. GARDESANA DI TRENTO;0;
7030;STRADA DEI BINDESI;0;
5340;VIA SOPRASASSO;0;
8422;SPONDA TRENTINA;0;SP 76 dir S.Lazzaro
7815;VIA NAZIONALE;0;
8132;PIAZZA DELLA REGOLA;0;
950;VIA DIETRO LE MURA B;1;
1050;VIA L. EINAUDI;0;
5260;VIA PALUDI;0;
6170;VIA DEL FORTE;0;
7050;LOCALITA' CERNIDOR;0;
0;;1;SP 204 Villazzano-Ponte Ludovico
6198;VIA CARLO E VALERIA JULG;0;
6198;VIA CARLO E VALERIA JULG;0;
6488;VIA DI LANCIATESA;0;
7425;VIA GABBIOLO;0;
7160;VIA D. SARTORI;0;
3360;VIALE TRIESTE;0;
1980;VICOLO MOROSANTE;0;
8543;PIAZZETTA DI SAN LAZZARO;0;
1530;VICOLO DEL LICEO;1;
7440;VIA REDONDOLO;0;
1660;VIA DELLA MALVASIA;1;
8820;VIA PROVINA;0;
8517;VIA DEI GUARINONI;0;
8618;ANDRONA DI GARNIGA;0;
1090;VIA E. FERMI;0;
2050;VIA A. NICOLODI;1;
2050;VIA A. NICOLODI;1;
1380;VIA GORIZIA;1;
3290;VIA TORRE D'AUGUSTO;0;
3501;VIA CENTOCHIAVI;0;
8911;VIA DEI POMARI;0;
2495;VIA A. PRANZELORES;0;
3410;VIA VENEZIA;0;
8053;STRADA DI VASON;0;SP 85 del Monte Bondone
3290;VIA TORRE D'AUGUSTO;0;
5530;VIA DEL LOGHET;0;
3560;PASSAGGIO ZIPPEL;0;
7145;STRADA DELLA POZZATA;0;
7780;VIA DELLA STAZIONE;0;
8911;VIA DEI POMARI;0;SP 90 Destra Adige
1660;VIA DELLA MALVASIA;1;
3190;VIA A. STOPPANI;1;
1380;VIA GORIZIA;1;
5635;VIA ALLE ROSTE;0;
6423;PIAZZA DEI PREDAROI;0;
570;PIAZZA GEN. A. CANTORE;1;
7160;VIA D. SARTORI;0;
3680;VIA VITTIME DELLE FOIBE;0;
3890;VIA SAN DANIELE COMBONI;0;
8414;VIA DEL PORFIDO;0;SP 76 Gardolo-Lases
3900;VIA G. BRUNNER;0;
2450;VIA C. A. PILATI;1;
1870;VIA C. MENGUZZATO;1;
2000;VIA DELLA MOSTRA;0;
2590;VIA DON A. RIZZI;1;
1760;VIA A. MARIGHETTO;0;
1120;VIA FERSINA;0;
8820;VIA PROVINA;0;
650;VIA AL CASTELLER;0;
2280;VIA PASUBIO;1;
8750;VIA DELLA CROCE;0;
8472;PIAZZA DELL'ASSUNTA;0;
570;PIAZZA GEN. A. CANTORE;1;
3110;VIA F. SERAFINI;1;
1120;VIA FERSINA;0;
7200;VIA DEI TESSADRI;0;
1210;VIA GANDHI;0;
2350;PASSAGGIO G. PETERLONGO;0;
900;VIA A. DEGASPERI;0;
8720;VIA PER BELVEDERE;0;
7795;VIA G. CATONI;0;
8803;VIA STELLA;0;
7350;VIA SALE';0;
3535;VIA V. ZAMBRA;1;
7770;VIA DELLA DECIMA;0;
6412;PIAZZA NATALE TOMMASI;0;
5290;VIA 4 NOVEMBRE;0;
480;CORSO M. BUONARROTI;0;
7770;VIA DELLA DECIMA;0;
7815;VIA NAZIONALE;0;
3000;VIA SANTA TRINITA';1;
8800;VIA DEL PONTE;0;SP 90 Destra Adige
5715;VIA GRAZ;0;
7285;VIA G. ROBERTI;0;
6412;PIAZZA NATALE TOMMASI;0;
6424;VIA DEI RAFAEI;0;
5340;VIA SOPRASASSO;0;
1260;PIAZZA G.B. GARZETTI;0;
6170;VIA DEL FORTE;0;
8037;VIA DEL PRAOL;0;
8499;VIA DEL BROLIO;0;
7515;VIA ALLE VOLPARE;0;
7775;VIA DELLE CESE LONGHE;0;
7080;VIA GALASSA;0;
6450;STRADA DI MONTEVACCINO;0;SP 131 del Vino 2 tronco
5750;VIA G. B. FATTORI;0;
5610;VIA DON LORENZO MILANI;0;
2320;PIAZZA S. PELLICO;0;
2320;PIAZZA S. PELLICO;0;
1520;LUNGADIGE G. LEOPARDI;0;
8480;VIA AL CANON;0;
5795;VIA TALVERA;0;
8134;STRADA DI SORAVAL;0;
3823;VIA DI COSTA SAN NICOLO';0;
1970;VIA C. MORONE;1;
5660;VIA DI SPINI;0;
7045;VIA AL CASTEL DI S. ROCCO;0;
6400;VIA ALLA VEDUTA;0;
7450;VIA CASTEL DI PIETRAPIANA;0;
1280;VIA A. GAZZOLETTI;1;
1250;VIA T. GARBARI;0;
8067;VIA DEL PRA DE LA FAVA;0;
2900;VIA R. DA SANSEVERINO;1;
2900;VIA R. DA SANSEVERINO;0;
3585;SALITA V. RICCI;0;
650;VIA AL CASTELLER;0;
6070;VIA ALLE CAMPANELLE;0;
7130;LOCALITA' NEGRANO;0;
8604;VIA ALLA CA;0;
6003;VIA BASSANO;0;SS 47 della Valsugana
2860;VIA SAN PIETRO;1;
1130;PIAZZA DI FIERA;0;
7601;GIARDINO DI OLTRECASTELLO;0;
8649;GIARDINO DI VANEZE;0;
150;VIA L. ANZOLETTI;0;
310;VIA E. BEZZI;1;
7350;VIA SALE';1;
5781;VIA DELLE PALAZZINE;0;
7010;VIA ASIAGO;0;
3120;VIA S. SIGHELE;0;
4060;PARCO DEL DOS TRENTO;0;
7435;VIA ALLA CROS;1;
1890;VIA MILANO;0;
1760;VIA A. MARIGHETTO;0;
8066;STRADA DEL NORGE;0;
7505;VIA SOMMARIVE;0;
5904;GIARDINO DELL'ARCOBALENO;0;
5715;VIA GRAZ;0;
880;PIAZZA DANTE;1;
1260;PIAZZA G.B. GARZETTI;0;
2700;VIA SAN BARTOLAMEO;0;
2300;VIA G. PECORI GIRALDI;1;
900;VIA A. DEGASPERI;0;
5625;VIA SILVIO PEGORETTI;0;
8480;VIA AL CANON;0;
7795;VIA G. CATONI;0;
8551;VIA DEL NOGARE';0;
8029;PIAZZA DON L. PEDROLLI;0;
8472;PIAZZA DELL'ASSUNTA;0;
8140;GIARDINO DELLE MELE D'ORO;0;
8134;STRADA DI SORAVAL;0;
8467;SALITA DEL RONZEL;0;
8001;VIA DELLA BELINA;0;
8041;VIA DELLA RI;0;
7160;VIA D. SARTORI;0;
7180;STRADA DELLE TABARELLE;0;
3340;VIA DEL TRAVAI;1;
3815;PIAZZETTA M. GAISMAYR;0;
6491;VIA AL MASO PEZANI;0;
7335;VIA BORINO;0;
7490;VIA DEI RONCHI;0;
5660;VIA DI SPINI;0;
3450;VIALE VERONA;0;
7080;VIA GALASSA;0;
2620;VIA DELLA ROGGIA GRANDE;1;
7800;VIA DELLE FRATTE;0;
3811;TANGENZIALE SUD;1;SS 12 svincoli
8486;VIA DEI FRAGARI;0;
1565;PIAZZETTA BRUNO LUNELLI;0;
2860;VIA SAN PIETRO;0;
2540;VIA RAGAZZI DEL '99;0;
8039;VIA DI REVOLTA;1;
8128;VIA DEI MASI;0;
2270;PIAZZA M. PASI;0;
8840;VIA SANTA MARINA;0;
8840;VIA SANTA MARINA;0;
2870;VICOLO SAN PIETRO;0;
7480;VIA PINARA;0;
1570;VIA E. MACCANI;1;
1550;PIAZZA LODRON;0;
2860;VIA SAN PIETRO;1;
3901;VIA G. MATTEOTTI;1;
7815;VIA NAZIONALE;0;
8804;RACCORDO AL CASELLO SUD;1;
8804;RACCORDO AL CASELLO SUD;1;
50;PIAZZA ADAMO D'AROGNO;0;
8524;VIA DEL DOS DE LA LUNA;0;
5300;LOCALITA' RONCAFORT;0;
3340;VIA DEL TRAVAI;0;
3110;VIA F. SERAFINI;1;
50;PIAZZA ADAMO D'AROGNO;0;
3510;VIA VITTORIO VENETO;0;
60;VICOLO DELL'ADIGE;0;
3520;VICOLO DEL VO';0;
3520;VICOLO DEL VO';0;
8800;VIA DEL PONTE;0;
3480;VIA VICENZA;0;
4024;DOS SAN ROCCO;0;
680;VIA CAMILLO BENSO CAVOUR;1;
7150;VIA SAN ROCCO;1;
5781;VIA DELLE PALAZZINE;0;
1040;PIAZZA DUOMO;1;
7855;LOCALITA' I GREZZI;0;
7790;VIA DELLA COOPERAZIONE;0;
6450;STRADA DI MONTEVACCINO;0;SP 131 del Vino 2 tronco
2300;VIA G. PECORI GIRALDI;1;
8529;PIAZZA T. SONTACCHI;0;
8650;STRADA DI CANDRIAI;0;
8800;VIA DEL PONTE;0;SP 90 Destra Adige
8800;VIA DEL PONTE;0;
3080;VIA G.A. SCOPOLI;1;
3050;LARGO N. SAURO;1;
5300;LOCALITA' RONCAFORT;0;
1860;VIA GEN. GIACOMO MEDICI;0;
7180;STRADA DELLE TABARELLE;0;
5090;VIA DELLA CANOVA;0;
8215;VIA DEL NARONCH;0;
2460;VIA DELLA PONTARA;0;
520;VIA CAIO VALERIO MARIANO;1;
5290;VIA 4 NOVEMBRE;0;
8421;VIA SANTI PIETRO E PAOLO;0;
0;;1;
0;;1;
7110;VIA MARZOLA;0;
7350;VIA SALE';0;
7210;VIA TORRICELLE;0;
5010;VIA AEROPORTO;0;
5370;VIA B. TODESCA;0;
7350;VIA SALE';0;
630;VIA DEI CASTELBARCO;0;
8067;VIA DEL PRA DE LA FAVA;0;
3100;VIA G. SEGANTINI;1;
400;VIA DEL BRENNERO;0;
660;VIA CAURIOL;0;
3832;VIA V. DE RICCABONA;0;
3150;VIA DEI SOLTERI;0;
7440;VIA REDONDOLO;0;
7515;VIA ALLE VOLPARE;0;
8473;VICOLO DEI CROZZI;0;
1060;VIA MONS. C. ENDRICI;1;
730;VIA DELLA CERERIA;0;
3824;VIA DI SAN VINCENZO;0;
5510;P.TTA PROFUGHI IN MORAVIA;0;
3824;VIA DI SAN VINCENZO;0;
8499;VIA DEL BROLIO;0;
7335;VIA BORINO;0;
6390;STRADA DELLA VALSUGANA;0;SP 204 Villazzano-Ponte Ludovico
8113;VIA AL BRAIDON;0;
8720;VIA PER BELVEDERE;0;
5745;VIA MATTIA CARNERI;0;
6427;LARGO PADRE TEOFILO;0;
3502;VIA DEI GIARDINI;0;
6495;VIA DI ZELL;0;
8121;STRADA DELLA CASARA;0;
8411;VIA DI CAMPARTA MEDIA;0;
350;VIA B. BOMPORTO;0;
3450;VIALE VERONA;0;
8049;STRADA PER LE TRE CIME;0;SP 85 dir Sopramonte
740;VIA DELLA CERVARA;0;
630;VIA DEI CASTELBARCO;0;
600;VIA DEI CAPPUCCINI;0;
1350;VIA G. GIUSTI;0;
2960;VIA SANTA MARGHERITA;1;
5680;VIA KLAGENFURT;0;
8315;STRADA DI PIAZZAMANA;0;SP 85 dir Vigolo Baselga
3040;PIAZZETTA DEL SASS;0;
880;PIAZZA DANTE;1;
3210;VIA DEL SUFFRAGIO;1;
8513;VICOLO DEI DALL'AVO;0;
2080;VIALE DEGLI OLMI;0;
3824;VIA DI SAN VINCENZO;0;
8960;VIA ALLE SETTE FONTANE;0;
8469;P.GGIO DON PIETRO TONETTA;0;
2800;VIA SAN MARCO;0;
2050;VIA A. NICOLODI;0;
7460;VIA DON TOMMASO DALLAFIOR;0;
6450;STRADA DI MONTEVACCINO;0;SP 131 del Vino 2 tronco
5715;VIA GRAZ;0;
5660;VIA DI SPINI;0;
430;VIA BRESCIA;0;
5755;VIA F. A. GIONGO;0;
8472;PIAZZA DELL'ASSUNTA;0;
8212;VIA DON LUCA DEFLORIAN;1;
1550;PIAZZA LODRON;0;
5675;VIA BREGENZ;0;
3720;VIA DELLA MALPENSADA;0;
8701;PAVIONE;0;
2990;PIAZZA S. MARIA MAGGIORE;1;
5680;VIA KLAGENFURT;0;
310;VIA E. BEZZI;0;
440;VIA DI BRIAMASCO;0;
600;VIA DEI CAPPUCCINI;0;
630;VIA DEI CASTELBARCO;0;
400;VIA DEL BRENNERO;1;
0;;1;
6310;VIA PONTE ALTO;0;
7150;VIA SAN ROCCO;0;
8491;STRADA ALLE GORGHE;0;
8468;VIA G. SALVADORI ZANATTA;0;
770;VIA E. CHINI;0;
7704;STRADA AI PALAZZI;0;
1280;VIA A. GAZZOLETTI;1;
1860;VIA GEN. GIACOMO MEDICI;1;
770;VIA E. CHINI;0;
7460;VIA DON TOMMASO DALLAFIOR;1;SP 204 Villazzano-Ponte Ludovico
2650;VIA G.D. ROMAGNOSI;1;
3370;VIA C. VANNETTI;1;
7010;VIA ASIAGO;0;
1230;VIA G. GARIBALDI;0;
8870;VIA VAL GOLA;0;
7230;VIA VALNIGRA;0;
770;VIA E. CHINI;0;
7240;VIA DELLA VILLA;0;
770;VIA E. CHINI;0;
3270;VIA TOFANE;0;
6130;VIA DELLE COSTIOLE;0;
1350;VIA G. GIUSTI;0;
3510;VIA VITTORIO VENETO;0;
3510;VIA VITTORIO VENETO;0;
2670;VIA A. ROSMINI;0;
1350;VIA G. GIUSTI;0;
8935;VIA ALLE PORTE;0;
840;VIA DEL COMMERCIO;0;
8051;VIA DEI TURCATI;0;
1090;VIA E. FERMI;0;
3510;VIA VITTORIO VENETO;0;
7750;VIA DELLA TORRE FRANCA;0;
2380;LOCALITA' PIAZZINA;0;
1370;VIA GOCCIADORO;0;
8628;LARGO DELLA SPIAZZOLA;0;
8512;STRADA DEL CAMPAZ;0;
280;VIA O. BENEVOLI;0;
8490;VICOLO G. F. BORTOLOTTI;0;
8912;VIA DELLE ISCHIE;0;SP 131 Strada del Vino
2160;VIA DEGLI ORTI;1;
6495;VIA DI ZELL;0;
480;CORSO M. BUONARROTI;0;
1570;VIA E. MACCANI;0;
6003;VIA BASSANO;1;SS 47 della Valsugana
6411;VIA PER TAVERNARO;0;
1120;VIA FERSINA;0;
3200;VICOLO DELLA STORTA;0;
3816;PIAZZETTA NICOLO' RASMO;0;
7835;LOCALITA' LE MARTINELLE;0;
3270;VIA TOFANE;0;
3505;VIA DELLA SPALLIERA;0;
7010;VIA ASIAGO;0;
2130;VIA DELLE ORNE;1;
5290;VIA 4 NOVEMBRE;0;
3850;STRADA DELL'INTERPORTO;1;SP 235 dell'Interporto
3501;VIA CENTOCHIAVI;0;
7150;VIA SAN ROCCO;0;
5260;VIA PALUDI;0;
1130;PIAZZA DI FIERA;1;
8123;VIA DEL DOS DI SANT'ELENA;0;
8067;VIA DEL PRA DE LA FAVA;0;
3811;TANGENZIALE SUD;1;SS 12 svincoli
5290;VIA 4 NOVEMBRE;0;
6200;VIA B. KOFLER;0;
6090;VIA CASTEL DEI MERLI;0;
2180;VIA P. OSS MAZZURANA;0;
2330;VIA F.LLI PERINI;1;
6140;VIA DEL DOS;0;
6050;VIA AI BOLLERI;0;
1010;VIA DOS TRENTO;0;
2270;PIAZZA M. PASI;0;
3480;VIA VICENZA;0;
3470;PIAZZA VICENZA;0;
2820;VIA SAN MARTINO;0;
6122;PARCO DELLE COSTE;0;
1120;VIA FERSINA;0;
1380;VIA GORIZIA;0;
8023;VIA DI MURA;0;
281;VIA BERLINO;0;
5460;VIA INNSBRUCK;0;
1590;P.ZZA MADONNA DELLE LASTE;0;
8803;VIA STELLA;0;SP 90 Destra Adige
6170;VIA DEL FORTE;0;
3620;VIA AL MASO VISINTAINER;1;
6485;VIA DI MADERNO;0;
8496;PZ. MADONNA DI CARAVAGGIO;0;
2330;VIA F.LLI PERINI;1;
1090;VIA E. FERMI;0;
7155;VIA PIANIZZA;0;SS 349 della Val d'Assa e Pedemontana
8235;VIA MOSNA DI VIGOLO;0;
8520;VICOLO DEL RIO;0;
3504;VIA MURALTA;0;
7080;VIA GALASSA;0;
8528;VIA AL MASO GARBINI;0;
7890;VIA LIDORNO;1;SS 12 svincoli
2670;VIA A. ROSMINI;0;
7450;VIA CASTEL DI PIETRAPIANA;0;SP 204 Villazzano-Ponte Ludovico
740;VIA DELLA CERVARA;0;
740;VIA DELLA CERVARA;0;
3620;VIA AL MASO VISINTAINER;1;
3410;VIA VENEZIA;0;
2850;LUNGADIGE SAN NICOLO';0;
1125;VIA G. BARTALI;0;
1125;VIA G. BARTALI;0;
7345;VIA SABBIONI;0;
7345;VIA SABBIONI;0;
7455;VIA CELVA;0;
8489;VIA DEI POMPEI;0;
8069;STRADA DI VIGOLO BASELGA;0;SS 45 bis Gardesana Occ
8323;VIA DEI CASAI;0;
7750;VIA DELLA TORRE FRANCA;0;
1140;VIA F. FILZI;0;
5595;VIA DI MELTA;0;
1120;VIA FERSINA;0;
740;VIA DELLA CERVARA;0;
1470;VIA DELLE LASTE;0;
1120;VIA FERSINA;0;
6450;STRADA DI MONTEVACCINO;0;
7110;VIA MARZOLA;0;
7855;LOCALITA' I GREZZI;0;
7775;VIA DELLE CESE LONGHE;0;
7230;VIA VALNIGRA;0;
5781;VIA DELLE PALAZZINE;0;
7501;STRADA PER MARANZA;0;
740;VIA DELLA CERVARA;0;
7305;VIA ALLA CASCATA;1;
6416;VIA PER CASTEL VEDRO;0;
7240;VIA DELLA VILLA;0;
5340;VIA SOPRASASSO;0;
0;;1;SP 204 Villazzano-Ponte Ludovico
6110;VIA CESARINI;0;
7845;LOCALITA LASTE MATTARELLO;0;
6340;VIA SABBIONARE;0;
5010;VIA AEROPORTO;0;
1260;PIAZZA G.B. GARZETTI;0;
7240;VIA DELLA VILLA;0;
8486;VIA DEI FRAGARI;0;
900;VIA A. DEGASPERI;0;
7345;VIA SABBIONI;0;
7410;SALITA SANT'AGATA;0;
7090;VIA U. GIORDANO;0;
3525;VIA A. VOLTA;0;
8123;VIA DEL DOS DI SANT'ELENA;0;
5660;VIA DI SPINI;0;
7285;VIA G. ROBERTI;0;
8617;STRADA ALLA FUNIVIA;0;
8730;VIA BERLINA;0;
7385;VIA SPRE';0;
1700;VIA G. MANCI;1;
5906;MASO ROSSI;0;
6070;VIA ALLE CAMPANELLE;0;
1500;PIAZZA LEONARDO DA VINCI;1;
8803;VIA STELLA;0;SP 90 Destra Adige
7230;VIA VALNIGRA;0;
3832;VIA V. DE RICCABONA;1;
8475;VIA DEL CAMANTOLIN;0;
8004;STRADA DI CAMPEDEL;0;SP 85 dir Vigolo Baselga
1760;VIA A. MARIGHETTO;0;
8915;VIA DELLE PREDE;0;
7020;VIA BANALA;0;
8422;SPONDA TRENTINA;0;SP 76 dir S.Lazzaro
8216;VIA 12 SETTEMBRE;0;
6220;VIA DELLE MARNIGHE;0;
6220;VIA DELLE MARNIGHE;0;
8422;SPONDA TRENTINA;0;SP 76 dir S.Lazzaro
3480;VIA VICENZA;0;
8422;SPONDA TRENTINA;0;SP 76 dir S.Lazzaro
7935;PIAZZA QUINTILIO PERINI;0;
6220;VIA DELLE MARNIGHE;0;
7990;VIA POMERANOS;0;
7815;VIA NAZIONALE;0;
7340;LOCALITA' PASSO CIMIRLO;0;
2330;VIA F.LLI PERINI;1;
2330;VIA F.LLI PERINI;1;
2330;VIA F.LLI PERINI;1;
8055;VIA DI VEGIARA;0;
3503;VIA MESIANO;0;
2380;LOCALITA' PIAZZINA;0;
7160;VIA D. SARTORI;0;
1760;VIA A. MARIGHETTO;0;
8491;STRADA ALLE GORGHE;0;
930;VIA A. DIAZ;0;
7703;VIA DELLA GOTARDA;0;
7460;VIA DON TOMMASO DALLAFIOR;1;SP 204 Villazzano-Ponte Ludovico
3836;VIA ZITA LORENZI;0;
6450;STRADA DI MONTEVACCINO;0;
5760;VIA F. ORADINI;0;
770;VIA E. CHINI;0;
770;VIA E. CHINI;0;
8021;VIA AL MASO PETOCI;0;
1040;PIAZZA DUOMO;0;
2940;PIAZZETTA SANT'APOLLINARE;0;
5595;VIA DI MELTA;0;
530;VIA CALEPINA;1;
8970;VIA DEI RIMONI;0;
7815;VIA NAZIONALE;0;
3640;VIA DELLA PREDARA;0;
8046;VIA DELLA SELVA DI VASON;0;
8521;SALITA AI SPIAZZI;0;
1470;VIA DELLE LASTE;0;
780;VIA LA CLARINA;0;
0;;1;
1230;VIA G. GARIBALDI;0;
2920;VIA SAN VIGILIO;0;
4052;PONTE SAN NICOLO';0;
5595;VIA DI MELTA;0;
5745;VIA MATTIA CARNERI;0;
1700;VIA G. MANCI;1;
3720;VIA DELLA MALPENSADA;0;
8314;STRADA DOS DE LE GIARE;0;
3805;VIA GIANCARLO MARONI;0;
2270;PIAZZA M. PASI;0;
8960;VIA ALLE SETTE FONTANE;0;
3450;VIALE VERONA;0;
7420;VIA GRAFFIANO;0;
5460;VIA INNSBRUCK;1;
780;VIA LA CLARINA;0;
2045;VICOLO L. NICCOLINI;0;
8055;VIA DI VEGIARA;0;
3807;TANGENZIALE OVEST;1;SS 12 svincoli
3807;TANGENZIALE OVEST;1;SS 12 svincoli
2590;VIA DON A. RIZZI;1;
7150;VIA SAN ROCCO;1;
8048;STRADA DI SPINEDA;0;
8031;PIAZZALE DELLA PESA;0;
7815;VIA NAZIONALE;0;
7200;VIA DEI TESSADRI;0;
8613;VIA DELLA CROSARA;0;
430;VIA BRESCIA;0;
3190;VIA A. STOPPANI;1;
5080;VIA L. CANEPPELE;0;
8526;VICOLO DELLA FILANDA;0;
2820;VIA SAN MARTINO;1;
8503;VIA DEL CESURET;0;
7220;VIA VALDACOLE;0;
3510;VIA VITTORIO VENETO;1;
281;VIA BERLINO;1;
8315;STRADA DI PIAZZAMANA;0;SP 85 dir Vigolo Baselga
3820;VIA LUIGI BRUGNARA;0;
1555;VIA R. LUNELLI;0;
5260;VIA PALUDI;0;
3450;VIALE VERONA;0;
6360;VIA SAN VITO;0;
0;;1;
780;VIA LA CLARINA;0;
780;VIA LA CLARINA;0;
1760;VIA A. MARIGHETTO;0;
7080;VIA GALASSA;0;
3832;VIA V. DE RICCABONA;1;
780;VIA LA CLARINA;0;
1760;VIA A. MARIGHETTO;0;
1960;VIA MONTELLO;0;
6070;VIA ALLE CAMPANELLE;0;
590;PIAZZA DEI CAPPUCCINI;0;
3290;VIA TORRE D'AUGUSTO;0;
8750;VIA DELLA CROCE;0;
6020;VIA BELLAVISTA;0;
8027;PIAZZA OVENO;0;
7335;VIA BORINO;0;
7990;VIA POMERANOS;0;
6050;VIA AI BOLLERI;0;
5070;VIA BOLZANO;1;
1080;VIA C. ESTERLE;1;
450;VIA BRIGATA ACQUI;1;
470;VIA G. BUCCELLA;1;
6040;VIA DEL BIANCOSPINO;0;
6450;STRADA DI MONTEVACCINO;0;SP 131 del Vino 2 tronco
8046;VIA DELLA SELVA DI VASON;0;
8653;STRADA DI VANEZE;0;SP 85 del Monte Bondone
2640;VIA ROMA;1;
240;VIA R. BELENZANI;1;
2110;VIA DELLE ORFANE;1;
3130;SALITA SODEGERIO DA TITO;0;
8323;VIA DEI CASAI;0;
5070;VIA BOLZANO;1;
1400;VIA DON GIUSEPPE GRAZIOLI;0;
0;;1;
2630;VICOLO DELLE ROGGE;0;
5010;VIA AEROPORTO;0;
7345;VIA SABBIONI;0;
3210;VIA DEL SUFFRAGIO;1;
7180;STRADA DELLE TABARELLE;0;
5460;VIA INNSBRUCK;0;
7080;VIA GALASSA;0;
7080;VIA GALASSA;0;
5290;VIA 4 NOVEMBRE;0;
7701;VIA ADOLFO ENDRIZZI;0;
8912;VIA DELLE ISCHIE;0;SP 131 Strada del Vino
8012;VIA ALLA DOSSA;0;
7795;VIA G. CATONI;0;
5460;VIA INNSBRUCK;0;
5460;VIA INNSBRUCK;1;
1730;VIA A. MANZONI;1;
8800;VIA DEL PONTE;0;SP 90 Destra Adige
7800;VIA DELLE FRATTE;0;
3833;VIA AL BOSCO DELLA CITTA';0;
3901;VIA G. MATTEOTTI;0;
6414;VIA PER CAMPEL;0;
7745;VIA VILLA VECCHIA;0;
8870;VIA VAL GOLA;0;
1710;VIA MANTOVA;1;
8042;PIAZZA DEL SACRO CUORE;0;
7240;VIA DELLA VILLA;0;
670;VIA DELLE CAVE;0;
3450;VIALE VERONA;0;
1380;VIA GORIZIA;1;
3503;VIA MESIANO;0;
2670;VIA A. ROSMINI;0;
8412;STRADA DEL DOS DI LAMAR;0;
3585;SALITA V. RICCI;0;
2650;VIA G.D. ROMAGNOSI;0;
8750;VIA DELLA CROCE;0;
2820;VIA SAN MARTINO;0;
2820;VIA SAN MARTINO;0;
2750;VIA S. FRANCESCO D'ASSISI;0;
7702;VIA DARIO LORENZINI;0;
8602;VIA LODOVICO DE BALZANI;1;
7795;VIA G. CATONI;0;
7263;VIA DEL NESPOLAR;0;
3503;VIA MESIANO;0;SP 204 Villazzano-Ponte Ludovico
7485;VIA DELLA RESISTENZA;0;
3503;VIA MESIANO;0;
8935;VIA ALLE PORTE;0;
3650;VIA A. SCHMID;0;
6370;VIA DON LEONE SERAFINI;0;
5260;VIA PALUDI;0;
3832;VIA V. DE RICCABONA;1;
7415;VIA ALLA VAL;0;
2650;VIA G.D. ROMAGNOSI;1;
6483;VIA DEI BERGAMINI;0;
8215;VIA DEL NARONCH;0;
7150;VIA SAN ROCCO;0;
7855;LOCALITA' I GREZZI;0;
7880;LOCALITA' LE BASSE;0;
2390;PIAZZA DI PIEDICASTELLO;0;
3824;VIA DI SAN VINCENZO;0;
7262;VIA DEL BOMPORT;0;
1700;VIA G. MANCI;1;
2880;VIA SAN PIO X;0;
1120;VIA FERSINA;1;
1740;VIA MARANZA;0;
500;VIA C. BUSETTI;0;
3450;VIALE VERONA;0;
7425;VIA GABBIOLO;0;
7420;VIA GRAFFIANO;0;
3630;VIA BEPI MOR;0;
8527;VIA DELLA CAVADA;0;
0;;1;
7230;VIA VALNIGRA;0;SP 204 Villazzano-Ponte Ludovico
3750;VIA DON LORENZO GUETTI;0;
8031;PIAZZALE DELLA PESA;0;
7795;VIA G. CATONI;1;
2730;VIA SAN BERNARDINO;1;
7713;VIA DI VALSORDA;0;
3470;PIAZZA VICENZA;0;
2990;PIAZZA S. MARIA MAGGIORE;1;
2700;VIA SAN BARTOLAMEO;1;
2700;VIA SAN BARTOLAMEO;0;
2050;VIA A. NICOLODI;0;
3450;VIALE VERONA;0;
1710;VIA MANTOVA;0;
1890;VIA MILANO;0;
3350;CORSO 3 NOVEMBRE;1;
3000;VIA SANTA TRINITA';1;
900;VIA A. DEGASPERI;0;
3503;VIA MESIANO;0;
7815;VIA NAZIONALE;1;
7745;VIA VILLA VECCHIA;0;
7984;VIA DELLE REGOLE;0;
5460;VIA INNSBRUCK;1;
8063;CAMPRA;0;
1090;VIA E. FERMI;0;
8627;P.ZZA S.FILIPPO E GIACOMO;0;
2300;VIA G. PECORI GIRALDI;1;
8912;VIA DELLE ISCHIE;0;
6140;VIA DEL DOS;0;
7701;VIA ADOLFO ENDRIZZI;0;
7355;VIA DEI RIVI;0;
410;VIA O. BRENTARI;1;
2280;VIA PASUBIO;1;
6454;VIA DEL LAVARON;0;
7230;VIA VALNIGRA;0;
7505;VIA SOMMARIVE;0;
2240;GALLERIA DEI PARTIGIANI;0;
3508;VIA A. GOIO;0;
4059;GIARDINO DI P.ZZA VENEZIA;0;
4055;GIARDINO DI PIAZZA DANTE;0;
570;PIAZZA GEN. A. CANTORE;0;
3450;VIALE VERONA;0;
1930;VIA MONTE BALDO;0;
8323;VIA DEI CASAI;0;
350;VIA B. BOMPORTO;0;
4058;GIARDINO DI P.ZZA CANTORE;0;
7415;VIA ALLA VAL;0;
7230;VIA VALNIGRA;0;
7240;VIA DELLA VILLA;0;
1800;VIA MARSALA;0;
8467;SALITA DEL RONZEL;0;
4001;GIARDINO DELLA PREDARA;0;
8551;VIA DEL NOGARE';0;
210;VIA F. BARBACOVI;1;
6460;VIA DEL MONT DE SORA;0;SP 131 del Vino 2 tronco
930;VIA A. DIAZ;1;
8467;SALITA DEL RONZEL;0;
7890;VIA LIDORNO;1;SS 12 svincoli
8543;PIAZZETTA DI SAN LAZZARO;0;
2000;VIA DELLA MOSTRA;0;
3310;VIA TORRE VERDE;0;
8911;VIA DEI POMARI;0;
2870;VICOLO SAN PIETRO;0;
7420;VIA GRAFFIANO;0;
8136;STRADA PER TEZ;0;
3480;VIA VICENZA;0;
1900;VIA DEI MILLE;0;
7268;VIA DELLA VILLA PAROLARI;0;
130;PIAZZETTA ANFITEATRO;0;
6409;VIA ANTONIA PRUNER;0;
6425;VIA DI SAN FABIANO;0;
1355;VIA H. GMEINER;0;
330;VIA BOLGHERA;1;
7984;VIA DELLE REGOLE;0;
8016;VIA DEL LAON;0;
1280;VIA A. GAZZOLETTI;1;
8840;VIA SANTA MARINA;0;
5460;VIA INNSBRUCK;0;
8600;VIA ALTO SASSO;0;SP 85 del Monte Bondone
3811;TANGENZIALE SUD;1;SS 12 svincoli
0;;1;
7490;VIA DEI RONCHI;0;
8803;VIA STELLA;0;SP 90 Destra Adige
5560;VIA DEL PIOPPETO;0;
7440;VIA REDONDOLO;0;
5680;VIA KLAGENFURT;0;
1850;LARGO MEDAGLIE D'ORO;1;
7305;VIA ALLA CASCATA;0;
1080;VIA C. ESTERLE;0;
7485;VIA DELLA RESISTENZA;0;
1350;VIA G. GIUSTI;1;
3710;PIAZZA S. TERESA VERZERI;0;
2990;PIAZZA S. MARIA MAGGIORE;1;
2990;PIAZZA S. MARIA MAGGIORE;1;
170;VIA A. APOLLONIO;1;
7984;VIA DELLE REGOLE;0;
8501;STRADA DELLA CA COMUNA;0;
150;VIA L. ANZOLETTI;1;
8235;VIA MOSNA DI VIGOLO;0;
2690;VIA DELLA SALUGA;0;
8122;VIA DI COLTURA;0;
3640;VIA DELLA PREDARA;0;
6070;VIA ALLE CAMPANELLE;0;
6400;VIA ALLA VEDUTA;0;
1370;VIA GOCCIADORO;0;
3505;VIA DELLA SPALLIERA;0;
6290;VIA DEGLI OLIVI;0;
2170;VIA ORTIGARA;0;
7450;VIA CASTEL DI PIETRAPIANA;0;
1040;PIAZZA DUOMO;1;
1140;VIA F. FILZI;0;
8960;VIA ALLE SETTE FONTANE;0;
3350;CORSO 3 NOVEMBRE;0;
8052;VIA DELLA VAL DEI MOLINI;0;SP 85 dir Vigolo Baselga
4039;TOP CENTER;0;
8720;VIA PER BELVEDERE;0;
2475;PORT'AQUILA;0;
8517;VIA DEI GUARINONI;0;
1170;VIA FELICE E G. FONTANA;0;
8840;VIA SANTA MARINA;0;
8529;PIAZZA T. SONTACCHI;0;
3440;VIA G. VERDI;0;
8018;VIA AL MASO BANAL;0;
8534;VIA DELLE SUGARINE;0;
740;VIA DELLA CERVARA;0;
3510;VIA VITTORIO VENETO;0;
3850;STRADA DELL'INTERPORTO;1;STRADA DELL'INTERPORTO
8132;PIAZZA DELLA REGOLA;0;
1860;VIA GEN. GIACOMO MEDICI;1;
7340;LOCALITA' PASSO CIMIRLO;0;
8496;PZ. MADONNA DI CARAVAGGIO;0;
8740;VIA CENTRALE;0;
6453;VIA DI PRAMORGHEN;0;
7305;VIA ALLA CASCATA;0;
8740;VIA CENTRALE;0;
2990;PIAZZA S. MARIA MAGGIORE;0;
6240;VIA DEI MASETTI;0;
7745;VIA VILLA VECCHIA;0;
6050;VIA AI BOLLERI;0;
2670;VIA A. ROSMINI;0;
3811;TANGENZIALE SUD;1;SS 12 svincoli
8720;VIA PER BELVEDERE;0;
7305;VIA ALLA CASCATA;1;
2430;VIA DI PIETRASTRETTA;0;
2045;VICOLO L. NICCOLINI;1;
7815;VIA NAZIONALE;0;
5080;VIA L. CANEPPELE;1;
1380;VIA GORIZIA;0;
900;VIA A. DEGASPERI;0;
7510;VIA DEI VALONI;0;
650;VIA AL CASTELLER;0;
1120;VIA FERSINA;1;
8634;VIA DOMENICO ZENI;0;
1840;VIA G. MAZZINI;1;
1270;VICOLO GAUDENTI;0;
1790;VIA M. MARIANI;0;
8116;STRADA DI CADINE;1;SS 45 bis Gardesana Occ
3490;P.ZZA ALESSANDRO VITTORIA;1;
1050;VIA L. EINAUDI;0;
2950;VIA SANTA CROCE;1;
8021;VIA AL MASO PETOCI;0;
1350;VIA G. GIUSTI;0;
7815;VIA NAZIONALE;0;
7815;VIA NAZIONALE;0;
7815;VIA NAZIONALE;0;
7815;VIA NAZIONALE;0;
7220;VIA VALDACOLE;0;
8870;VIA VAL GOLA;0;
2880;VIA SAN PIO X;0;
7815;VIA NAZIONALE;0;
8935;VIA ALLE PORTE;0;
7230;VIA VALNIGRA;0;
7262;VIA DEL BOMPORT;0;
7750;VIA DELLA TORRE FRANCA;0;
7080;VIA GALASSA;0;
1120;VIA FERSINA;1;
7800;VIA DELLE FRATTE;0;
830;VIA DELLA COLLINA;0;
8129;VIA DEL MOLIN;0;
5680;VIA KLAGENFURT;0;
2880;VIA SAN PIO X;0;
1170;VIA FELICE E G. FONTANA;0;
3700;PASSAGGIO B. DISERTORI;0;
1870;VIA C. MENGUZZATO;0;
0;;1;
3829;VIA TULLIO ODORIZZI;0;
8803;VIA STELLA;0;
8461;VIA DON EMILIO PERUGINI;0;
6489;VIA PER FONTANASANTA;0;
281;VIA BERLINO;1;
3811;TANGENZIALE SUD;1;SS 12 svincoli
8911;VIA DEI POMARI;0;SP 90 Destra Adige
3827;VIA DEI MARINAI D'ITALIA;0;
900;VIA A. DEGASPERI;0;
740;VIA DELLA CERVARA;0;
1220;VIA T. GAR;0;
1350;VIA G. GIUSTI;0;
7990;VIA POMERANOS;0;
5470;VIA 2 GIUGNO;1;
8803;VIA STELLA;0;
8492;VIA ALLE OSELERE;0;
3480;VIA VICENZA;0;
5038;VIA AVISIO;0;
3811;TANGENZIALE SUD;1;SS 12 svincoli
1710;VIA MANTOVA;1;
3590;VIA DI CAMPOTRENTINO;0;
7460;VIA DON TOMMASO DALLAFIOR;1;SP 204 Villazzano-Ponte Ludovico
8415;VIA CASTEL DI CORTESANO;0;
7460;VIA DON TOMMASO DALLAFIOR;1;SP 204 Villazzano-Ponte Ludovico
3020;VIA SANTI COSMA E DAMIANO;0;
3807;TANGENZIALE OVEST;1;SS 12 svincoli
8130;VIA AL PASIEL;1;SS 45 bis Gardesana Occ
3827;VIA DEI MARINAI D'ITALIA;1;
8027;PIAZZA OVENO;0;
8930;VIA DELLE FONTANELLE;0;
8112;STRADA PER I BACANDI;0;
5020;VIA C. ANDREATTA;0;
7485;VIA DELLA RESISTENZA;0;
6450;STRADA DI MONTEVACCINO;0;SP 131 del Vino 2 tronco
6080;VIA DEL CAPITEL;0;
3020;VIA SANTI COSMA E DAMIANO;0;
1140;VIA F. FILZI;0;
8475;VIA DEL CAMANTOLIN;0;
3150;VIA DEI SOLTERI;0;
3811;TANGENZIALE SUD;1;
5730;VIA MARTINO AICHNER;0;
1870;VIA C. MENGUZZATO;1;
3832;VIA V. DE RICCABONA;1;
3850;STRADA DELL'INTERPORTO;1;
5460;VIA INNSBRUCK;0;
50;PIAZZA ADAMO D'AROGNO;0;
3901;VIA G. MATTEOTTI;0;
8476;VIA DEI PALUSTEI;0;
8615;VIA AI DINERI;0;
7460;VIA DON TOMMASO DALLAFIOR;0;
7430;VIA VILLA MARIA;0;
1150;VIA FIUME;0;
7350;VIA SALE';0;
6453;VIA DI PRAMORGHEN;0;
3811;TANGENZIALE SUD;1;SS 12 svincoli
3370;VIA C. VANNETTI;0;
1760;VIA A. MARIGHETTO;0;
3410;VIA VENEZIA;0;
7545;VIA DEL SENTER;0;
6480;VIA DI NICODEMO;0;
7271;GIARDINO VILLA DE MERSI;0;
8648;GIARDINO SUORE MARIA BAM.;0;
8471;VIA VECCHIE PONTARE;0;
0;;1;
6407;VIA AL PEZ;0;
7740;VIA DON DARIO TRENTINI;0;
7010;VIA ASIAGO;0;
1690;SALITA F. MANCI;0;
8750;VIA DELLA CROCE;0;
8529;PIAZZA T. SONTACCHI;0;
1870;VIA C. MENGUZZATO;0;
0;;1;
900;VIA A. DEGASPERI;0;
7700;PIAZZALE ERGOLDING;0;
6005;PIAZZA DELL'ARGENTARIO;0;
8810;VIA PRIMO MAGGIO;0;
8600;VIA ALTO SASSO;0;SP 85 del Monte Bondone
7750;VIA DELLA TORRE FRANCA;0;
3825;VIA A. GORFER;0;
0;;1;
8119;VIA DEL CAPITELLO;0;
7340;LOCALITA' PASSO CIMIRLO;0;
8069;STRADA DI VIGOLO BASELGA;0;SS 45 bis Gardesana Occ
8323;VIA DEI CASAI;0;
6300;VIA ALLA PELEGRINA;0;
6300;VIA ALLA PELEGRINA;0;
3811;TANGENZIALE SUD;1;SS 12 svincoli
900;VIA A. DEGASPERI;0;
1050;VIA L. EINAUDI;0;
7815;VIA NAZIONALE;0;
5290;VIA 4 NOVEMBRE;0;
8000;VIA DELLE ARE;0;
2950;VIA SANTA CROCE;1;
1860;VIA GEN. GIACOMO MEDICI;0;
1870;VIA C. MENGUZZATO;0;
1800;VIA MARSALA;0;
1870;VIA C. MENGUZZATO;0;
1050;VIA L. EINAUDI;0;
8650;STRADA DI CANDRIAI;0;SP 85 del Monte Bondone
8955;VIA DELLE PIAZZOLE;0;
6450;STRADA DI MONTEVACCINO;0;SP 131 del Vino 2 tronco
6310;VIA PONTE ALTO;0;
3450;VIALE VERONA;0;
8486;VIA DEI FRAGARI;0;
2020;VIA DEI MUREDEI;0;
5210;VIA F. MATTEDI;0;
8476;VIA DEI PALUSTEI;0;
2020;VIA DEI MUREDEI;0;
2880;VIA SAN PIO X;0;
6495;VIA DI ZELL;0;
6495;VIA DI ZELL;0;
1020;VIA DOSSO DOSSI;1;
7435;VIA ALLA CROS;0;
7435;VIA ALLA CROS;0;
7090;VIA U. GIORDANO;0;
6495;VIA DI ZELL;0;
2700;VIA SAN BARTOLAMEO;0;
2880;VIA SAN PIO X;0;
8313;VIA DEL CESURON;0;
20;VIA A. ABONDI;1;
8127;STRADA AL LAGO;0;
8116;STRADA DI CADINE;1;SS 45 bis Gardesana Occ
6300;VIA ALLA PELEGRINA;0;
3505;VIA DELLA SPALLIERA;0;
7345;VIA SABBIONI;0;
8119;VIA DEL CAPITELLO;0;
3824;VIA DI SAN VINCENZO;0;
3530;VIA R. ZANDONAI;1;
2880;VIA SAN PIO X;0;
8608;VIA ALLA CESA VECIA;0;
7750;VIA DELLA TORRE FRANCA;0;
2050;VIA A. NICOLODI;0;
7080;VIA GALASSA;0;
3831;VIA G. FERRANDI;0;
2700;VIA SAN BARTOLAMEO;0;
8607;VIA AL CASTAGNETO;0;
7795;VIA G. CATONI;0;
7820;VIA DELLA ROZOLA;0;
7795;VIA G. CATONI;1;
8136;STRADA PER TEZ;0;
7815;VIA NAZIONALE;0;
8132;PIAZZA DELLA REGOLA;0;
6453;VIA DI PRAMORGHEN;0;
8135;STRADA DI STAPIANA;0;
8113;VIA AL BRAIDON;0;
3535;VIA V. ZAMBRA;1;
8113;VIA AL BRAIDON;0;
6459;STRADA DI VAL CALDA;0;
3070;VIA SCHIVABRIGA;0;
5070;VIA BOLZANO;0;
1520;LUNGADIGE G. LEOPARDI;1;
1220;VIA T. GAR;0;
3833;VIA AL BOSCO DELLA CITTA';0;
7010;VIA ASIAGO;0;
3829;VIA TULLIO ODORIZZI;0;
8123;VIA DEL DOS DI SANT'ELENA;0;
8547;VIA DEI TRE COLLI;0;
8037;VIA DEL PRAOL;0;
2080;VIALE DEGLI OLMI;0;
900;VIA A. DEGASPERI;0;
900;VIA A. DEGASPERI;0;
3807;TANGENZIALE OVEST;1;SS 12 svincoli
2600;VIALE DELLE ROBINIE;0;
8547;VIA DEI TRE COLLI;0;
7230;VIA VALNIGRA;0;
3504;VIA MURALTA;0;
950;VIA DIETRO LE MURA B;1;
1120;VIA FERSINA;0;
6487;VIA DEI CAMERLI;0;
3811;TANGENZIALE SUD;1;SS 12 svincoli
2800;VIA SAN MARCO;1;
810;VIA COL DI LANA;1;
100;CORSO DEGLI ALPINI;0;
3450;VIALE VERONA;0;
7805;VIA DELLA CERIOLA;0;
8920;VIA AI CASTAGNARI;0;
8955;VIA DELLE PIAZZOLE;0;
620;VIA CARE' ALTO;0;
6160;VIA ALLA FORMIGHETA;0;
8534;VIA DELLE SUGARINE;0;
3310;VIA TORRE VERDE;1;
7230;VIA VALNIGRA;0;
900;VIA A. DEGASPERI;0;
480;CORSO M. BUONARROTI;0;
350;VIA B. BOMPORTO;0;
1570;VIA E. MACCANI;0;
281;VIA BERLINO;0;
3150;VIA DEI SOLTERI;0;
5700;VIA BUDAPEST;0;
2600;VIALE DELLE ROBINIE;0;
6415;VIA DEI CARLI;0;
8546;PIAZZA A. STAINER;0;
8911;VIA DEI POMARI;0;SP 90 Destra Adige
5795;VIA TALVERA;0;
3150;VIA DEI SOLTERI;0;
7240;VIA DELLA VILLA;0;
3440;VIA G. VERDI;0;
2280;VIA PASUBIO;1;
8760;VIA FILARI LONGHI;0;
8215;VIA DEL NARONCH;0;
2190;VIA PADOVA;1;
5102;VIA ALTO ADIGE;0;
0;;1;
8114;STRADA DEL BUS DE VELA;1;SS 45 bis Gardesana Occ
3508;VIA A. GOIO;0;
8538;VIC. DELLA POSTA VECCHIA;0;
7440;VIA REDONDOLO;0;
8118;VIA DI CAMAN;0;
8131;VIA DELLA POSTA;0;
6485;VIA DI MADERNO;0;
2900;VIA R. DA SANSEVERINO;1;
1190;VICOLO GALASSO;0;
810;VIA COL DI LANA;1;
3824;VIA DI SAN VINCENZO;0;
6421;STRADA DELLE POZZE;0;
4070;GIARDINO ALEXANDER LANGER;0;
5101;VIA SANT'ANNA;0;
7865;STRADA DELLE NOVALINE;0;
7305;VIA ALLA CASCATA;0;
3823;VIA DI COSTA SAN NICOLO';0;
6468;VIA PER COGNOLA;0;
1800;VIA MARSALA;0;
876;VICOLO DEI DALL'ARMI;0;
2310;VIA G. PEDROTTI;0;
5010;VIA AEROPORTO;0;
840;VIA DEL COMMERCIO;0;
8540;VIA DEL RIO PAPA;0;
3807;TANGENZIALE OVEST;1;SS 12 svincoli
7815;VIA NAZIONALE;0;
3825;VIA A. GORFER;0;
7267;VIA DELLE NODE;0;
3807;TANGENZIALE OVEST;1;SS 12 svincoli
3823;VIA DI COSTA SAN NICOLO';0;
7810;LOCALITA' MASET;0;
5730;VIA MARTINO AICHNER;0;
610;LARGO G. CARDUCCI;1;
7190;VIA A. TAMBOSI;0;SP 204 Villazzano-Ponte Ludovico
7740;VIA DON DARIO TRENTINI;0;
7740;VIA DON DARIO TRENTINI;0;
8514;VIA DELLE CANOPE;0;
6450;STRADA DI MONTEVACCINO;0;SP 131 del Vino 2 tronco
1180;VIA A. FRANK;0;
8011;VIA DEL DOS CALT;0;
8013;VIA DEL DOSSOL;0;
3250;VIALE DEI TIGLI;0;
3250;VIALE DEI TIGLI;0;
8912;VIA DELLE ISCHIE;0;SP 131 Strada del Vino
7990;VIA POMERANOS;0;
7345;VIA SABBIONI;0;
6001;VIA DON ALFONSO ANSELMI;0;
8474;VICOLO G. DE CARLI;0;
7785;VIA DEL RIO STOLZANO;0;
1600;VIA CARD. C. MADRUZZO;1;
3535;VIA V. ZAMBRA;0;
1130;PIAZZA DI FIERA;0;
3834;VIA PIA ZAMBOTTI;0;
8521;SALITA AI SPIAZZI;0;
845;VIA E. CONCI;0;
8001;VIA DELLA BELINA;0;
8750;VIA DELLA CROCE;0;
8541;VIA CONIUGI ROSETTI;0;
190;VIA ASILO PEDROTTI;0;
6407;VIA AL PEZ;0;
7110;VIA MARZOLA;0;
7230;VIA VALNIGRA;0;SP 204 Villazzano-Ponte Ludovico
7262;VIA DEL BOMPORT;0;
6460;VIA DEL MONT DE SORA;0;
20;VIA A. ABONDI;0;
8482;VIA DELLA FORNACE;0;
3340;VIA DEL TRAVAI;0;
590;PIAZZA DEI CAPPUCCINI;0;
8495;VIA DEI CAMPI;0;
8494;VIA DELLA DOSSERA;0;
5500;PIAZZA DELLA LIBERTA';0;
7510;VIA DEI VALONI;0;
3450;VIALE VERONA;0;
8750;VIA DELLA CROCE;0;
2080;VIALE DEGLI OLMI;0;
7260;SALITA DEI MOLINI;0;
8770;VIA MARGONE;0;
7260;SALITA DEI MOLINI;0;
7070;VIA N. FALZOLGHER;0;
7090;VIA U. GIORDANO;0;
6470;VIA PER L'OSSERVATORIO;0;
6170;VIA DEL FORTE;0;
1720;VIA DELLA MANTOVANA;0;
4025;BOLGHERA;0;
5610;VIA DON LORENZO MILANI;0;
5776;VIA CESARE BECCARIA;0;
740;VIA DELLA CERVARA;0;
3100;VIA G. SEGANTINI;1;
7460;VIA DON TOMMASO DALLAFIOR;0;
5770;VIA DRAVA;0;
3590;VIA DI CAMPOTRENTINO;0;
3290;VIA TORRE D'AUGUSTO;0;
3150;VIA DEI SOLTERI;0;
3290;VIA TORRE D'AUGUSTO;0;
5615;VIA 25 APRILE;0;
3150;VIA DEI SOLTERI;0;
7110;VIA MARZOLA;0;
3817;VIA DI MADONNA BIANCA;0;
2390;PIAZZA DI PIEDICASTELLO;0;
7730;VIA G. POLI;0;
8472;PIAZZA DELL'ASSUNTA;0;
8471;VIA VECCHIE PONTARE;0;
8960;VIA ALLE SETTE FONTANE;0;
7130;LOCALITA' NEGRANO;0;
7070;VIA N. FALZOLGHER;0;
7050;LOCALITA' CERNIDOR;0;
8119;VIA DEL CAPITELLO;0;
8119;VIA DEL CAPITELLO;0;
8112;STRADA PER I BACANDI;0;
6485;VIA DI MADERNO;0;
30;VIA J. ACONCIO;0;
8507;SALITA AI CANTONI;0;
1200;VIA G. GALILEI;1;
8496;PZ. MADONNA DI CARAVAGGIO;0;
1380;VIA GORIZIA;1;
8502;STRADA DEI MAGNOI;0;
8411;VIA DI CAMPARTA MEDIA;0;
5710;VIA BRATISLAVA;0;
8657;STRADA DEL PRA DEL BOTER;0;SP 85 dir Sopramonte
8049;STRADA PER LE TRE CIME;0;SP 85 dir Sopramonte
2800;VIA SAN MARCO;1;
2050;VIA A. NICOLODI;1;
2570;VIA REGINA PACIS;1;
340;VIALE N. BOLOGNINI;1;
1380;VIA GORIZIA;1;
330;VIA BOLGHERA;1;
5670;VIA MONACO;0;
3832;VIA V. DE RICCABONA;1;
5560;VIA DEL PIOPPETO;0;
0;;1;
6290;VIA DEGLI OLIVI;0;
7390;VIA PANTE';1;
1100;VIA DEI FERROVIERI;0;
7440;VIA REDONDOLO;0;
6400;VIA ALLA VEDUTA;0;
3811;TANGENZIALE SUD;1;SS 12 svincoli
240;VIA R. BELENZANI;1;
8519;VIA DI PRALUNGO;0;
6490;VIA DEGLI ALTENBURGER;0;
1650;VIA MALTA;1;
80;P.TTA DEGLI AGOSTINIANI;1;
1480;VIA LAVISOTTO;1;
1200;VIA G. GALILEI;0;
5080;VIA L. CANEPPELE;0;
7420;VIA GRAFFIANO;0;
7465;VIA V. MARCHESONI;0;
7272;GIARDINO DI SAN ROCCO;0;
8067;VIA DEL PRA DE LA FAVA;0;
8048;STRADA DI SPINEDA;0;SP 85 dir Sopramonte
460;VIA F.LLI BRONZETTI;1;
7795;VIA G. CATONI;0;
8750;VIA DELLA CROCE;0;
8750;VIA DELLA CROCE;0;
8925;VIA AI CALMI;0;
8465;PASSEGGIATA F. PERGHEM;0;
3450;VIALE VERONA;0;
3507;VIA G. UNTERVEGER;0;
5645;VIA LAURENCE FEININGER;0;
2330;VIA F.LLI PERINI;1;
5740;VIA L. BONAZZA;0;
8415;VIA CASTEL DI CORTESANO;0;
7010;VIA ASIAGO;0;
7845;LOCALITA LASTE MATTARELLO;0;
7305;VIA ALLA CASCATA;0;
1420;VIA V. INAMA;0;
7010;VIA ASIAGO;0;
6483;VIA DEI BERGAMINI;0;
5675;VIA BREGENZ;0;
7045;VIA AL CASTEL DI S. ROCCO;0;
2600;VIALE DELLE ROBINIE;0;
3503;VIA MESIANO;0;
7010;VIA ASIAGO;0;
5735;VIA C. BENEDETTI;0;
430;VIA BRESCIA;0;
600;VIA DEI CAPPUCCINI;0;
1540;VIA DRUSO;0;
7340;LOCALITA' PASSO CIMIRLO;0;
7501;STRADA PER MARANZA;0;
2860;VIA SAN PIETRO;0;
2770;VIA SAN GIOVANNI;1;
3502;VIA DEI GIARDINI;0;
8487;STRADA FONDA;0;
3450;VIALE VERONA;0;
7815;VIA NAZIONALE;0;
1010;VIA DOS TRENTO;0;
8520;VICOLO DEL RIO;0;
8524;VIA DEL DOS DE LA LUNA;0;
8486;VIA DEI FRAGARI;0;
830;VIA DELLA COLLINA;0;
8780;VIA DELLE MASERE;0;
2900;VIA R. DA SANSEVERINO;1;
8413;VIA PER CORTESANO;0;
8413;VIA PER CORTESANO;0;
6150;VIA DOS CASTION;0;
1010;VIA DOS TRENTO;0;
2020;VIA DEI MUREDEI;0;
8955;VIA DELLE PIAZZOLE;0;
7045;VIA AL CASTEL DI S. ROCCO;0;
8750;VIA DELLA CROCE;0;
8730;VIA BERLINA;0;
3340;VIA DEL TRAVAI;1;
1010;VIA DOS TRENTO;0;
1890;VIA MILANO;1;
5090;VIA DELLA CANOVA;0;
8650;STRADA DI CANDRIAI;0;SP 85 del Monte Bondone
3510;VIA VITTORIO VENETO;0;
460;VIA F.LLI BRONZETTI;0;
20;VIA A. ABONDI;0;
50;PIAZZA ADAMO D'AROGNO;0;
7155;VIA PIANIZZA;0;
1380;VIA GORIZIA;1;
7415;VIA ALLA VAL;0;
3440;VIA G. VERDI;0;
1130;PIAZZA DI FIERA;1;
7200;VIA DEI TESSADRI;0;
4047;PONTE DEI MILLE;0;
3150;VIA DEI SOLTERI;0;
6452;VIA AL MASO LIBRAR;0;
1490;GALL. LEGIONARI TRENTINI;0;
3832;VIA V. DE RICCABONA;1;
3760;VIA PADRE EUSEBIO IORI;0;
7280;VILLAZZANO;0;
260;VIC. BEATO STEF.BELLESINI;0;
7190;VIA A. TAMBOSI;0;SP 204 Villazzano-Ponte Ludovico
4040;ZONA COMM.LE VIA MACCANI;0;
8032;VIA DELLE PIAZZE;0;
6110;VIA CESARINI;0;
5730;VIA MARTINO AICHNER;0;
8870;VIA VAL GOLA;0;
8960;VIA ALLE SETTE FONTANE;0;
7750;VIA DELLA TORRE FRANCA;0;
1860;VIA GEN. GIACOMO MEDICI;0;
3507;VIA G. UNTERVEGER;0;
6003;VIA BASSANO;0;SS 47 della Valsugana
7865;STRADA DELLE NOVALINE;0;
8517;VIA DEI GUARINONI;0;
7990;VIA POMERANOS;0;
8514;VIA DELLE CANOPE;0;
3050;LARGO N. SAURO;1;
5550;VIA AL PONT DEI VODI;0;
5530;VIA DEL LOGHET;0;
6150;VIA DOS CASTION;0;
6414;VIA PER CAMPEL;0;
6414;VIA PER CAMPEL;0;
8038;VIA DEL REGOLIN;0;
8553;GIARDINO DELLA MADONNINA;0;
3834;VIA PIA ZAMBOTTI;0;
5670;VIA MONACO;0;
2860;VIA SAN PIETRO;1;
7060;VIA DEI COLLI;0;
8480;VIA AL CANON;0;
460;VIA F.LLI BRONZETTI;0;
600;VIA DEI CAPPUCCINI;0;
2750;VIA S. FRANCESCO D'ASSISI;0;
530;VIA CALEPINA;1;
900;VIA A. DEGASPERI;1;
3505;VIA DELLA SPALLIERA;0;
1860;VIA GEN. GIACOMO MEDICI;0;
3440;VIA G. VERDI;0;
7140;P.ZZA MONS. G.P. NICOLINI;0;
3809;VIA ERNESTO SESTAN;1;
480;CORSO M. BUONARROTI;0;
3030;PIAZZA RAFFAELLO SANZIO;0;
5705;VIA SALISBURGO;0;
1130;PIAZZA DI FIERA;0;
3828;VIA E. LANZEROTTI;0;
1760;VIA A. MARIGHETTO;0;
830;VIA DELLA COLLINA;0;
5170;VIA GIARETTE;0;
2990;PIAZZA S. MARIA MAGGIORE;1;
3807;TANGENZIALE OVEST;1;SS 12 svincoli
2020;VIA DEI MUREDEI;0;
7050;LOCALITA' CERNIDOR;0;
3730;VIA M. STENICO;0;
3835;VIA G. BASSETTI;0;
900;VIA A. DEGASPERI;0;
3490;P.ZZA ALESSANDRO VITTORIA;1;
2670;VIA A. ROSMINI;0;
2330;VIA F.LLI PERINI;0;
2330;VIA F.LLI PERINI;0;
2150;VICOLO DELLE ORSOLINE;1;
1370;VIA GOCCIADORO;0;
8132;PIAZZA DELLA REGOLA;0;
7815;VIA NAZIONALE;0;
1280;VIA A. GAZZOLETTI;0;
5080;VIA L. CANEPPELE;0;
8260;PIAZZA SAN LEONARDO;0;
0;;0;
6440;VIA AL MASO SPECCHIO;0;
3140;VIA DON NARCISO SORDO;0;
6080;VIA DEL CAPITEL;0;
975;L.GO DONATORI VOL. SANGUE;1;
3829;VIA TULLIO ODORIZZI;0;
8487;STRADA FONDA;0;
1520;LUNGADIGE G. LEOPARDI;1;
3050;LARGO N. SAURO;1;
1450;PIAZZETTA P. DIEGO LAINEZ;0;
3750;VIA DON LORENZO GUETTI;0;
1040;PIAZZA DUOMO;1;
8472;PIAZZA DELL'ASSUNTA;0;
1020;VIA DOSSO DOSSI;0;
4049;PONTE SANTA BARBARA;0;
530;VIA CALEPINA;1;
3830;STR. GARDESANA DI TRENTO;0;
740;VIA DELLA CERVARA;0;
1260;PIAZZA G.B. GARZETTI;0;
3620;VIA AL MASO VISINTAINER;1;
7815;VIA NAZIONALE;0;
1570;VIA E. MACCANI;1;
5080;VIA L. CANEPPELE;0;
2670;VIA A. ROSMINI;0;
3823;VIA DI COSTA SAN NICOLO';0;
1930;VIA MONTE BALDO;0;
6460;VIA DEL MONT DE SORA;0;SP 131 del Vino 2 tronco
6405;VIA DEL CROCEFISSO;1;
8547;VIA DEI TRE COLLI;0;
2050;VIA A. NICOLODI;1;
4034;S. CHIARA - C. CULTURALE;0;
5670;VIA MONACO;0;
4035;VILLAZZANO TRE;0;
8627;P.ZZA S.FILIPPO E GIACOMO;0;
8132;PIAZZA DELLA REGOLA;0;
1120;VIA FERSINA;0;
7340;LOCALITA' PASSO CIMIRLO;0;
8422;SPONDA TRENTINA;0;
8803;VIA STELLA;0;
6458;P.LE D. LORENZO OBEROSLER;0;
3833;VIA AL BOSCO DELLA CITTA';1;
8043;VIA DEL SALES;0;
540;VIA L. DE CAMPI;0;
1125;VIA G. BARTALI;0;
20;VIA A. ABONDI;0;
6170;VIA DEL FORTE;0;
1350;VIA G. GIUSTI;0;
5610;VIA DON LORENZO MILANI;0;
2360;VIA F. PETRARCA;1;
5903;PARCO DI MELTA;0;
5715;VIA GRAZ;0;
7460;VIA DON TOMMASO DALLAFIOR;0;
1010;VIA DOS TRENTO;0;
320;VICOLO DEI BIRRI;0;
20;VIA A. ABONDI;0;
8235;VIA MOSNA DI VIGOLO;0;
5680;VIA KLAGENFURT;0;
8607;VIA AL CASTAGNETO;0;
900;VIA A. DEGASPERI;0;
2820;VIA SAN MARTINO;1;
6460;VIA DEL MONT DE SORA;0;
3040;PIAZZETTA DEL SASS;0;
6450;STRADA DI MONTEVACCINO;0;
8541;VIA CONIUGI ROSETTI;0;
40;VIA ADAMELLO;0;
6170;VIA DEL FORTE;0;
7050;LOCALITA' CERNIDOR;0;
8023;VIA DI MURA;0;
8041;VIA DELLA RI;0;
1170;VIA FELICE E G. FONTANA;0;
8037;VIA DEL PRAOL;0;
5560;VIA DEL PIOPPETO;0;
1190;VICOLO GALASSO;0;
1660;VIA DELLA MALVASIA;0;
1555;VIA R. LUNELLI;0;
1555;VIA R. LUNELLI;0;
1840;VIA G. MAZZINI;1;
880;PIAZZA DANTE;0;
6450;STRADA DI MONTEVACCINO;0;SP 131 del Vino 2 tronco
1740;VIA MARANZA;0;
3350;CORSO 3 NOVEMBRE;0;
5750;VIA G. B. FATTORI;0;
5635;VIA ALLE ROSTE;0;
5908;PONTE DEI VODI;0;
1710;VIA MANTOVA;1;
7180;STRADA DELLE TABARELLE;0;
8960;VIA ALLE SETTE FONTANE;0;
3450;VIALE VERONA;0;
3510;VIA VITTORIO VENETO;0;
7140;P.ZZA MONS. G.P. NICOLINI;0;
8472;PIAZZA DELL'ASSUNTA;0;
7750;VIA DELLA TORRE FRANCA;0;
6050;VIA AI BOLLERI;0;
8323;VIA DEI CASAI;0;
5290;VIA 4 NOVEMBRE;0;
5595;VIA DI MELTA;0;
270;VICOLO BENASSUTI;0;
8472;PIAZZA DELL'ASSUNTA;0;
8313;VIA DEL CESURON;0;
190;VIA ASILO PEDROTTI;0;
7262;VIA DEL BOMPORT;0;
6020;VIA BELLAVISTA;0;
3750;VIA DON LORENZO GUETTI;0;
2300;VIA G. PECORI GIRALDI;1;
6050;VIA AI BOLLERI;0;SP 131 del Vino 2 tronco
8487;STRADA FONDA;0;
7305;VIA ALLA CASCATA;1;
5070;VIA BOLZANO;1;
1310;VIA DELLE GHIAIE;0;
1310;VIA DELLE GHIAIE;0;
8803;VIA STELLA;0;
8013;VIA DEL DOSSOL;0;
5795;VIA TALVERA;0;
1870;VIA C. MENGUZZATO;0;
770;VIA E. CHINI;0;
5760;VIA F. ORADINI;0;
5760;VIA F. ORADINI;0;
7760;LOCALITA' I CAROZETI;0;
8960;VIA ALLE SETTE FONTANE;0;
4031;SAN BARTOLAMEO;0;
7410;SALITA SANT'AGATA;0;
5595;VIA DI MELTA;0;
1110;VIA FRANCESCO FERRUCCIO;1;
1850;LARGO MEDAGLIE D'ORO;1;
400;VIA DEL BRENNERO;1;
8064;SANT'ANNA;0;
0;;1;
6360;VIA SAN VITO;0;
1550;PIAZZA LODRON;0;
6200;VIA B. KOFLER;0;
6473;VIA AL VASCON;0;
3807;TANGENZIALE OVEST;1;SS 12 svincoli
8750;VIA DELLA CROCE;0;
3360;VIALE TRIESTE;0;
1930;VIA MONTE BALDO;0;
3350;CORSO 3 NOVEMBRE;0;
8000;VIA DELLE ARE;0;
1960;VIA MONTELLO;1;
8133;VIA DI SAN MICHELE;0;
8212;VIA DON LUCA DEFLORIAN;0;
8529;PIAZZA T. SONTACCHI;0;
2900;VIA R. DA SANSEVERINO;0;
7080;VIA GALASSA;0;
3150;VIA DEI SOLTERI;0;
3210;VIA DEL SUFFRAGIO;0;
8470;VIA DELLE TRE CROCI;0;
3150;VIA DEI SOLTERI;0;
8417;VIA DEL MASO BIANCO;0;SP 76 dir S.Lazzaro
3811;TANGENZIALE SUD;0;SS 12 dell'Abetone e del Brennero
8629;VIA DEI TERLI;0;
5735;VIA C. BENEDETTI;0;
2920;VIA SAN VIGILIO;0;
220;VIA BARTOLAMEO DA TRENTO;0;
40;VIA ADAMELLO;1;
7855;LOCALITA' I GREZZI;0;
7110;VIA MARZOLA;0;
7445;VIA AI CASOTI;0;
2900;VIA R. DA SANSEVERINO;1;
1860;VIA GEN. GIACOMO MEDICI;0;
8132;PIAZZA DELLA REGOLA;0;
2430;VIA DI PIETRASTRETTA;1;
8418;VIA CA ROSSA;0;SP 76 Gardolo-Lases
8478;VIA DI CAMPARTA BASSA;0;
3720;VIA DELLA MALPENSADA;0;
7770;VIA DELLA DECIMA;0;
8049;STRADA PER LE TRE CIME;0;
8720;VIA PER BELVEDERE;0;
1570;VIA E. MACCANI;0;
650;VIA AL CASTELLER;0;
7450;VIA CASTEL DI PIETRAPIANA;0;
2370;VIA PIAVE;0;
8534;VIA DELLE SUGARINE;0;
8019;STRADA DEL MASO BERLANDI;0;
2930;VIA SANT'ANTONIO;1;
330;VIA BOLGHERA;1;
330;VIA BOLGHERA;1;
1430;LOCALITA' ISCHIA PODETTI;0;
7810;LOCALITA' MASET;0;
6495;VIA DI ZELL;0;
3440;VIA G. VERDI;0;
5735;VIA C. BENEDETTI;0;
5080;VIA L. CANEPPELE;0;
3500;VIA A. VIVALDI;0;
6003;VIA BASSANO;0;SS 47 della Valsugana
5080;VIA L. CANEPPELE;0;
5635;VIA ALLE ROSTE;0;
900;VIA A. DEGASPERI;0;
650;VIA AL CASTELLER;0;
850;PIAZZA DEL CONCILIO;0;
3770;VIA H. JEDIN;1;SS 12 svincoli
1140;VIA F. FILZI;0;
8524;VIA DEL DOS DE LA LUNA;0;
3510;VIA VITTORIO VENETO;0;
5460;VIA INNSBRUCK;1;
7775;VIA DELLE CESE LONGHE;0;
7870;SALITA AI DOSSI;0;
5300;LOCALITA' RONCAFORT;0;
8740;VIA CENTRALE;0;
20;VIA A. ABONDI;1;
3510;VIA VITTORIO VENETO;1;
3400;PIAZZA VENEZIA;0;
7703;VIA DELLA GOTARDA;0;SP 21 Mattarello-Aldeno
7815;VIA NAZIONALE;1;
140;VIA ANTONIO DA TRENTO;1;
5080;VIA L. CANEPPELE;1;
830;VIA DELLA COLLINA;0;
840;VIA DEL COMMERCIO;0;
8037;VIA DEL PRAOL;0;
5280;VIA PORTICI;0;
840;VIA DEL COMMERCIO;0;
840;VIA DEL COMMERCIO;0;
740;VIA DELLA CERVARA;0;
5595;VIA DI MELTA;0;
7115;VIA DELLA ZIVERANA;0;
6160;VIA ALLA FORMIGHETA;0;
3000;VIA SANTA TRINITA';1;
350;VIA B. BOMPORTO;0;
8119;VIA DEL CAPITELLO;0;
7815;VIA NAZIONALE;0;
8486;VIA DEI FRAGARI;0;
0;;1;
1200;VIA G. GALILEI;1;
3590;VIA DI CAMPOTRENTINO;0;
7115;VIA DELLA ZIVERANA;0;
3901;VIA G. MATTEOTTI;1;
8414;VIA DEL PORFIDO;1;
450;VIA BRIGATA ACQUI;0;
5781;VIA DELLE PALAZZINE;0;
6050;VIA AI BOLLERI;0;
7815;VIA NAZIONALE;0;
1570;VIA E. MACCANI;0;
6429;VIA P. ALBERTO GIANORDOLI;0;
4045;PONTE FERSINA;0;
1470;VIA DELLE LASTE;0;
2640;VIA ROMA;1;
2640;VIA ROMA;1;
8730;VIA BERLINA;0;
8067;VIA DEL PRA DE LA FAVA;0;
5370;VIA B. TODESCA;0;
8730;VIA BERLINA;0;
7200;VIA DEI TESSADRI;0;
8487;STRADA FONDA;0;
8541;VIA CONIUGI ROSETTI;0;
8487;STRADA FONDA;0;
8540;VIA DEL RIO PAPA;0;
8523;VIA MADONNA DEI PRATI;0;
3827;VIA DEI MARINAI D'ITALIA;1;SS 12 svincoli
1550;PIAZZA LODRON;0;
8540;VIA DEL RIO PAPA;0;
8490;VICOLO G. F. BORTOLOTTI;0;
8523;VIA MADONNA DEI PRATI;0;
8421;VIA SANTI PIETRO E PAOLO;0;
7485;VIA DELLA RESISTENZA;0;
7485;VIA DELLA RESISTENZA;0;
3720;VIA DELLA MALPENSADA;0;
7400;SALITA SANTA LUCIA;0;
7395;VIA DEI PAHO;0;
7485;VIA DELLA RESISTENZA;0;
7860;VIA F. MENESTRINA;0;
7145;STRADA DELLA POZZATA;0;
7210;VIA TORRICELLE;0;
160;VIA AOSTA;0;
700;PIAZZA DI CENTA;1;
8631;VIA DELLA TORESELA;0;
2600;VIALE DELLE ROBINIE;0;
3050;LARGO N. SAURO;1;
8516;STRADA AL CIROCOL;0;
3836;VIA ZITA LORENZI;0;
900;VIA A. DEGASPERI;1;
6310;VIA PONTE ALTO;0;
5660;VIA DI SPINI;0;
3830;STR. GARDESANA DI TRENTO;0;SS 45 bis Gardesana Occ
8600;VIA ALTO SASSO;0;
0;;1;
8022;STRADA MONASTERO S. ANNA;0;
5090;VIA DELLA CANOVA;0;
5090;VIA DELLA CANOVA;0;
5090;VIA DELLA CANOVA;0;
5090;VIA DELLA CANOVA;0;
5090;VIA DELLA CANOVA;0;
8612;STRADA COSTA CASTEGNARI;0;
4056;GIARDINO DI PIAZZA CENTA;0;
8240;VIA NUOVA;1;
4071;GIARDINO MARIA TERESA;0;
7760;LOCALITA' I CAROZETI;0;
8482;VIA DELLA FORNACE;0;
5595;VIA DI MELTA;0;
8970;VIA DEI RIMONI;0;
2480;PIAZZA DELLA PORTELLA;1;
3836;VIA ZITA LORENZI;0;
5785;VIA ISARCO;0;
5785;VIA ISARCO;0;
3501;VIA CENTOCHIAVI;0;
3080;VIA G.A. SCOPOLI;1;
6486;VIA DI MOIA';0;
7740;VIA DON DARIO TRENTINI;0;
8240;VIA NUOVA;0;
8235;VIA MOSNA DI VIGOLO;0;
5740;VIA L. BONAZZA;1;
8477;VIC. DON G. B. PARTELLONI;0;
5675;VIA BREGENZ;0;
5660;VIA DI SPINI;0;
3620;VIA AL MASO VISINTAINER;0;
2810;VICOLO SAN MARCO;1;
570;PIAZZA GEN. A. CANTORE;1;
3824;VIA DI SAN VINCENZO;0;
2600;VIALE DELLE ROBINIE;0;
3805;VIA GIANCARLO MARONI;0;
3290;VIA TORRE D'AUGUSTO;0;
7273;PARCO DEI BINDESI;0;
0;;1;Autostrada A22
8527;VIA DELLA CAVADA;0;
2990;PIAZZA S. MARIA MAGGIORE;1;
7450;VIA CASTEL DI PIETRAPIANA;0;SP 204 Villazzano-Ponte Ludovico
5500;PIAZZA DELLA LIBERTA';0;
8471;VIA VECCHIE PONTARE;0;
8114;STRADA DEL BUS DE VELA;1;SS 45 bis Gardesana Occ
8524;VIA DEL DOS DE LA LUNA;0;
3807;TANGENZIALE OVEST;1;SS 12 svincoli
5340;VIA SOPRASASSO;0;
6403;VIA GIULIO CIURLETTI;0;
3290;VIA TORRE D'AUGUSTO;0;
1890;VIA MILANO;0;
1640;VIA MALPAGA;1;
1140;VIA F. FILZI;0;
3836;VIA ZITA LORENZI;0;
6310;VIA PONTE ALTO;0;
7704;STRADA AI PALAZZI;0;
3030;PIAZZA RAFFAELLO SANZIO;0;
6250;PIAZZA G. MENGHIN;0;
8475;VIA DEL CAMANTOLIN;0;
7755;VIA DEL CASTEL;0;
8119;VIA DEL CAPITELLO;0;
7684;PONTE LODOVICO;0;
7703;VIA DELLA GOTARDA;0;SP 21 Mattarello-Aldeno
7730;VIA G. POLI;0;
1570;VIA E. MACCANI;0;
1590;P.ZZA MADONNA DELLE LASTE;0;
3760;VIA PADRE EUSEBIO IORI;0;
8116;STRADA DI CADINE;0;SS 45 bis Gardesana Occ
3809;VIA ERNESTO SESTAN;1;
2210;VIA G. P. DA PALESTRINA;0;
1355;VIA H. GMEINER;0;
8656;VIA PER CESANA - CANDRIAI;0;
1125;VIA G. BARTALI;0;
7990;VIA POMERANOS;0;
7730;VIA G. POLI;0;
3770;VIA H. JEDIN;1;SS 12 svincoli
6403;VIA GIULIO CIURLETTI;0;
2510;VIA G. PRATI;1;
8422;SPONDA TRENTINA;0;SP 76 dir S.Lazzaro
1080;VIA C. ESTERLE;1;
3801;VIA BEATO G. ALBERIONE;0;
0;;1;
40;VIA ADAMELLO;0;
4041;ZONA COMM.LE VIA BRENNERO;0;
2910;VIA DEL SIMONINO;1;
7880;LOCALITA' LE BASSE;0;
8052;VIA DELLA VAL DEI MOLINI;0;SP 85 dir Vigolo Baselga
1570;VIA E. MACCANI;0;
8323;VIA DEI CASAI;0;
8613;VIA DELLA CROSARA;0;
8049;STRADA PER LE TRE CIME;0;SP 85 dir Sopramonte
1340;VIA B. GIOVANELLI;1;
8049;STRADA PER LE TRE CIME;0;SP 85 dir Sopramonte
1410;VIA F. GUARDI;1;
240;VIA R. BELENZANI;1;
7750;VIA DELLA TORRE FRANCA;0;
7750;VIA DELLA TORRE FRANCA;0;
7080;VIA GALASSA;0;
1350;VIA G. GIUSTI;0;
6120;VIA ALLE COSTE;0;
0;;1;
1600;VIA CARD. C. MADRUZZO;1;
7345;VIA SABBIONI;0;
7130;LOCALITA' NEGRANO;0;
2200;VIA PALERMO;0;
3811;TANGENZIALE SUD;1;SS 12 svincoli
6495;VIA DI ZELL;0;
6495;VIA DI ZELL;0;
8627;P.ZZA S.FILIPPO E GIACOMO;0;
2820;VIA SAN MARTINO;0;
8626;VIA DEL RONCO D'ANDREA;0;
8608;VIA ALLA CESA VECIA;0;
7180;STRADA DELLE TABARELLE;0;
3502;VIA DEI GIARDINI;0;
7250;VIA VILLA BELFONTE;0;
3808;VIA LEOPOLDO PERGHER;0;
7370;VIA EREMO;0;
1750;VIA L. MARCHETTI;1;
3770;VIA H. JEDIN;1;SS 12 svincoli
6160;VIA ALLA FORMIGHETA;0;
8134;STRADA DI SORAVAL;0;
7425;VIA GABBIOLO;0;
5778;LUNGAVISIO LUIGI TOMASI;0;
0;;1;
4057;GIARDINO G. B. GARZETTI;0;
1940;VIA MONTE CORNO;1;
90;VIA V. ALFIERI;1;
2440;SOTTOPORTICO DEL PIEVANO;0;
2200;VIA PALERMO;0;
8911;VIA DEI POMARI;0;SP 90 Destra Adige
8119;VIA DEL CAPITELLO;0;
8119;VIA DEL CAPITELLO;0;
5625;VIA SILVIO PEGORETTI;0;
3811;TANGENZIALE SUD;1;SS 12 svincoli
7385;VIA SPRE';0;
2730;VIA SAN BERNARDINO;1;
8487;STRADA FONDA;0;
5520;VIA MARCO POLA;0;
5460;VIA INNSBRUCK;1;
2320;PIAZZA S. PELLICO;1;
2230;VIA PAPIRIA;0;
0;;1;
2430;VIA DI PIETRASTRETTA;0;
6495;VIA DI ZELL;0;
8128;VIA DEI MASI;0;
8491;STRADA ALLE GORGHE;0;
8039;VIA DI REVOLTA;0;
8027;PIAZZA OVENO;0;
5080;VIA L. CANEPPELE;0;
5010;VIA AEROPORTO;0;
5010;VIA AEROPORTO;0;
3260;GALLERIA TIRRENA;0;
2530;VIA DELLA PREPOSITURA;0;
2530;VIA DELLA PREPOSITURA;0;
1280;VIA A. GAZZOLETTI;0;
5660;VIA DI SPINI;0;
3807;TANGENZIALE OVEST;1;SS 12 svincoli
1350;VIA G. GIUSTI;0;
2500;LARGO E. PRATI;1;
7315;VIA MADONNINA;0;
8930;VIA DELLE FONTANELLE;0;
3510;VIA VITTORIO VENETO;0;
3510;VIA VITTORIO VENETO;0;
2620;VIA DELLA ROGGIA GRANDE;1;
8800;VIA DEL PONTE;0;SP 90 Destra Adige
0;;0;
8544;VICOLO DI SANTA GIULIANA;0;
6330;VIA DI PRADISCOLA;0;
4030;PIAZZALE DELLA ZUFFO;0;
2050;VIA A. NICOLODI;1;
7815;VIA NAZIONALE;0;
7760;LOCALITA' I CAROZETI;0;
6100;VIA DEI CASTORI;0;
2430;VIA DI PIETRASTRETTA;0;
8770;VIA MARGONE;0;
5781;VIA DELLE PALAZZINE;0;
1390;VIA A. GRAMSCI;0;
1390;VIA A. GRAMSCI;1;
7305;VIA ALLA CASCATA;0;
5595;VIA DI MELTA;0;
6482;VIA EDUINO FELLIN;0;
8965;PIAZZA C. CONDINI;0;
7760;LOCALITA' I CAROZETI;0;
3502;VIA DEI GIARDINI;0;
6240;VIA DEI MASETTI;0;
8127;STRADA AL LAGO;0;
5080;VIA L. CANEPPELE;0;
3833;VIA AL BOSCO DELLA CITTA';0;
7502;VIA ZNOJMO;0;
7260;SALITA DEI MOLINI;0;
7080;VIA GALASSA;0;
30;VIA J. ACONCIO;0;
1860;VIA GEN. GIACOMO MEDICI;1;
0;;1;
6240;VIA DEI MASETTI;0;
2950;VIA SANTA CROCE;1;
2970;VIA S. MARIA MADDALENA;1;
8740;VIA CENTRALE;0;
740;VIA DELLA CERVARA;0;
3355;PIAZZA DEL TRIDENTE;0;
5270;VIA DON S. PEDROLLI;0;
3807;TANGENZIALE OVEST;1;SS 12 svincoli
2445;LARGO L. PIGARELLI;1;
1400;VIA DON GIUSEPPE GRAZIOLI;0;
7485;VIA DELLA RESISTENZA;0;
1760;VIA A. MARIGHETTO;0;
8730;VIA BERLINA;0;
8011;VIA DEL DOS CALT;0;
8113;VIA AL BRAIDON;0;
1130;PIAZZA DI FIERA;0;
7501;STRADA PER MARANZA;0;
8546;PIAZZA A. STAINER;0;
3802;VIA BRUNO DE FINETTI;0;
8477;VIC. DON G. B. PARTELLONI;0;
8803;VIA STELLA;0;SP 90 Destra Adige
3250;VIALE DEI TIGLI;0;
2200;VIA PALERMO;0;
8510;VIA DEL PRA DE L'AGNELA;0;
3805;VIA GIANCARLO MARONI;0;
7475;PIAZZA OLTRECASTELLO;0;
740;VIA DELLA CERVARA;0;
3901;VIA G. MATTEOTTI;0;
8414;VIA DEL PORFIDO;1;SP 76 Gardolo-Lases
5010;VIA AEROPORTO;0;
7450;VIA CASTEL DI PIETRAPIANA;0;SP 204 Villazzano-Ponte Ludovico
2000;VIA DELLA MOSTRA;0;
5595;VIA DI MELTA;0;
2990;PIAZZA S. MARIA MAGGIORE;1;
3050;LARGO N. SAURO;0;
0;;1;
7795;VIA G. CATONI;1;
3829;VIA TULLIO ODORIZZI;0;
2670;VIA A. ROSMINI;0;
2670;VIA A. ROSMINI;0;
6090;VIA CASTEL DEI MERLI;0;
1100;VIA DEI FERROVIERI;0;
8760;VIA FILARI LONGHI;0;
7810;LOCALITA' MASET;0;
2550;VIA G. RANZI;1;
3770;VIA H. JEDIN;1;SS 12 svincoli
7355;VIA DEI RIVI;0;
8750;VIA DELLA CROCE;0;
7190;VIA A. TAMBOSI;0;SP 204 Villazzano-Ponte Ludovico
3440;VIA G. VERDI;0;
8057;STRADA DELLE VIOTE;0;SP 85 del Monte Bondone
6070;VIA ALLE CAMPANELLE;0;
7230;VIA VALNIGRA;0;SP 204 Villazzano-Ponte Ludovico
7230;VIA VALNIGRA;0;SP 204 Villazzano-Ponte Ludovico
7230;VIA VALNIGRA;0;SP 204 Villazzano-Ponte Ludovico
3502;VIA DEI GIARDINI;0;
7230;VIA VALNIGRA;0;SP 204 Villazzano-Ponte Ludovico
5795;VIA TALVERA;0;
7750;VIA DELLA TORRE FRANCA;0;
8803;VIA STELLA;0;SP 90 Destra Adige
7110;VIA MARZOLA;0;
8048;STRADA DI SPINEDA;0;SP 85 dir Sopramonte
7750;VIA DELLA TORRE FRANCA;0;
7820;VIA DELLA ROZOLA;0;
7740;VIA DON DARIO TRENTINI;0;
3510;VIA VITTORIO VENETO;1;
2460;VIA DELLA PONTARA;0;
8121;STRADA DELLA CASARA;0;
300;VIA BEZZECCA;0;
6130;VIA DELLE COSTIOLE;0;
0;;0;Autostrada A22
2520;VIA G. A PRATO;1;
1010;VIA DOS TRENTO;0;
1910;VIA U. MOGGIOLI;0;
1760;VIA A. MARIGHETTO;0;
2050;VIA A. NICOLODI;0;
6452;VIA AL MASO LIBRAR;0;
6140;VIA DEL DOS;0;
7080;VIA GALASSA;0;
5160;VIA SAVINO GIACOMONI;0;
3812;VIA DEI VITICOLTORI;0;
1910;VIA U. MOGGIOLI;0;
170;VIA A. APOLLONIO;1;
6418;VIA DEI MICHEI;0;
6160;VIA ALLA FORMIGHETA;0;
5102;VIA ALTO ADIGE;0;
6407;VIA AL PEZ;0;
6407;VIA AL PEZ;0;
5740;VIA L. BONAZZA;0;
8028;VIA AL PALU';0;
7990;VIA POMERANOS;0;
1470;VIA DELLE LASTE;0;
2320;PIAZZA S. PELLICO;1;
7505;VIA SOMMARIVE;0;
7345;VIA SABBIONI;0;
1520;LUNGADIGE G. LEOPARDI;1;
270;VICOLO BENASSUTI;0;
3819;VICOLO MAESTRO VENCESLAO;0;
1340;VIA B. GIOVANELLI;1;
3190;VIA A. STOPPANI;0;
2020;VIA DEI MUREDEI;0;
2020;VIA DEI MUREDEI;0;
8021;VIA AL MASO PETOCI;0;
3817;VIA DI MADONNA BIANCA;1;
3150;VIA DEI SOLTERI;0;
8614;VIA DELLE CROZZOLE;0;
4050;PONTE SAN GIORGIO;0;
8131;VIA DELLA POSTA;0;
3850;STRADA DELL'INTERPORTO;1;SP 235 dell'Interporto
3450;VIALE VERONA;0;
3450;VIALE VERONA;0;
3450;VIALE VERONA;0;
3450;VIALE VERONA;0;
1140;VIA F. FILZI;0;
3370;VIA C. VANNETTI;1;
3370;VIA C. VANNETTI;1;
7420;VIA GRAFFIANO;0;
2250;VIA DEI PARADISI;1;
7815;VIA NAZIONALE;0;
8750;VIA DELLA CROCE;0;
3503;VIA MESIANO;0;SP 204 Villazzano-Ponte Ludovico
7701;VIA ADOLFO ENDRIZZI;0;
2560;VIA RAVENNA;0;
3700;PASSAGGIO B. DISERTORI;0;
3700;PASSAGGIO B. DISERTORI;0;
1230;VIA G. GARIBALDI;0;
560;VIA G. CANESTRINI;0;
3700;PASSAGGIO B. DISERTORI;0;
3700;PASSAGGIO B. DISERTORI;0;
430;VIA BRESCIA;0;
7990;VIA POMERANOS;0;
8126;VIA DELLA GIARA;0;
740;VIA DELLA CERVARA;0;
3460;VIA VERRUCA;0;
2310;VIA G. PEDROTTI;0;
3700;PASSAGGIO B. DISERTORI;0;
7180;STRADA DELLE TABARELLE;0;
8750;VIA DELLA CROCE;0;
8602;VIA LODOVICO DE BALZANI;0;
1830;VIA P. A. MATTIOLI;1;
2330;VIA F.LLI PERINI;1;
8057;STRADA DELLE VIOTE;0;
5370;VIA B. TODESCA;0;
1390;VIA A. GRAMSCI;1;
830;VIA DELLA COLLINA;0;
3450;VIALE VERONA;0;
8840;VIA SANTA MARINA;0;
1570;VIA E. MACCANI;0;
8476;VIA DEI PALUSTEI;0;
900;VIA A. DEGASPERI;1;
8416;VIA CASTEL DI GARDOLO;0;
900;VIA A. DEGASPERI;1;
3450;VIALE VERONA;0;
760;VIA DAMIANO CHIESA;0;
3450;VIALE VERONA;0;
2750;VIA S. FRANCESCO D'ASSISI;0;
3290;VIA TORRE D'AUGUSTO;0;
7455;VIA CELVA;0;
3585;SALITA V. RICCI;0;
8750;VIA DELLA CROCE;0;
770;VIA E. CHINI;0;
8037;VIA DEL PRAOL;0;
8260;PIAZZA SAN LEONARDO;0;
8960;VIA ALLE SETTE FONTANE;0;
7820;VIA DELLA ROZOLA;0;
7750;VIA DELLA TORRE FRANCA;0;
8311;VIA AL BERSALIO;0;
5745;VIA MATTIA CARNERI;0;
3823;VIA DI COSTA SAN NICOLO';0;
5735;VIA C. BENEDETTI;0;
7840;LOCALITA' LE VALLI;0;
3905;VIA EDDA ALBERTINI;0;
8476;VIA DEI PALUSTEI;0;
8013;VIA DEL DOSSOL;0;
3150;VIA DEI SOLTERI;0;
400;VIA DEL BRENNERO;0;
8602;VIA LODOVICO DE BALZANI;0;
7140;P.ZZA MONS. G.P. NICOLINI;0;
2520;VIA G. A PRATO;1;
5595;VIA DI MELTA;0;
5595;VIA DI MELTA;0;
5595;VIA DI MELTA;0;
5460;VIA INNSBRUCK;1;
8521;SALITA AI SPIAZZI;0;
1130;PIAZZA DI FIERA;0;
7009;BELLEVUE;0;
8114;STRADA DEL BUS DE VELA;1;SS 45 bis Gardesana Occ
7820;VIA DELLA ROZOLA;0;
6370;VIA DON LEONE SERAFINI;0;
8800;VIA DEL PONTE;0;SP 90 Destra Adige
5125;VIA DELLE CROSARE;0;
8067;VIA DEL PRA DE LA FAVA;0;
5480;PIAZZALE L. GROFF;0;
7170;STRADA STRETTA;0;
7790;VIA DELLA COOPERAZIONE;0;
8529;PIAZZA T. SONTACCHI;0;
8656;VIA PER CESANA - CANDRIAI;0;
6370;VIA DON LEONE SERAFINI;0;
8129;VIA DEL MOLIN;0;
7155;VIA PIANIZZA;0;
0;;1;
8027;PIAZZA OVENO;0;
6481;VIA DEI CONSOLATI;0;
3807;TANGENZIALE OVEST;1;SS 12 svincoli
8216;VIA 12 SETTEMBRE;0;
8488;VIA PADRE F. BORTOLOTTI;0;
8461;VIA DON EMILIO PERUGINI;0;
0;;0;
8484;SALITA DELLA CAOLA;0;
8493;VIA ALLA COSTA;0;
8523;VIA MADONNA DEI PRATI;0;
8216;VIA 12 SETTEMBRE;0;
8260;PIAZZA SAN LEONARDO;1;
8260;PIAZZA SAN LEONARDO;0;
8260;PIAZZA SAN LEONARDO;0;
6412;PIAZZA NATALE TOMMASI;0;
6409;VIA ANTONIA PRUNER;0;
6170;VIA DEL FORTE;0;
3807;TANGENZIALE OVEST;1;SS 12 svincoli
875;SALITA G. DALLA FIOR;0;
3501;VIA CENTOCHIAVI;0;
8488;VIA PADRE F. BORTOLOTTI;0;
8461;VIA DON EMILIO PERUGINI;0;
6404;VICOLO ALLA CORTE;0;
3807;TANGENZIALE OVEST;1;SS 12 svincoli
0;;1;SS 47 della Valsugana
3804;VIA EZIO FRANCESCHINI;0;
3805;VIA GIANCARLO MARONI;0;
3804;VIA EZIO FRANCESCHINI;0;
3507;VIA G. UNTERVEGER;0;
3507;VIA G. UNTERVEGER;1;
3410;VIA VENEZIA;0;
3410;VIA VENEZIA;0;
1570;VIA E. MACCANI;0;
3501;VIA CENTOCHIAVI;0;
775;VIA PADRE E. CHIOCCHETTI;0;
240;VIA R. BELENZANI;1;
400;VIA DEL BRENNERO;0;
6454;VIA DEL LAVARON;0;
3807;TANGENZIALE OVEST;1;SS 12 svincoli
3506;VIA G. B. TRENER;0;
5010;VIA AEROPORTO;0;
3506;VIA G. B. TRENER;1;
1415;VIA R. GUARDINI;0;
1570;VIA E. MACCANI;0;
8059;GIARDINO FRA'DOLCINO E M.;0;
5090;VIA DELLA CANOVA;0;
5090;VIA DELLA CANOVA;0;
8210;LOCALITA' BRUSADI;0;
8324;STRADA PER CAMPAVAI;0;
8313;VIA DEL CESURON;0;
8007;STRADA DI CASTELPIAN;0;
8071;STRADA DEL DOS GRUM;0;SP 85 dir Vigolo Baselga
8007;STRADA DI CASTELPIAN;0;
8013;VIA DEL DOSSOL;0;
8051;VIA DEI TURCATI;0;
8069;STRADA DI VIGOLO BASELGA;0;SS 45 bis Gardesana Occ
8323;VIA DEI CASAI;0;
8314;STRADA DOS DE LE GIARE;0;
8211;STRADA DI ARIOL;0;
5090;VIA DELLA CANOVA;0;
8032;VIA DELLE PIAZZE;1;
8068;STRADA PER SOPRAMONTE;0;SP 85 dir Sopramonte
8049;STRADA PER LE TRE CIME;0;SP 85 dir Sopramonte
8031;PIAZZALE DELLA PESA;0;
8031;PIAZZALE DELLA PESA;0;
8114;STRADA DEL BUS DE VELA;0;SS 45 bis Gardesana Occ
8002;STRADA DELLA BRIGOLINA;0;
8007;STRADA DI CASTELPIAN;0;
8235;VIA MOSNA DI VIGOLO;0;
8319;STRADA DI OMALGA;0;
8070;STRADA DEL DOS GARIOL;0;
8069;STRADA DI VIGOLO BASELGA;0;SS 45 bis Gardesana Occ
8270;VIA TONINI;0;
8070;STRADA DEL DOS GARIOL;0;
8321;V. DELLA VILLA DI BASELGA;0;
8315;STRADA DI PIAZZAMANA;0;SP 85 dir Vigolo Baselga
8315;STRADA DI PIAZZAMANA;0;SP 85 dir Vigolo Baselga
8000;VIA DELLE ARE;0;
8042;PIAZZA DEL SACRO CUORE;0;
8127;STRADA AL LAGO;0;
8127;STRADA AL LAGO;0;
8041;VIA DELLA RI;0;
8001;VIA DELLA BELINA;0;
8119;VIA DEL CAPITELLO;0;
8127;STRADA AL LAGO;1;
8119;VIA DEL CAPITELLO;0;
8001;VIA DELLA BELINA;0;
8137;VIA DEI VOLTEI;0;
8011;VIA DEL DOS CALT;0;
8116;STRADA DI CADINE;0;SS 45 bis Gardesana Occ
8066;STRADA DEL NORGE;0;SP 85 del Monte Bondone
8114;STRADA DEL BUS DE VELA;1;
8058;VIA PER ZOPEI - NORGE;0;
8066;STRADA DEL NORGE;0;SP 85 del Monte Bondone
8130;VIA AL PASIEL;0;SS 45 bis Gardesana Occ
1010;VIA DOS TRENTO;0;
5774;PIAZZALE P.FABRIZIO FORTI;1;
8653;STRADA DI VANEZE;0;SP 85 del Monte Bondone
8130;VIA AL PASIEL;0;SS 45 bis Gardesana Occ
8124;VIA DELLA FORNAS;0;
8655;VIA DEI FALCHI - VANEZE;0;
8654;VIA DEI DAINI - VANEZE;0;
8653;STRADA DI VANEZE;0;SP 85 del Monte Bondone
8653;STRADA DI VANEZE;0;SP 85 del Monte Bondone
8611;STRADA DI CORNO - VANEZE;0;
8622;VIA DELLA MOLINARA;0;
5780;VIA VARSAVIA;0;
8017;VIA DEL LAVACHEL - VANEZE;0;
8650;STRADA DI CANDRIAI;0;
8650;STRADA DI CANDRIAI;0;
8005;STRADA DI CAMPONZIN;0;
5700;VIA BUDAPEST;0;
8911;VIA DEI POMARI;1;SP 90 Destra Adige
8418;VIA CA ROSSA;0;
8650;STRADA DI CANDRIAI;0;SP 85 del Monte Bondone
8935;VIA ALLE PORTE;0;
8650;STRADA DI CANDRIAI;0;SP 85 del Monte Bondone
0;;0;Autostrada A22
8625;VIA DEL REFLETOR-CANDRIAI;0;
5550;VIA AL PONT DEI VODI;0;
3846;VIA DELLA CA DEI GAI;0;
5070;VIA BOLZANO;0;
8950;VIA AL DOS BRUN;0;
3020;VIA SANTI COSMA E DAMIANO;1;
5774;PIAZZALE P.FABRIZIO FORTI;1;
3830;STR. GARDESANA DI TRENTO;0;
5550;VIA AL PONT DEI VODI;0;
8612;STRADA COSTA CASTEGNARI;0;SP 85 del Monte Bondone
5776;VIA CESARE BECCARIA;0;
3830;STR. GARDESANA DI TRENTO;1;SS 45 bis Gardesana Occ
5779;VIA GIUSEPPE RUATTI;0;
8604;VIA ALLA CA;0;
5490;VIA SAN SEBASTIAN;0;
5030;VIA DELL'ASILO;0;
3850;STRADA DELL'INTERPORTO;1;SP 235 dell'Interporto
8617;STRADA ALLA FUNIVIA;0;
3060;VIA ALLA SCALA;0;
2760;VIA SAN GIORGIO;0;
8911;VIA DEI POMARI;1;SP 90 Destra Adige
5695;VIA PRAGA;0;
8623;STRADA DEL MONTE BONDONE;0;
8651;VIA DEL MASO SCALA;0;
8600;VIA ALTO SASSO;0;SP 85 del Monte Bondone
8623;STRADA DEL MONTE BONDONE;0;
5705;VIA SALISBURGO;1;
8623;STRADA DEL MONTE BONDONE;0;
3390;LOCALITA' LA VELA;0;
5300;LOCALITA' RONCAFORT;0;
5080;VIA L. CANEPPELE;1;
5310;VIA SAN GIOV. NEPOMUCENO;0;
5010;VIA AEROPORTO;0;
3020;VIA SANTI COSMA E DAMIANO;0;
7770;VIA DELLA DECIMA;1;
8770;VIA MARGONE;0;
8652;VIA DELLE MANDOLARE;0;
7703;VIA DELLA GOTARDA;0;SP 21 Mattarello-Aldeno
5101;VIA SANT'ANNA;0;
3823;VIA DI COSTA SAN NICOLO';1;
8412;STRADA DEL DOS DI LAMAR;0;
8780;VIA DELLE MASERE;0;
0;;1;
3620;VIA AL MASO VISINTAINER;0;
8471;VIA VECCHIE PONTARE;0;
8418;VIA CA ROSSA;0;SP 76 Gardolo-Lases
3807;TANGENZIALE OVEST;1;SS 12 svincoli
1390;VIA A. GRAMSCI;0;
6440;VIA AL MASO SPECCHIO;0;
8800;VIA DEL PONTE;0;
8502;STRADA DEI MAGNOI;0;
8471;VIA VECCHIE PONTARE;0;
8416;VIA CASTEL DI GARDOLO;0;
8478;VIA DI CAMPARTA BASSA;0;
1770;LUNGADIGE MARCO APULEIO;0;
8462;VIA DELLA GUERRA RUSTICA;0;
0;;1;
8476;VIA DEI PALUSTEI;0;
8463;VIA DEL MALGAR;0;
8534;VIA DELLE SUGARINE;0;SP 76 Gardolo-Lases
8464;VIA M. PEDERZOLLI;0;
5595;VIA DI MELTA;0;
8419;VIA BELLARIA;0;SP 76 Gardolo-Lases
6450;STRADA DI MONTEVACCINO;0;SP 131 del Vino 2 tronco
6491;VIA AL MASO PEZANI;0;
6492;VIA AL RIPARO GABAN;0;
3310;VIA TORRE VERDE;1;
3848;VIA DON UMBERTO PESSINA;0;
6050;VIA AI BOLLERI;0;
6170;VIA DEL FORTE;0;
8461;VIA DON EMILIO PERUGINI;0;
3410;VIA VENEZIA;0;
8518;STRADA AI MASI SARACINI;0;
8504;VIA DEI CIGOI;1;
6100;VIA DEI CASTORI;0;
6340;VIA SABBIONARE;0;
6110;VIA CESARINI;0;
7890;VIA LIDORNO;0;SP 90 Destra Adige
7855;LOCALITA' I GREZZI;0;
3502;VIA DEI GIARDINI;0;
8516;STRADA AL CIROCOL;0;
6170;VIA DEL FORTE;0;
7870;SALITA AI DOSSI;0;
1470;VIA DELLE LASTE;0;
8486;VIA DEI FRAGARI;0;
1470;VIA DELLE LASTE;0;
8486;VIA DEI FRAGARI;0;
8516;STRADA AL CIROCOL;0;
3502;VIA DEI GIARDINI;0;
6120;VIA ALLE COSTE;0;
1860;VIA GEN. GIACOMO MEDICI;0;
8492;VIA ALLE OSELERE;0;
865;VIA S.F.CROSINA-B.SARTORI;1;
6330;VIA DI PRADISCOLA;0;
2700;VIA SAN BARTOLAMEO;0;
3824;VIA DI SAN VINCENZO;0;
3835;VIA G. BASSETTI;0;
7264;VIA DELL'ANCONA;0;
650;VIA AL CASTELLER;0;
8491;STRADA ALLE GORGHE;0;
650;VIA AL CASTELLER;0;
6060;VIA AI CAMILASTRI;0;
1690;SALITA F. MANCI;0;
3503;VIA MESIANO;0;
1390;VIA A. GRAMSCI;0;
6463;STR. RIFUGIO DEL CALISIO;0;
7850;STRADA DEI FORTI;0;
7850;STRADA DEI FORTI;0;
7020;VIA BANALA;0;
6360;VIA SAN VITO;0;
6459;STRADA DI VAL CALDA;0;
8519;VIA DI PRALUNGO;0;
6459;STRADA DI VAL CALDA;0;
6390;STRADA DELLA VALSUGANA;0;
1390;VIA A. GRAMSCI;0;
7305;VIA ALLA CASCATA;0;
7030;STRADA DEI BINDESI;0;
7721;STRADA DELLA FRICCA;0;SS 349 della Val d'Assa e Pedemontana
7385;VIA SPRE';0;
7465;VIA V. MARCHESONI;0;
6418;VIA DEI MICHEI;0;
0;;1;SS 47 della Valsugana
6406;STRADA IMPERIALE;0;
6419;VIA PER PILA;0;
6401;VIA PER CANTANGHEL;0;
7480;VIA PINARA;0;
7500;VIA DELLA SELVA;0;
1390;VIA A. GRAMSCI;1;
1390;VIA A. GRAMSCI;1;
2530;VIA DELLA PREPOSITURA;0;
6417;VIA AL MASO FRACHETTI;0;
7490;VIA DEI RONCHI;0;
7500;VIA DELLA SELVA;0;
7375;VIA BRENZ;0;
7490;VIA DEI RONCHI;0;
7335;VIA BORINO;0;
7501;STRADA PER MARANZA;0;
3350;CORSO 3 NOVEMBRE;0;
1630;VIA B. MALFATTI;1;
3350;CORSO 3 NOVEMBRE;1;
3350;CORSO 3 NOVEMBRE;0;
1790;VIA M. MARIANI;0;
3510;VIA VITTORIO VENETO;1;
3510;VIA VITTORIO VENETO;1;
3510;VIA VITTORIO VENETO;1;
3550;VIA ZARA;1;
340;VIALE N. BOLOGNINI;1;
3822;VIA DEL MASO SMALZ;0;
7750;VIA DELLA TORRE FRANCA;0;
7800;VIA DELLE FRATTE;0;
8780;VIA DELLE MASERE;0;
7485;VIA DELLA RESISTENZA;0;
7545;VIA DEL SENTER;0;
8042;PIAZZA DEL SACRO CUORE;0;
8044;PIAZZETTA SAN VALENTINO;0;
8600;VIA ALTO SASSO;0;SP 85 del Monte Bondone
8461;VIA DON EMILIO PERUGINI;0;
8650;STRADA DI CANDRIAI;0;SP 85 del Monte Bondone
5510;P.TTA PROFUGHI IN MORAVIA;0;
3400;PIAZZA VENEZIA;0;
6240;VIA DEI MASETTI;0;
6400;VIA ALLA VEDUTA;0;
3410;VIA VENEZIA;0;
3410;VIA VENEZIA;0;
6220;VIA DELLE MARNIGHE;0;
8114;STRADA DEL BUS DE VELA;1;SS 45 bis Gardesana Occ
3140;VIA DON NARCISO SORDO;1;
2445;LARGO L. PIGARELLI;1;
6310;VIA PONTE ALTO;1;
8114;STRADA DEL BUS DE VELA;0;SS 45 bis Gardesana Occ
0;;1;SS 47 della Valsugana
6390;STRADA DELLA VALSUGANA;1;
8492;VIA ALLE OSELERE;0;
6310;VIA PONTE ALTO;0;
7718;STRADA FRICCA-VALSORDA;0;SS 349 della Val d'Assa e Pedemontana
3505;VIA DELLA SPALLIERA;0;
7717;STRADA DEI LARESETI;0;
3520;VICOLO DEL VO';0;
7335;VIA BORINO;0;
6468;VIA PER COGNOLA;0;
6468;VIA PER COGNOLA;0;
6468;VIA PER COGNOLA;0;
6468;VIA PER COGNOLA;0;
6468;VIA PER COGNOLA;0;
6468;VIA PER COGNOLA;0;
6468;VIA PER COGNOLA;0;
6468;VIA PER COGNOLA;0;
6468;VIA PER COGNOLA;0;
6468;VIA PER COGNOLA;0;
6475;VIA DELLA MERIDIANA;0;
6468;VIA PER COGNOLA;0;
6475;VIA DELLA MERIDIANA;0;
6475;VIA DELLA MERIDIANA;0;
6476;VIA DEL PRA DEI FRATI;0;
6468;VIA PER COGNOLA;0;
6476;VIA DEL PRA DEI FRATI;0;
6476;VIA DEL PRA DEI FRATI;0;
7305;VIA ALLA CASCATA;0;
780;VIA LA CLARINA;1;
780;VIA LA CLARINA;0;
780;VIA LA CLARINA;0;
780;VIA LA CLARINA;0;
900;VIA A. DEGASPERI;0;
1180;VIA A. FRANK;1;
1180;VIA A. FRANK;0;
1180;VIA A. FRANK;0;
1180;VIA A. FRANK;0;
900;VIA A. DEGASPERI;1;
900;VIA A. DEGASPERI;1;
900;VIA A. DEGASPERI;1;
8055;VIA DI VEGIARA;0;
8055;VIA DI VEGIARA;0;
8043;VIA DEL SALES;0;
8043;VIA DEL SALES;0;
8840;VIA SANTA MARINA;0;
8740;VIA CENTRALE;0;
6465;VIA CARLO BERTOLDI;0;
6471;PIAZZA DI SAN DONA';0;
6471;PIAZZA DI SAN DONA';0;
6471;PIAZZA DI SAN DONA';0;
6471;PIAZZA DI SAN DONA';1;
6468;VIA PER COGNOLA;0;
6474;VIA VILLAGGIO SATELLITE;0;
6474;VIA VILLAGGIO SATELLITE;0;
6474;VIA VILLAGGIO SATELLITE;0;
6474;VIA VILLAGGIO SATELLITE;0;
6474;VIA VILLAGGIO SATELLITE;0;
6474;VIA VILLAGGIO SATELLITE;0;
6474;VIA VILLAGGIO SATELLITE;0;
6468;VIA PER COGNOLA;0;
6468;VIA PER COGNOLA;0;
0;;1;
6472;VIA 26 SETTEMBRE;0;
6474;VIA VILLAGGIO SATELLITE;0;
6472;VIA 26 SETTEMBRE;0;
6472;VIA 26 SETTEMBRE;0;
6472;VIA 26 SETTEMBRE;0;
6472;VIA 26 SETTEMBRE;0;
6464;VIA DEGLI ALBERTI POJA;1;
6464;VIA DEGLI ALBERTI POJA;0;
6464;VIA DEGLI ALBERTI POJA;1;
7510;VIA DEI VALONI;0;
7415;VIA ALLA VAL;0;
8960;VIA ALLE SETTE FONTANE;0;
8960;VIA ALLE SETTE FONTANE;0;
6440;VIA AL MASO SPECCHIO;0;
1350;VIA G. GIUSTI;0;
8912;VIA DELLE ISCHIE;0;
8912;VIA DELLE ISCHIE;0;SP 131 Strada del Vino
8911;VIA DEI POMARI;0;
8911;VIA DEI POMARI;0;
8132;PIAZZA DELLA REGOLA;0;
8132;PIAZZA DELLA REGOLA;0;
3150;VIA DEI SOLTERI;0;
3210;VIA DEL SUFFRAGIO;1;
8499;VIA DEL BROLIO;0;
8499;VIA DEL BROLIO;0;
8501;STRADA DELLA CA COMUNA;0;
5610;VIA DON LORENZO MILANI;0;
5200;VIA DELLA LOGGETTA;0;
2120;VIA ORIOLA;1;
3807;TANGENZIALE OVEST;1;
3807;TANGENZIALE OVEST;1;
8051;VIA DEI TURCATI;1;
8044;PIAZZETTA SAN VALENTINO;0;
7240;VIA DELLA VILLA;0;
7240;VIA DELLA VILLA;0;
5080;VIA L. CANEPPELE;0;
5783;VIA STEFANO SALTERIO;0;
5783;VIA STEFANO SALTERIO;0;
3902;VIA G. FALCONE;0;
1090;VIA E. FERMI;0;
3903;VIA P. BORSELLINO;0;
3902;VIA G. FALCONE;0;
3770;VIA H. JEDIN;1;
3770;VIA H. JEDIN;1;
281;VIA BERLINO;1;
281;VIA BERLINO;1;
8803;VIA STELLA;0;SP 90 Destra Adige
8770;VIA MARGONE;0;
6486;VIA DI MOIA';0;
6486;VIA DI MOIA';0;
8069;STRADA DI VIGOLO BASELGA;0;
8216;VIA 12 SETTEMBRE;0;
8069;STRADA DI VIGOLO BASELGA;0;
6170;VIA DEL FORTE;0;
6170;VIA DEL FORTE;0;
6170;VIA DEL FORTE;0;
6110;VIA CESARINI;0;
6110;VIA CESARINI;0;
3843;P.GGIO EZIO CLEMENTEL;0;
3839;CORSO LAVORO E SCIENZA;0;
2900;VIA R. DA SANSEVERINO;1;
3837;VIALE DELLA COSTITUZIONE;0;
3839;CORSO LAVORO E SCIENZA;0;
3841;VIALE A. OLIVETTI;0;
6452;VIA AL MASO LIBRAR;0;
3837;VIALE DELLA COSTITUZIONE;0;
3839;CORSO LAVORO E SCIENZA;0;
1930;VIA MONTE BALDO;0;
3839;CORSO LAVORO E SCIENZA;0;
3904;VICOLO DELLA S.A.T.;0;
3310;VIA TORRE VERDE;1;
3842;VIA A. LIBERA;0;
3838;PIAZZA DONNE LAVORATRICI;0;
3842;VIA A. LIBERA;0;
3838;PIAZZA DONNE LAVORATRICI;0;
3842;VIA A. LIBERA;0;
6485;VIA DI MADERNO;0;
6485;VIA DI MADERNO;0;
0;;1;
0;;1;
0;;1;
0;;1;
0;;1;
0;;1;
6488;VIA DI LANCIATESA;0;
6414;VIA PER CAMPEL;0;
0;;1;
0;;1;
0;;1;
0;;1;
7375;VIA BRENZ;0;
6470;VIA PER L'OSSERVATORIO;0;
200;VIA A. AVANCINI;0;
7415;VIA ALLA VAL;0;
7440;VIA REDONDOLO;0;
900;VIA A. DEGASPERI;0;
1210;VIA GANDHI;0;
0;;1;
3833;VIA AL BOSCO DELLA CITTA';1;
8770;VIA MARGONE;0;
7760;LOCALITA' I CAROZETI;0;
8464;VIA M. PEDERZOLLI;0;
3020;VIA SANTI COSMA E DAMIANO;0;
1010;VIA DOS TRENTO;0;
3807;TANGENZIALE OVEST;1;
3807;TANGENZIALE OVEST;1;
3807;TANGENZIALE OVEST;1;SS 12 svincoli
3807;TANGENZIALE OVEST;1;SS 12 svincoli
395;LUNGADIGE L. BRAILLE;0;
3807;TANGENZIALE OVEST;1;SS 12 svincoli
3807;TANGENZIALE OVEST;1;SS 12 svincoli
3807;TANGENZIALE OVEST;1;SS 12 svincoli
3807;TANGENZIALE OVEST;1;SS 12 svincoli
3850;STRADA DELL'INTERPORTO;0;SP 235 dell'Interporto
3850;STRADA DELL'INTERPORTO;1;SP 235 sv circonvallazione
3850;STRADA DELL'INTERPORTO;1;SP 235 sv circonvallazione
3509;VIA DELLE BETTINE;0;
3508;VIA A. GOIO;0;
5040;VIA BASSA;0;
3807;TANGENZIALE OVEST;1;SS 12 svincoli
3807;TANGENZIALE OVEST;1;SS 12 svincoli
3807;TANGENZIALE OVEST;1;SS 12 svincoli
3807;TANGENZIALE OVEST;1;SS 12 svincoli
5290;VIA 4 NOVEMBRE;1;SS 12 svincoli
3807;TANGENZIALE OVEST;1;SS 12 svincoli
3807;TANGENZIALE OVEST;1;SS 12 svincoli
3807;TANGENZIALE OVEST;1;SS 12 svincoli
3501;VIA CENTOCHIAVI;0;
0;;0;
430;VIA BRESCIA;0;
0;;1;
3823;VIA DI COSTA SAN NICOLO';1;
2900;VIA R. DA SANSEVERINO;0;
3770;VIA H. JEDIN;0;SS 12 svincoli
3811;TANGENZIALE SUD;0;SS 12 dell'Abetone e del Brennero
7703;VIA DELLA GOTARDA;0;SP 21 Mattarello-Aldeno
5010;VIA AEROPORTO;0;
0;;1;Autostrada A22
0;;1;Autostrada A22
7510;VIA DEI VALONI;0;
7460;VIA DON TOMMASO DALLAFIOR;0;SP 204 Villazzano-Ponte Ludovico
6468;VIA PER COGNOLA;0;
3505;VIA DELLA SPALLIERA;0;
6003;VIA BASSANO;0;SS 47 della Valsugana
6003;VIA BASSANO;0;SS 47 della Valsugana
6310;VIA PONTE ALTO;0;
8114;STRADA DEL BUS DE VELA;1;SS 45 bis Gardesana Occ
8127;STRADA AL LAGO;0;
3850;STRADA DELL'INTERPORTO;1;
5460;VIA INNSBRUCK;1;
3850;STRADA DELL'INTERPORTO;1;
3850;STRADA DELL'INTERPORTO;0;
0;;1;Autostrada A22
0;;1;Autostrada A22
0;;1;Autostrada A22
0;;1;Autostrada A22
0;;1;Autostrada A22
8804;RACCORDO AL CASELLO SUD;0;
0;;1;Autostrada A22
0;;1;Autostrada A22
5101;VIA SANT'ANNA;0;
5784;PORTICO SABINO UBER;0;
5101;VIA SANT'ANNA;0;
5101;VIA SANT'ANNA;0;
5101;VIA SANT'ANNA;0;
5101;VIA SANT'ANNA;0;
3811;TANGENZIALE SUD;1;SS 12 dell'Abetone e del Brennero
3811;TANGENZIALE SUD;1;SS 12 dell'Abetone e del Brennero
3811;TANGENZIALE SUD;1;SS 12 dell'Abetone e del Brennero
3501;VIA CENTOCHIAVI;0;
3811;TANGENZIALE SUD;1;SS 12 dell'Abetone e del Brennero
3811;TANGENZIALE SUD;1;SS 12 dell'Abetone e del Brennero
3811;TANGENZIALE SUD;1;SS 12 dell'Abetone e del Brennero
3811;TANGENZIALE SUD;1;SS 12 dell'Abetone e del Brennero
3811;TANGENZIALE SUD;1;SS 12 dell'Abetone e del Brennero
0;;1;Autostrada A22
0;;1;Autostrada A22
0;;1;Autostrada A22
0;;1;Autostrada A22
0;;1;Autostrada A22
0;;1;Autostrada A22
0;;1;Autostrada A22
0;;1;Autostrada A22
3150;VIA DEI SOLTERI;0;
0;;1;Autostrada A22
0;;1;Autostrada A22
0;;1;Autostrada A22
0;;1;Autostrada A22
3807;TANGENZIALE OVEST;1;SS 12 dell'Abetone e del Brennero
3807;TANGENZIALE OVEST;1;SS 12 dell'Abetone e del Brennero
3807;TANGENZIALE OVEST;0;SS 12 dell'Abetone e del Brennero
3807;TANGENZIALE OVEST;1;SS 12 dell'Abetone e del Brennero
3807;TANGENZIALE OVEST;1;SS 12 dell'Abetone e del Brennero
3807;TANGENZIALE OVEST;1;SS 12 dell'Abetone e del Brennero
3807;TANGENZIALE OVEST;1;SS 12 dell'Abetone e del Brennero
3807;TANGENZIALE OVEST;1;SS 12 dell'Abetone e del Brennero
3807;TANGENZIALE OVEST;1;SS 12 dell'Abetone e del Brennero
3807;TANGENZIALE OVEST;1;SS 12 dell'Abetone e del Brennero
3807;TANGENZIALE OVEST;1;SS 12 dell'Abetone e del Brennero
3807;TANGENZIALE OVEST;1;SS 12 dell'Abetone e del Brennero
3807;TANGENZIALE OVEST;1;SS 12 dell'Abetone e del Brennero
3150;VIA DEI SOLTERI;0;
3807;TANGENZIALE OVEST;1;SS 12 dell'Abetone e del Brennero
3807;TANGENZIALE OVEST;1;SS 12 dell'Abetone e del Brennero
3807;TANGENZIALE OVEST;1;SS 12 dell'Abetone e del Brennero
3807;TANGENZIALE OVEST;1;SS 12 dell'Abetone e del Brennero
3807;TANGENZIALE OVEST;1;SS 12 dell'Abetone e del Brennero
3807;TANGENZIALE OVEST;1;SS 12 dell'Abetone e del Brennero
3807;TANGENZIALE OVEST;1;SS 12 dell'Abetone e del Brennero
3807;TANGENZIALE OVEST;1;SS 12 dell'Abetone e del Brennero
3807;TANGENZIALE OVEST;1;SS 12 dell'Abetone e del Brennero
3807;TANGENZIALE OVEST;1;SS 12 dell'Abetone e del Brennero
3807;TANGENZIALE OVEST;1;SS 12 dell'Abetone e del Brennero
3850;STRADA DELL'INTERPORTO;1;SP 235 dell'Interporto
3807;TANGENZIALE OVEST;1;SS 12 dell'Abetone e del Brennero
3807;TANGENZIALE OVEST;1;SS 12 dell'Abetone e del Brennero
3807;TANGENZIALE OVEST;1;SS 12 dell'Abetone e del Brennero
3850;STRADA DELL'INTERPORTO;0;SP 235 dell'Interporto
3807;TANGENZIALE OVEST;1;SS 12 dell'Abetone e del Brennero
3807;TANGENZIALE OVEST;1;SS 12 dell'Abetone e del Brennero
3807;TANGENZIALE OVEST;1;SS 12 dell'Abetone e del Brennero
5080;VIA L. CANEPPELE;0;
3807;TANGENZIALE OVEST;1;SS 12 dell'Abetone e del Brennero
3807;TANGENZIALE OVEST;1;SS 12 dell'Abetone e del Brennero
3807;TANGENZIALE OVEST;1;SS 12 dell'Abetone e del Brennero
3807;TANGENZIALE OVEST;1;SS 12 dell'Abetone e del Brennero
3807;TANGENZIALE OVEST;1;SS 12 dell'Abetone e del Brennero
0;;1;SS 12 dell'Abetone e del Brennero
0;;1;
0;;1;SS 47 della Valsugana
5102;VIA ALTO ADIGE;1;SS gestita da altri enti
400;VIA DEL BRENNERO;1;
400;VIA DEL BRENNERO;1;
5070;VIA BOLZANO;1;
5070;VIA BOLZANO;1;
5070;VIA BOLZANO;1;
5070;VIA BOLZANO;1;SS gestita da altri enti
5070;VIA BOLZANO;1;SS gestita da altri enti
5070;VIA BOLZANO;1;SS gestita da altri enti
5070;VIA BOLZANO;1;SS gestita da altri enti
5070;VIA BOLZANO;1;SS gestita da altri enti
5070;VIA BOLZANO;1;SS gestita da altri enti
5070;VIA BOLZANO;1;SS gestita da altri enti
5070;VIA BOLZANO;1;SS gestita da altri enti
5070;VIA BOLZANO;1;SS gestita da altri enti
5070;VIA BOLZANO;1;SS gestita da altri enti
5070;VIA BOLZANO;1;SS gestita da altri enti
5102;VIA ALTO ADIGE;1;SS gestita da altri enti
5102;VIA ALTO ADIGE;1;SS gestita da altri enti
5102;VIA ALTO ADIGE;1;SS gestita da altri enti
5102;VIA ALTO ADIGE;1;SS gestita da altri enti
5102;VIA ALTO ADIGE;1;SS gestita da altri enti
5570;VIA SALORNO;1;
5570;VIA SALORNO;0;
5570;VIA SALORNO;1;
0;;1;
0;;1;
1480;VIA LAVISOTTO;0;
7440;VIA REDONDOLO;0;
400;VIA DEL BRENNERO;1;
400;VIA DEL BRENNERO;1;
400;VIA DEL BRENNERO;1;
400;VIA DEL BRENNERO;1;
5102;VIA ALTO ADIGE;0;SS gestita da altri enti
5102;VIA ALTO ADIGE;0;SS gestita da altri enti
5102;VIA ALTO ADIGE;1;SS gestita da altri enti
5340;VIA SOPRASASSO;0;
5340;VIA SOPRASASSO;0;
5340;VIA SOPRASASSO;0;
5340;VIA SOPRASASSO;0;
5102;VIA ALTO ADIGE;1;SS gestita da altri enti
5102;VIA ALTO ADIGE;1;SS gestita da altri enti
5102;VIA ALTO ADIGE;1;SS gestita da altri enti
3410;VIA VENEZIA;0;
400;VIA DEL BRENNERO;1;
400;VIA DEL BRENNERO;1;
400;VIA DEL BRENNERO;1;
400;VIA DEL BRENNERO;1;
400;VIA DEL BRENNERO;1;
3880;VIA CADUTI DI NASSIRIYA;1;
3880;VIA CADUTI DI NASSIRIYA;1;
1570;VIA E. MACCANI;1;
400;VIA DEL BRENNERO;1;
400;VIA DEL BRENNERO;1;
400;VIA DEL BRENNERO;1;
400;VIA DEL BRENNERO;1;
400;VIA DEL BRENNERO;1;
400;VIA DEL BRENNERO;1;
840;VIA DEL COMMERCIO;1;
7815;VIA NAZIONALE;0;
7795;VIA G. CATONI;0;
7815;VIA NAZIONALE;1;
7815;VIA NAZIONALE;0;
7795;VIA G. CATONI;0;
7815;VIA NAZIONALE;0;
3020;VIA SANTI COSMA E DAMIANO;0;
8114;STRADA DEL BUS DE VELA;1;SS 45 bis Gardesana Occ
1010;VIA DOS TRENTO;0;
430;VIA BRESCIA;0;SS 45 bis Gardesana Occ
430;VIA BRESCIA;1;SS 45 bis Gardesana Occ
3830;STR. GARDESANA DI TRENTO;1;SS 45 bis Gardesana Occ
3850;STRADA DELL'INTERPORTO;1;SP 235 dell'Interporto
3850;STRADA DELL'INTERPORTO;1;SP 235 dell'Interporto
3850;STRADA DELL'INTERPORTO;1;SP 235 dell'Interporto
3850;STRADA DELL'INTERPORTO;1;SP 235 dell'Interporto
5290;VIA 4 NOVEMBRE;0;
3850;STRADA DELL'INTERPORTO;1;SP 235 dell'Interporto
3850;STRADA DELL'INTERPORTO;1;SP 235 dell'Interporto
3850;STRADA DELL'INTERPORTO;1;SP 235 dell'Interporto
3850;STRADA DELL'INTERPORTO;1;SP 235 dell'Interporto
3850;STRADA DELL'INTERPORTO;1;SP 235 dell'Interporto
3850;STRADA DELL'INTERPORTO;1;SP 235 dell'Interporto
3850;STRADA DELL'INTERPORTO;1;SP 235 dell'Interporto
8498;STRADA VECCHIA;0;
8414;VIA DEL PORFIDO;0;SP 76 Gardolo-Lases
8498;STRADA VECCHIA;0;
7390;VIA PANTE';0;
7460;VIA DON TOMMASO DALLAFIOR;0;
7505;VIA SOMMARIVE;0;
7500;VIA DELLA SELVA;1;
7465;VIA V. MARCHESONI;1;
7500;VIA DELLA SELVA;0;
2700;VIA SAN BARTOLAMEO;1;
8546;PIAZZA A. STAINER;0;
8546;PIAZZA A. STAINER;0;
7335;VIA BORINO;0;
7335;VIA BORINO;0;
8546;PIAZZA A. STAINER;0;
8546;PIAZZA A. STAINER;1;
8546;PIAZZA A. STAINER;1;
3350;CORSO 3 NOVEMBRE;0;
8114;STRADA DEL BUS DE VELA;1;SS 45 bis Gardesana Occ
8114;STRADA DEL BUS DE VELA;1;SS 45 bis Gardesana Occ
3850;STRADA DELL'INTERPORTO;1;SP 235 dell'Interporto
8421;VIA SANTI PIETRO E PAOLO;0;
5102;VIA ALTO ADIGE;1;SS gestita da altri enti
3906;P.TTA F. FOTI E. MARTINI;0;
880;PIAZZA DANTE;1;
2320;PIAZZA S. PELLICO;1;
2320;PIAZZA S. PELLICO;1;
2320;PIAZZA S. PELLICO;1;
3310;VIA TORRE VERDE;1;
2370;VIA PIAVE;0;
2370;VIA PIAVE;0;
2370;VIA PIAVE;0;
6198;VIA CARLO E VALERIA JULG;0;
6198;VIA CARLO E VALERIA JULG;0;
6198;VIA CARLO E VALERIA JULG;0;
6198;VIA CARLO E VALERIA JULG;0;
0;;1;
3720;VIA DELLA MALPENSADA;0;
3720;VIA DELLA MALPENSADA;0;
3720;VIA DELLA MALPENSADA;0;
400;VIA DEL BRENNERO;1;
6489;VIA PER FONTANASANTA;0;
6489;VIA PER FONTANASANTA;0;
6489;VIA PER FONTANASANTA;0;
6489;VIA PER FONTANASANTA;0;
6140;VIA DEL DOS;0;
6427;LARGO PADRE TEOFILO;0;
1080;VIA C. ESTERLE;1;
560;VIA G. CANESTRINI;0;
2150;VICOLO DELLE ORSOLINE;0;
430;VIA BRESCIA;0;
2310;VIA G. PEDROTTI;0;
0;;1;
0;;1;
0;;1;
0;;1;
1910;VIA U. MOGGIOLI;0;
2860;VIA SAN PIETRO;1;
230;PIAZZA C. BATTISTI;0;
1480;VIA LAVISOTTO;0;
1480;VIA LAVISOTTO;0;
3650;VIA A. SCHMID;0;
3660;VIA L. SENESI;0;
3780;VIA A. DETASSIS;0;
3850;STRADA DELL'INTERPORTO;1;SP 235 dell'Interporto
5300;LOCALITA' RONCAFORT;0;
5300;LOCALITA' RONCAFORT;0;
5300;LOCALITA' RONCAFORT;0;
5300;LOCALITA' RONCAFORT;0;
1660;VIA DELLA MALVASIA;1;
3509;VIA DELLE BETTINE;0;
1570;VIA E. MACCANI;0;
2360;VIA F. PETRARCA;1;
2360;VIA F. PETRARCA;1;
30;VIA J. ACONCIO;0;
690;LOCALITA' DI CENTA;0;
3830;STR. GARDESANA DI TRENTO;1;SS 45 bis Gardesana Occ
8114;STRADA DEL BUS DE VELA;1;SS 45 bis Gardesana Occ
3020;VIA SANTI COSMA E DAMIANO;0;
430;VIA BRESCIA;0;
1350;VIA G. GIUSTI;1;
1350;VIA G. GIUSTI;1;
6170;VIA DEL FORTE;0;
6020;VIA BELLAVISTA;0;
7355;VIA DEI RIVI;0;
865;VIA S.F.CROSINA-B.SARTORI;0;
340;VIALE N. BOLOGNINI;0;
6110;VIA CESARINI;0;
1350;VIA G. GIUSTI;1;
8600;VIA ALTO SASSO;0;SP 85 del Monte Bondone
3818;VIA DI STELLA DI MAN;0;
3845;VIA SAN LORENZO;1;
3845;VIA SAN LORENZO;1;
880;PIAZZA DANTE;1;
3845;VIA SAN LORENZO;1;
880;PIAZZA DANTE;1;
3845;VIA SAN LORENZO;1;
1440;LOCALITA' I LAGHETTI;1;
1440;LOCALITA' I LAGHETTI;0;
7465;VIA V. MARCHESONI;0;
5290;VIA 4 NOVEMBRE;0;SS 12 svincoli
5770;VIA DRAVA;0;
5070;VIA BOLZANO;1;SS gestita da altri enti
5290;VIA 4 NOVEMBRE;0;
5290;VIA 4 NOVEMBRE;0;
6414;VIA PER CAMPEL;0;
6414;VIA PER CAMPEL;0;
1950;LUNGADIGE MONTE GRAPPA;1;
0;;1;
1950;LUNGADIGE MONTE GRAPPA;0;
5610;VIA DON LORENZO MILANI;0;
5570;VIA SALORNO;0;
5570;VIA SALORNO;0;
8496;PZ. MADONNA DI CARAVAGGIO;0;
6495;VIA DI ZELL;0;
6495;VIA DI ZELL;0;
6495;VIA DI ZELL;0;
6495;VIA DI ZELL;0;
6495;VIA DI ZELL;0;
6495;VIA DI ZELL;0;
6190;VIA GREZONI;1;
6190;VIA GREZONI;1;
3150;VIA DEI SOLTERI;0;
7865;STRADA DELLE NOVALINE;0;
7155;VIA PIANIZZA;0;SS 349 della Val d'Assa e Pedemontana
6495;VIA DI ZELL;0;
7335;VIA BORINO;0;
7335;VIA BORINO;0;
8623;STRADA DEL MONTE BONDONE;0;
8623;STRADA DEL MONTE BONDONE;0;
8804;RACCORDO AL CASELLO SUD;1;
6482;VIA EDUINO FELLIN;0;
6482;VIA EDUINO FELLIN;0;
6482;VIA EDUINO FELLIN;0;
6482;VIA EDUINO FELLIN;0;
6482;VIA EDUINO FELLIN;0;
6482;VIA EDUINO FELLIN;0;
6487;VIA DEI CAMERLI;0;
6487;VIA DEI CAMERLI;0;
6487;VIA DEI CAMERLI;0;
6487;VIA DEI CAMERLI;0;
6495;VIA DI ZELL;0;
6495;VIA DI ZELL;0;
6060;VIA AI CAMILASTRI;0;
6060;VIA AI CAMILASTRI;0;
6495;VIA DI ZELL;0;
1600;VIA CARD. C. MADRUZZO;0;
1600;VIA CARD. C. MADRUZZO;0;
1610;VICOLO CARD. C. MADRUZZO;0;
3350;CORSO 3 NOVEMBRE;0;
1290;VIA B. GENTILOTTI;0;
2445;LARGO L. PIGARELLI;1;
3400;PIAZZA VENEZIA;0;
2470;LARGO PORTA NUOVA;1;
0;;1;
5705;VIA SALISBURGO;0;
5705;VIA SALISBURGO;0;
5102;VIA ALTO ADIGE;1;SS gestita da altri enti
3850;STRADA DELL'INTERPORTO;1;SP 235 dell'Interporto
3850;STRADA DELL'INTERPORTO;1;SP 235 dell'Interporto
3850;STRADA DELL'INTERPORTO;1;SP 235 dell'Interporto
3850;STRADA DELL'INTERPORTO;1;SP 235 dell'Interporto
3850;STRADA DELL'INTERPORTO;1;SP 235 dell'Interporto
3850;STRADA DELL'INTERPORTO;1;SP 235 dell'Interporto
3807;TANGENZIALE OVEST;1;SS 12 dell'Abetone e del Brennero
6003;VIA BASSANO;0;SS 47 della Valsugana
5500;PIAZZA DELLA LIBERTA';0;
8480;VIA AL CANON;0;
8470;VIA DELLE TRE CROCI;0;
8472;PIAZZA DELL'ASSUNTA;1;
8472;PIAZZA DELL'ASSUNTA;0;
8472;PIAZZA DELL'ASSUNTA;0;
8472;PIAZZA DELL'ASSUNTA;0;
8472;PIAZZA DELL'ASSUNTA;0;
8471;VIA VECCHIE PONTARE;0;
8418;VIA CA ROSSA;0;
8465;PASSEGGIATA F. PERGHEM;0;
8419;VIA BELLARIA;0;SP 76 Gardolo-Lases
8419;VIA BELLARIA;0;SP 76 Gardolo-Lases
8540;VIA DEL RIO PAPA;0;
8414;VIA DEL PORFIDO;0;SP 76 Gardolo-Lases
6495;VIA DI ZELL;0;
6240;VIA DEI MASETTI;0;
6240;VIA DEI MASETTI;0;
6240;VIA DEI MASETTI;0;
0;;1;Autostrada A22
0;;1;Autostrada A22
6461;PIAZZETTA DEL MONT;0;
6462;VIA PER BEDOL;0;
3850;STRADA DELL'INTERPORTO;1;
3850;STRADA DELL'INTERPORTO;1;
6450;STRADA DI MONTEVACCINO;0;SP 131 del Vino 2 tronco
6050;VIA AI BOLLERI;0;SP 131 del Vino 2 tronco
6050;VIA AI BOLLERI;0;
6481;VIA DEI CONSOLATI;0;
6481;VIA DEI CONSOLATI;0;
3848;VIA DON UMBERTO PESSINA;0;
3848;VIA DON UMBERTO PESSINA;0;
3848;VIA DON UMBERTO PESSINA;0;
2430;VIA DI PIETRASTRETTA;0;
2430;VIA DI PIETRASTRETTA;0;
6003;VIA BASSANO;0;SS 47 della Valsugana
6003;VIA BASSANO;0;SS 47 della Valsugana
6330;VIA DI PRADISCOLA;0;
6400;VIA ALLA VEDUTA;0;
6310;VIA PONTE ALTO;0;
6310;VIA PONTE ALTO;0;
740;VIA DELLA CERVARA;0;
740;VIA DELLA CERVARA;0;
1470;VIA DELLE LASTE;0;
740;VIA DELLA CERVARA;0;
600;VIA DEI CAPPUCCINI;0;
3130;SALITA SODEGERIO DA TITO;0;
1470;VIA DELLE LASTE;0;
590;PIAZZA DEI CAPPUCCINI;0;
590;PIAZZA DEI CAPPUCCINI;0;
600;VIA DEI CAPPUCCINI;0;
2690;VIA DELLA SALUGA;0;
1320;SALITA DEI GIARDINI;0;
830;VIA DELLA COLLINA;1;
3502;VIA DEI GIARDINI;0;
6473;VIA AL VASCON;0;
6471;PIAZZA DI SAN DONA';0;
6471;PIAZZA DI SAN DONA';0;
6471;PIAZZA DI SAN DONA';0;
0;;1;
1150;VIA FIUME;0;
1690;SALITA F. MANCI;0;
1690;SALITA F. MANCI;0;
360;VIA P. BENEDETTO BONELLI;0;
1340;VIA B. GIOVANELLI;0;
1340;VIA B. GIOVANELLI;1;
2730;VIA SAN BERNARDINO;1;
6411;VIA PER TAVERNARO;0;
7315;VIA MADONNINA;0;
6414;VIA PER CAMPEL;0;
3511;PIAZZALE C. RUSCONI;0;
0;;1;
3803;PIAZZALE EUROPA;0;
3512;VIA SILVANO NATALE;0;
3803;PIAZZALE EUROPA;0;
3803;PIAZZALE EUROPA;0;
430;VIA BRESCIA;0;
5550;VIA AL PONT DEI VODI;0;
5550;VIA AL PONT DEI VODI;0;
5290;VIA 4 NOVEMBRE;0;
5400;PIAZZALE NEUFAHRN;0;
8803;VIA STELLA;0;SP 90 Destra Adige
8803;VIA STELLA;1;
8803;VIA STELLA;1;
8803;VIA STELLA;1;
8803;VIA STELLA;1;
8803;VIA STELLA;1;
8803;VIA STELLA;1;
8803;VIA STELLA;1;
8803;VIA STELLA;1;
0;;1;SS 47 della Valsugana
6390;STRADA DELLA VALSUGANA;0;
3503;VIA MESIANO;0;SP 204 Villazzano-Ponte Ludovico
7460;VIA DON TOMMASO DALLAFIOR;0;SP 204 Villazzano-Ponte Ludovico
3504;VIA MURALTA;0;
7345;VIA SABBIONI;0;
7345;VIA SABBIONI;0;
7305;VIA ALLA CASCATA;0;
7390;VIA PANTE';1;
7380;PIAZZA G. MANCI;0;
7390;VIA PANTE';1;
7380;PIAZZA G. MANCI;0;
7380;PIAZZA G. MANCI;0;
7500;VIA DELLA SELVA;0;
7375;VIA BRENZ;0;
7515;VIA ALLE VOLPARE;0;
7490;VIA DEI RONCHI;0;
7485;VIA DELLA RESISTENZA;0;
7385;VIA SPRE';0;
7385;VIA SPRE';1;
7375;VIA BRENZ;0;
7335;VIA BORINO;0;
7385;VIA SPRE';0;
7485;VIA DELLA RESISTENZA;0;
7385;VIA SPRE';1;
7385;VIA SPRE';0;
7355;VIA DEI RIVI;0;
7355;VIA DEI RIVI;0;
7355;VIA DEI RIVI;0;
7350;VIA SALE';0;
7350;VIA SALE';1;
7425;VIA GABBIOLO;0;
7425;VIA GABBIOLO;0;
7425;VIA GABBIOLO;0;
7435;VIA ALLA CROS;0;
8804;RACCORDO AL CASELLO SUD;1;
8803;VIA STELLA;1;
7450;VIA CASTEL DI PIETRAPIANA;0;SP 204 Villazzano-Ponte Ludovico
7450;VIA CASTEL DI PIETRAPIANA;0;SP 204 Villazzano-Ponte Ludovico
7060;VIA DEI COLLI;0;
7030;STRADA DEI BINDESI;0;
7266;SALITA AL SANTUARIO;0;
7110;VIA MARZOLA;0;
7262;VIA DEL BOMPORT;0;
7263;VIA DEL NESPOLAR;0;
7265;VIA DEI GIUDITI;0;
7445;VIA AI CASOTI;0;
3844;P.GGIO GIUSEPPE SEBESTA;0;
3842;VIA A. LIBERA;0;
3842;VIA A. LIBERA;0;
1860;VIA GEN. GIACOMO MEDICI;1;
1860;VIA GEN. GIACOMO MEDICI;0;
2020;VIA DEI MUREDEI;0;
2020;VIA DEI MUREDEI;1;
280;VIA O. BENEVOLI;0;
3500;VIA A. VIVALDI;0;
2880;VIA SAN PIO X;0;
660;VIA CAURIOL;0;
770;VIA E. CHINI;0;
3480;VIA VICENZA;0;
3830;STR. GARDESANA DI TRENTO;1;SS 45 bis Gardesana Occ
7200;VIA DEI TESSADRI;1;
7150;VIA SAN ROCCO;1;
7150;VIA SAN ROCCO;1;
7080;VIA GALASSA;0;
7210;VIA TORRICELLE;0;
7210;VIA TORRICELLE;0;
7045;VIA AL CASTEL DI S. ROCCO;0;
7155;VIA PIANIZZA;0;SS 349 della Val d'Assa e Pedemontana
1870;VIA C. MENGUZZATO;1;
1760;VIA A. MARIGHETTO;1;
1870;VIA C. MENGUZZATO;0;
1760;VIA A. MARIGHETTO;0;
1870;VIA C. MENGUZZATO;0;
1870;VIA C. MENGUZZATO;0;
3831;VIA G. FERRANDI;0;
3817;VIA DI MADONNA BIANCA;0;
3818;VIA DI STELLA DI MAN;0;
3818;VIA DI STELLA DI MAN;0;
2540;VIA RAGAZZI DEL '99;0;
2540;VIA RAGAZZI DEL '99;0;
3824;VIA DI SAN VINCENZO;0;
7815;VIA NAZIONALE;0;
7795;VIA G. CATONI;1;
7795;VIA G. CATONI;1;
7750;VIA DELLA TORRE FRANCA;1;
7815;VIA NAZIONALE;1;
7795;VIA G. CATONI;1;
7815;VIA NAZIONALE;1;
7815;VIA NAZIONALE;1;
7815;VIA NAZIONALE;1;
7815;VIA NAZIONALE;1;
7755;VIA DEL CASTEL;0;
0;;1;
0;;1;
7755;VIA DEL CASTEL;0;
7730;VIA G. POLI;0;
7755;VIA DEL CASTEL;0;
7935;PIAZZA QUINTILIO PERINI;0;
7815;VIA NAZIONALE;1;
7935;PIAZZA QUINTILIO PERINI;1;
7935;PIAZZA QUINTILIO PERINI;0;
7935;PIAZZA QUINTILIO PERINI;0;
7935;PIAZZA QUINTILIO PERINI;1;
7935;PIAZZA QUINTILIO PERINI;0;
7935;PIAZZA QUINTILIO PERINI;0;
7780;VIA DELLA STAZIONE;0;
7780;VIA DELLA STAZIONE;0;
7815;VIA NAZIONALE;0;
7795;VIA G. CATONI;1;
7795;VIA G. CATONI;1;
7850;STRADA DEI FORTI;0;
7865;STRADA DELLE NOVALINE;0;
3834;VIA PIA ZAMBOTTI;0;
7718;STRADA FRICCA-VALSORDA;0;SS 349 della Val d'Assa e Pedemontana
8935;VIA ALLE PORTE;0;
3811;TANGENZIALE SUD;1;SS 12 dell'Abetone e del Brennero
3811;TANGENZIALE SUD;1;SS 12 dell'Abetone e del Brennero
7713;VIA DI VALSORDA;0;
3811;TANGENZIALE SUD;1;SS 12 dell'Abetone e del Brennero
3811;TANGENZIALE SUD;1;SS 12 dell'Abetone e del Brennero
3811;TANGENZIALE SUD;1;SS 12 dell'Abetone e del Brennero
3811;TANGENZIALE SUD;1;SS 12 dell'Abetone e del Brennero
7890;VIA LIDORNO;1;SP 90 Destra Adige
8870;VIA VAL GOLA;0;
8780;VIA DELLE MASERE;1;
8780;VIA DELLE MASERE;0;
8780;VIA DELLE MASERE;1;
8780;VIA DELLE MASERE;0;
6003;VIA BASSANO;0;SS 47 della Valsugana
8720;VIA PER BELVEDERE;0;
3823;VIA DI COSTA SAN NICOLO';0;
8760;VIA FILARI LONGHI;0;
8840;VIA SANTA MARINA;1;
8803;VIA STELLA;0;
8760;VIA FILARI LONGHI;0;
8760;VIA FILARI LONGHI;1;
8760;VIA FILARI LONGHI;0;
8840;VIA SANTA MARINA;0;
8840;VIA SANTA MARINA;1;
8760;VIA FILARI LONGHI;0;
8760;VIA FILARI LONGHI;0;
8760;VIA FILARI LONGHI;1;
8770;VIA MARGONE;0;
8860;VIA VALEMBRAR;0;
8790;VIA DON M. MAZZONELLI;0;
8720;VIA PER BELVEDERE;0;
8803;VIA STELLA;0;
5490;VIA SAN SEBASTIAN;0;
5490;VIA SAN SEBASTIAN;1;
5490;VIA SAN SEBASTIAN;1;
0;;1;Autostrada A22
5490;VIA SAN SEBASTIAN;1;
0;;1;Autostrada A22
0;;1;Autostrada A22
3807;TANGENZIALE OVEST;1;SS 12 dell'Abetone e del Brennero
3807;TANGENZIALE OVEST;1;SS 12 dell'Abetone e del Brennero
3807;TANGENZIALE OVEST;1;SS 12 dell'Abetone e del Brennero
8652;VIA DELLE MANDOLARE;0;
2760;VIA SAN GIORGIO;0;
3060;VIA ALLA SCALA;0;
1440;LOCALITA' I LAGHETTI;0;
3020;VIA SANTI COSMA E DAMIANO;0;
3020;VIA SANTI COSMA E DAMIANO;1;
3020;VIA SANTI COSMA E DAMIANO;0;
3020;VIA SANTI COSMA E DAMIANO;0;
690;LOCALITA' DI CENTA;0;
690;LOCALITA' DI CENTA;1;
430;VIA BRESCIA;0;SS 45 bis Gardesana Occ
3620;VIA AL MASO VISINTAINER;1;
3620;VIA AL MASO VISINTAINER;1;
3620;VIA AL MASO VISINTAINER;1;
8069;STRADA DI VIGOLO BASELGA;0;SS 45 bis Gardesana Occ
8260;PIAZZA SAN LEONARDO;0;
8213;STRADA DI SO' CA;0;
8211;STRADA DI ARIOL;0;
1950;LUNGADIGE MONTE GRAPPA;1;
8069;STRADA DI VIGOLO BASELGA;0;SS 45 bis Gardesana Occ
8070;STRADA DEL DOS GARIOL;0;
8070;STRADA DEL DOS GARIOL;0;
8070;STRADA DEL DOS GARIOL;0;
8070;STRADA DEL DOS GARIOL;0;
8069;STRADA DI VIGOLO BASELGA;0;
8322;VIA DELLA CHIESA;0;
8071;STRADA DEL DOS GRUM;0;SP 85 dir Vigolo Baselga
8321;V. DELLA VILLA DI BASELGA;0;
8321;V. DELLA VILLA DI BASELGA;0;
8321;V. DELLA VILLA DI BASELGA;0;
8071;STRADA DEL DOS GRUM;0;
8071;STRADA DEL DOS GRUM;0;SP 85 dir Vigolo Baselga
8070;STRADA DEL DOS GARIOL;0;
8323;VIA DEI CASAI;0;
8314;STRADA DOS DE LE GIARE;0;
8313;VIA DEL CESURON;0;
8032;VIA DELLE PIAZZE;1;
8032;VIA DELLE PIAZZE;0;
8068;STRADA PER SOPRAMONTE;0;SP 85 dir Sopramonte
8068;STRADA PER SOPRAMONTE;0;SP 85 dir Sopramonte
8121;STRADA DELLA CASARA;0;
8131;VIA DELLA POSTA;0;
8128;VIA DEI MASI;0;
8129;VIA DEL MOLIN;0;
8137;VIA DEI VOLTEI;0;
8111;VIA DELL'ANDRONA;1;
8032;VIA DELLE PIAZZE;0;
8000;VIA DELLE ARE;0;
8032;VIA DELLE PIAZZE;0;
8012;VIA ALLA DOSSA;0;
8012;VIA ALLA DOSSA;0;
8001;VIA DELLA BELINA;0;
8001;VIA DELLA BELINA;0;
8042;PIAZZA DEL SACRO CUORE;0;
8013;VIA DEL DOSSOL;0;
8042;PIAZZA DEL SACRO CUORE;0;
8023;VIA DI MURA;0;
8023;VIA DI MURA;0;
8003;VIA DI BUNAGA;0;
8051;VIA DEI TURCATI;0;
8051;VIA DEI TURCATI;0;
8037;VIA DEL PRAOL;0;
8041;VIA DELLA RI;0;
8012;VIA ALLA DOSSA;0;
8001;VIA DELLA BELINA;0;
8012;VIA ALLA DOSSA;0;
8012;VIA ALLA DOSSA;0;
8012;VIA ALLA DOSSA;0;
8045;VIA DEI SEGATI;0;
8657;STRADA DEL PRA DEL BOTER;0;SP 85 dir Sopramonte
8657;STRADA DEL PRA DEL BOTER;0;SP 85 dir Sopramonte
8653;STRADA DI VANEZE;0;SP 85 del Monte Bondone
8611;STRADA DI CORNO - VANEZE;0;
8653;STRADA DI VANEZE;0;SP 85 del Monte Bondone
8066;STRADA DEL NORGE;0;SP 85 del Monte Bondone
8046;VIA DELLA SELVA DI VASON;0;
8053;STRADA DI VASON;0;SP 85 del Monte Bondone
8053;STRADA DI VASON;0;SP 85 del Monte Bondone
8612;STRADA COSTA CASTEGNARI;0;
8600;VIA ALTO SASSO;0;SP 85 del Monte Bondone
8600;VIA ALTO SASSO;0;SP 85 del Monte Bondone
8623;STRADA DEL MONTE BONDONE;0;
0;;1;Autostrada A22
0;;1;Autostrada A22
0;;1;Autostrada A22
0;;1;Autostrada A22
6220;VIA DELLE MARNIGHE;0;
6220;VIA DELLE MARNIGHE;0;
3511;PIAZZALE C. RUSCONI;0;
1090;VIA E. FERMI;0;
1090;VIA E. FERMI;0;
7450;VIA CASTEL DI PIETRAPIANA;0;SP 204 Villazzano-Ponte Ludovico
6471;PIAZZA DI SAN DONA';0;
6471;PIAZZA DI SAN DONA';0;
8608;VIA ALLA CESA VECIA;0;
8608;VIA ALLA CESA VECIA;0;
6260;VIA MISSIONI AFRICANE;0;
8538;VIC. DELLA POSTA VECCHIA;0;
3511;PIAZZALE C. RUSCONI;0;
3847;VIA GEMMA DE GRESTI;0;
2495;VIA A. PRANZELORES;0;
8122;VIA DI COLTURA;0;
8122;VIA DI COLTURA;0;
6003;VIA BASSANO;0;SS 47 della Valsugana
6020;VIA BELLAVISTA;0;
6020;VIA BELLAVISTA;0;
2470;LARGO PORTA NUOVA;0;
8463;VIA DEL MALGAR;0;
8529;PIAZZA T. SONTACCHI;0;
8215;VIA DEL NARONCH;0;
8215;VIA DEL NARONCH;0;
7385;VIA SPRE';0;
7485;VIA DELLA RESISTENZA;0;
7485;VIA DELLA RESISTENZA;0;
7485;VIA DELLA RESISTENZA;0;
7410;SALITA SANT'AGATA;0;
8540;VIA DEL RIO PAPA;0;
4068;GIARDINO MICHELE DE FINIS;0;
780;VIA LA CLARINA;0;
780;VIA LA CLARINA;0;
780;VIA LA CLARINA;0;
8213;STRADA DI SO' CA;0;
1950;LUNGADIGE MONTE GRAPPA;1;
5290;VIA 4 NOVEMBRE;0;
5070;VIA BOLZANO;1;
3640;VIA DELLA PREDARA;0;
8213;STRADA DI SO' CA;0;
8800;VIA DEL PONTE;0;
8800;VIA DEL PONTE;0;SP 90 Destra Adige
8800;VIA DEL PONTE;0;
8800;VIA DEL PONTE;0;SP 90 Destra Adige
960;PIAZZALE DIVISIONI ALPINE;0;
820;VICOLO COLICO;1;
1565;PIAZZETTA BRUNO LUNELLI;0;
0;;1;
0;;1;
0;;1;
300;VIA BEZZECCA;1;
7875;LOCALITA' ACQUAVIVA;0;
7875;LOCALITA' ACQUAVIVA;0;
7875;LOCALITA' ACQUAVIVA;0;
7875;LOCALITA' ACQUAVIVA;0;
8056;VIA DI VINCIA;1;
6050;VIA AI BOLLERI;0;
6050;VIA AI BOLLERI;0;
8073;PIAZZA PADRE RICCARDO;0;
740;VIA DELLA CERVARA;0;
8703;VIA DELL'IMPRESA;0;
5070;VIA BOLZANO;1;
3824;VIA DI SAN VINCENZO;0;
3824;VIA DI SAN VINCENZO;0;
7685;PONTE DI MESIANO;0;
3020;VIA SANTI COSMA E DAMIANO;1;
690;LOCALITA' DI CENTA;0;
400;VIA DEL BRENNERO;1;
5070;VIA BOLZANO;1;
2470;LARGO PORTA NUOVA;1;
7335;VIA BORINO;0;
5400;PIAZZALE NEUFAHRN;0;
7315;VIA MADONNINA;0;
1760;VIA A. MARIGHETTO;0;
3450;VIALE VERONA;0;
2760;VIA SAN GIORGIO;0;
3390;LOCALITA' LA VELA;0;
3804;VIA EZIO FRANCESCHINI;0;
400;VIA DEL BRENNERO;0;
5420;VIA G. CAPRONI;1;
5420;VIA G. CAPRONI;0;
5420;VIA G. CAPRONI;0;
5420;VIA G. CAPRONI;0;
5101;VIA SANT'ANNA;0;
5101;VIA SANT'ANNA;0;
5101;VIA SANT'ANNA;0;
5101;VIA SANT'ANNA;0;
5101;VIA SANT'ANNA;0;
5101;VIA SANT'ANNA;0;
3509;VIA DELLE BETTINE;0;
3509;VIA DELLE BETTINE;0;
8655;VIA DEI FALCHI - VANEZE;0;
8655;VIA DEI FALCHI - VANEZE;0;
400;VIA DEL BRENNERO;1;
400;VIA DEL BRENNERO;1;
2250;VIA DEI PARADISI;0;
8122;VIA DI COLTURA;0;
400;VIA DEL BRENNERO;1;
8804;RACCORDO AL CASELLO SUD;0;
6105;VIA DELL'ALBERA;0;
8027;PIAZZA OVENO;1;
600;VIA DEI CAPPUCCINI;0;
3160;SALITA DELLA SPALLIERA;0;
6130;VIA DELLE COSTIOLE;0;
5080;VIA L. CANEPPELE;0;
5730;VIA MARTINO AICHNER;0;
7718;STRADA FRICCA-VALSORDA;0;SS 349 della Val d'Assa e Pedemontana
3503;VIA MESIANO;0;
1465;SALITA V. LARGAIOLLI;0;
5260;VIA PALUDI;0;
5260;VIA PALUDI;0;
6080;VIA DEL CAPITEL;0;
6080;VIA DEL CAPITEL;0;
7090;VIA U. GIORDANO;0;
5705;VIA SALISBURGO;0;
5705;VIA SALISBURGO;1;
5715;VIA GRAZ;0;
5715;VIA GRAZ;0;
7345;VIA SABBIONI;0;
7345;VIA SABBIONI;0;
6419;VIA PER PILA;0;
6419;VIA PER PILA;0;
7716;STRADA DE LE TOARE;0;
7713;VIA DI VALSORDA;0;
7712;STRADA DELLA LAVANDARA;0;
7712;STRADA DELLA LAVANDARA;0;
7714;VIA AL DOS DEL PIN;0;
7713;VIA DI VALSORDA;0;
7714;VIA AL DOS DEL PIN;0;
7714;VIA AL DOS DEL PIN;0;
7714;VIA AL DOS DEL PIN;0;
7718;STRADA FRICCA-VALSORDA;0;
7718;STRADA FRICCA-VALSORDA;0;SS 349 della Val d'Assa e Pedemontana
7230;VIA VALNIGRA;0;SP 204 Villazzano-Ponte Ludovico
7714;VIA AL DOS DEL PIN;0;
7815;VIA NAZIONALE;0;
8122;VIA DI COLTURA;0;
8122;VIA DI COLTURA;0;
8023;VIA DI MURA;0;
5685;VIA LINZ;0;
5660;VIA DI SPINI;0;
5660;VIA DI SPINI;0;
5660;VIA DI SPINI;0;
5660;VIA DI SPINI;0;
5630;VIA DELL'ORA DEL GARDA;0;
5660;VIA DI SPINI;0;
5630;VIA DELL'ORA DEL GARDA;0;
3811;TANGENZIALE SUD;0;
7714;VIA AL DOS DEL PIN;0;
7714;VIA AL DOS DEL PIN;0;
7130;LOCALITA' NEGRANO;0;
7712;STRADA DELLA LAVANDARA;0;
1400;VIA DON GIUSEPPE GRAZIOLI;1;
1400;VIA DON GIUSEPPE GRAZIOLI;0;
7718;STRADA FRICCA-VALSORDA;0;
7718;STRADA FRICCA-VALSORDA;0;SS 349 della Val d'Assa e Pedemontana
6340;VIA SABBIONARE;0;
6080;VIA DEL CAPITEL;0;
5125;VIA DELLE CROSARE;0;
8416;VIA CASTEL DI GARDOLO;0;
5101;VIA SANT'ANNA;1;
5125;VIA DELLE CROSARE;0;
0;;1;
0;;1;
5102;VIA ALTO ADIGE;1;SS gestita da altri enti
5102;VIA ALTO ADIGE;1;SS gestita da altri enti
5070;VIA BOLZANO;1;
8540;VIA DEL RIO PAPA;0;
5420;VIA G. CAPRONI;0;
8636;VIA ALLE VALENE;0;
4067;PARCO FRATELLI MICHELIN;0;
0;;1;
400;VIA DEL BRENNERO;0;
5735;VIA C. BENEDETTI;0;
5615;VIA 25 APRILE;0;
5615;VIA 25 APRILE;0;
0;;1;
0;;1;
1520;LUNGADIGE G. LEOPARDI;0;
1500;PIAZZA LEONARDO DA VINCI;1;
5783;VIA STEFANO SALTERIO;0;
0;;1;SS 47 della Valsugana
6001;VIA DON ALFONSO ANSELMI;0;
2880;VIA SAN PIO X;0;
900;VIA A. DEGASPERI;0;
6485;VIA DI MADERNO;0;
6485;VIA DI MADERNO;0;
5480;PIAZZALE L. GROFF;0;
5480;PIAZZALE L. GROFF;0;
5480;PIAZZALE L. GROFF;0;
5645;VIA LAURENCE FEININGER;0;
5520;VIA MARCO POLA;1;
6491;VIA AL MASO PEZANI;0;
6491;VIA AL MASO PEZANI;0;
6491;VIA AL MASO PEZANI;0;
6491;VIA AL MASO PEZANI;0;
6491;VIA AL MASO PEZANI;0;
6491;VIA AL MASO PEZANI;0;
6491;VIA AL MASO PEZANI;0;
6493;VIA AL MASO CARESIA;0;
6493;VIA AL MASO CARESIA;0;
0;;0;
0;;0;
6340;VIA SABBIONARE;0;
6340;VIA SABBIONARE;0;
2470;LARGO PORTA NUOVA;1;
2470;LARGO PORTA NUOVA;1;
8049;STRADA PER LE TRE CIME;0;SP 85 dir Sopramonte
6492;VIA AL RIPARO GABAN;0;
6492;VIA AL RIPARO GABAN;0;
6492;VIA AL RIPARO GABAN;0;
6492;VIA AL RIPARO GABAN;0;
6492;VIA AL RIPARO GABAN;0;
6492;VIA AL RIPARO GABAN;0;
6492;VIA AL RIPARO GABAN;0;
6491;VIA AL MASO PEZANI;0;
8803;VIA STELLA;0;
8803;VIA STELLA;1;
8803;VIA STELLA;0;
8803;VIA STELLA;0;
6494;VIA AL MASO SIZZO;0;
6491;VIA AL MASO PEZANI;0;
8484;SALITA DELLA CAOLA;1;
400;VIA DEL BRENNERO;1;
400;VIA DEL BRENNERO;1;
2050;VIA A. NICOLODI;0;
2050;VIA A. NICOLODI;0;
2050;VIA A. NICOLODI;0;
3902;VIA G. FALCONE;0;
7703;VIA DELLA GOTARDA;0;
7703;VIA DELLA GOTARDA;0;SP 21 Mattarello-Aldeno
1120;VIA FERSINA;0;
1120;VIA FERSINA;0;
1120;VIA FERSINA;0;
1125;VIA G. BARTALI;1;
5781;VIA DELLE PALAZZINE;1;
5781;VIA DELLE PALAZZINE;0;
0;;1;
8416;VIA CASTEL DI GARDOLO;1;
0;;1;
5101;VIA SANT'ANNA;1;
5101;VIA SANT'ANNA;0;
5125;VIA DELLE CROSARE;1;
5125;VIA DELLE CROSARE;0;
5125;VIA DELLE CROSARE;1;
5125;VIA DELLE CROSARE;0;
8471;VIA VECCHIE PONTARE;1;
8471;VIA VECCHIE PONTARE;0;
8955;VIA DELLE PIAZZOLE;0;
8955;VIA DELLE PIAZZOLE;0;
0;;1;
0;;1;
0;;1;
0;;1;
0;;1;
5781;VIA DELLE PALAZZINE;1;
0;;1;
8416;VIA CASTEL DI GARDOLO;1;
5070;VIA BOLZANO;1;
8032;VIA DELLE PIAZZE;0;
8032;VIA DELLE PIAZZE;0;
1335;VIA G. GILLI;1;
3535;VIA V. ZAMBRA;0;
1335;VIA G. GILLI;1;
1335;VIA G. GILLI;1;
1335;VIA G. GILLI;1;
2495;VIA A. PRANZELORES;0;
5102;VIA ALTO ADIGE;1;SS gestita da altri enti
5070;VIA BOLZANO;1;
5070;VIA BOLZANO;1;
5070;VIA BOLZANO;1;
5102;VIA ALTO ADIGE;1;SS gestita da altri enti
5102;VIA ALTO ADIGE;1;SS gestita da altri enti
5102;VIA ALTO ADIGE;1;SS gestita da altri enti
5102;VIA ALTO ADIGE;1;SS gestita da altri enti
6200;VIA B. KOFLER;0;
6200;VIA B. KOFLER;0;
6200;VIA B. KOFLER;0;
6200;VIA B. KOFLER;0;
6200;VIA B. KOFLER;0;
6200;VIA B. KOFLER;0;
6198;VIA CARLO E VALERIA JULG;0;
7740;VIA DON DARIO TRENTINI;0;
7740;VIA DON DARIO TRENTINI;0;
880;PIAZZA DANTE;1;
880;PIAZZA DANTE;1;
6484;VIA DEL DOS DE LA POLENTA;0;
6060;VIA AI CAMILASTRI;0;
6481;VIA DEI CONSOLATI;0;
6484;VIA DEL DOS DE LA POLENTA;0;
6484;VIA DEL DOS DE LA POLENTA;0;
3907;PIAZZETTA V. SOLESIN;0;
6414;VIA PER CAMPEL;0;
6414;VIA PER CAMPEL;0;
3829;VIA TULLIO ODORIZZI;0;
4043;PONTE DEI CAVALLEGGERI;0;
4044;PONTE DELLE DAME DI SION;0;
4046;PONTE DI GOCCIADORO;0;
7683;PONTE CORNICCHIO;0;
6003;VIA BASSANO;1;
6003;VIA BASSANO;1;
6003;VIA BASSANO;1;
1870;VIA C. MENGUZZATO;0;
1870;VIA C. MENGUZZATO;1;
1870;VIA C. MENGUZZATO;1;
1870;VIA C. MENGUZZATO;1;
3817;VIA DI MADONNA BIANCA;0;
3827;VIA DEI MARINAI D'ITALIA;0;
3817;VIA DI MADONNA BIANCA;1;
0;;1;
0;;1;
1760;VIA A. MARIGHETTO;0;
1760;VIA A. MARIGHETTO;0;
6198;VIA CARLO E VALERIA JULG;0;
6198;VIA CARLO E VALERIA JULG;0;
2470;LARGO PORTA NUOVA;1;
5460;VIA INNSBRUCK;1;
5460;VIA INNSBRUCK;0;
5490;VIA SAN SEBASTIAN;0;
5460;VIA INNSBRUCK;1;
5290;VIA 4 NOVEMBRE;0;
5290;VIA 4 NOVEMBRE;0;
7335;VIA BORINO;0;
6290;VIA DEGLI OLIVI;0;
6290;VIA DEGLI OLIVI;0;
6290;VIA DEGLI OLIVI;0;
6290;VIA DEGLI OLIVI;0;
3320;VIA AL TORRIONE;0;
3020;VIA SANTI COSMA E DAMIANO;0;
8122;VIA DI COLTURA;0;
8122;VIA DI COLTURA;0;
2000;VIA DELLA MOSTRA;0;
8418;VIA CA ROSSA;0;
8496;PZ. MADONNA DI CARAVAGGIO;0;
8496;PZ. MADONNA DI CARAVAGGIO;0;
8496;PZ. MADONNA DI CARAVAGGIO;0;
8046;VIA DELLA SELVA DI VASON;0;
8046;VIA DELLA SELVA DI VASON;0;
8046;VIA DELLA SELVA DI VASON;0;
3450;VIALE VERONA;0;
3450;VIALE VERONA;0;
2990;PIAZZA S. MARIA MAGGIORE;0;
8418;VIA CA ROSSA;0;
8418;VIA CA ROSSA;1;
8418;VIA CA ROSSA;1;
5105;VIA DEI CARPENEDI;0;
5105;VIA DEI CARPENEDI;0;
8418;VIA CA ROSSA;0;
5102;VIA ALTO ADIGE;1;SS gestita da altri enti
6400;VIA ALLA VEDUTA;0;
6400;VIA ALLA VEDUTA;0;
3660;VIA L. SENESI;0;
3650;VIA A. SCHMID;0;
3650;VIA A. SCHMID;0;
8415;VIA CASTEL DI CORTESANO;0;
8415;VIA CASTEL DI CORTESANO;0;
8415;VIA CASTEL DI CORTESANO;0;
7335;VIA BORINO;0;
7335;VIA BORINO;0;
7375;VIA BRENZ;0;
5340;VIA SOPRASASSO;0;
5340;VIA SOPRASASSO;0;
2530;VIA DELLA PREPOSITURA;0;
7740;VIA DON DARIO TRENTINI;0;
7740;VIA DON DARIO TRENTINI;0;
3890;VIA SAN DANIELE COMBONI;0;
3890;VIA SAN DANIELE COMBONI;0;
8119;VIA DEL CAPITELLO;0;
8119;VIA DEL CAPITELLO;0;
8119;VIA DEL CAPITELLO;0;
30;VIA J. ACONCIO;0;
30;VIA J. ACONCIO;0;
3050;LARGO N. SAURO;0;
3503;VIA MESIANO;0;
3503;VIA MESIANO;0;
7503;PIAZZALE CARLO MERLER;0;
7460;VIA DON TOMMASO DALLAFIOR;0;
7450;VIA CASTEL DI PIETRAPIANA;0;
7450;VIA CASTEL DI PIETRAPIANA;0;SP 204 Villazzano-Ponte Ludovico
7335;VIA BORINO;0;
7335;VIA BORINO;0;
6340;VIA SABBIONARE;0;
5260;VIA PALUDI;0;
6360;VIA SAN VITO;0;
6050;VIA AI BOLLERI;0;
0;;0;
8830;RIONE SAN MARCO;0;
8830;RIONE SAN MARCO;0;
3506;VIA G. B. TRENER;1;
6220;VIA DELLE MARNIGHE;0;
8418;VIA CA ROSSA;0;
400;VIA DEL BRENNERO;0;
5105;VIA DEI CARPENEDI;0;
0;;1;
3839;CORSO LAVORO E SCIENZA;0;
3839;CORSO LAVORO E SCIENZA;0;
3842;VIA A. LIBERA;0;
3839;CORSO LAVORO E SCIENZA;0;
1010;VIA DOS TRENTO;0;
1010;VIA DOS TRENTO;0;
1010;VIA DOS TRENTO;0;
1010;VIA DOS TRENTO;0;
1010;VIA DOS TRENTO;0;
3020;VIA SANTI COSMA E DAMIANO;0;
2960;VIA SANTA MARGHERITA;0;
2200;VIA PALERMO;0;
2200;VIA PALERMO;0;
2200;VIA PALERMO;0;
2200;VIA PALERMO;0;
3440;VIA G. VERDI;0;
3440;VIA G. VERDI;0;
400;VIA DEL BRENNERO;1;
1570;VIA E. MACCANI;0;
1570;VIA E. MACCANI;0;
1570;VIA E. MACCANI;0;
1570;VIA E. MACCANI;0;
1570;VIA E. MACCANI;0;
1570;VIA E. MACCANI;0;
3780;VIA A. DETASSIS;0;
7500;VIA DELLA SELVA;0;
7500;VIA DELLA SELVA;0;
7500;VIA DELLA SELVA;1;
1010;VIA DOS TRENTO;0;
3830;STR. GARDESANA DI TRENTO;1;SS 45 bis Gardesana Occ
130;PIAZZETTA ANFITEATRO;0;
130;PIAZZETTA ANFITEATRO;0;
6453;VIA DI PRAMORGHEN;0;
6453;VIA DI PRAMORGHEN;0;
6453;VIA DI PRAMORGHEN;0;
6453;VIA DI PRAMORGHEN;0;
7230;VIA VALNIGRA;0;
1050;VIA L. EINAUDI;0;
5755;VIA F. A. GIONGO;0;
5470;VIA 2 GIUGNO;0;
5470;VIA 2 GIUGNO;0;
5470;VIA 2 GIUGNO;0;
5470;VIA 2 GIUGNO;0;
5783;VIA STEFANO SALTERIO;0;
1335;VIA G. GILLI;1;
1335;VIA G. GILLI;1;
1415;VIA R. GUARDINI;0;
1335;VIA G. GILLI;1;
1335;VIA G. GILLI;1;
1335;VIA G. GILLI;1;
830;VIA DELLA COLLINA;0;
1125;VIA G. BARTALI;0;
1125;VIA G. BARTALI;0;
1120;VIA FERSINA;1;
1120;VIA FERSINA;0;
1120;VIA FERSINA;1;
1120;VIA FERSINA;1;
1120;VIA FERSINA;1;
1120;VIA FERSINA;1;
1120;VIA FERSINA;1;
1120;VIA FERSINA;1;
1120;VIA FERSINA;1;
1125;VIA G. BARTALI;1;
1125;VIA G. BARTALI;1;
4086;GIARDINO ALPI E HROVATIN;0;
4073;GIARDINO G. DALLA FIOR;0;
4076;GIARDINO LUCIO SUSMEL;0;
4075;GIARDINO DEL MOSCHEN;0;
4074;GIARDINO GIUSEPPE SCOZ;0;
4082;GIARDINO F.LLI BERNARDI;0;
4085;GIARDINO EX DUCA D'AOSTA;0;
4083;GIARDINO METEOROLOGICO;0;
4084;GIARDINO DEI COLORI;0;
4077;GIARDINO INES PISONI;0;
4081;GIARDINO ELSA CONCI;0;
4080;GIARDINO DE UNTERRICHTER;0;
4078;GIARDINO LEVI MONTALCINI;0;
4087;GIARDINO ENZO TORTORA;0;
4088;GIARDINO LEONE TOVAZZI;0;
4079;GIARDINO OTTONE CESTARI;0;
4089;GIARDINO VITO GOLLER;0;
5260;VIA PALUDI;0;
5341;VIA E. BITTANTI;0;
5340;VIA SOPRASASSO;0;
5340;VIA SOPRASASSO;1;
5340;VIA SOPRASASSO;1;
5340;VIA SOPRASASSO;1;
5340;VIA SOPRASASSO;1;
5260;VIA PALUDI;0;
5340;VIA SOPRASASSO;0;
5340;VIA SOPRASASSO;0;
7890;VIA LIDORNO;0;SP 90 Destra Adige
4090;GIARDINO VITTIME S.L.O.I.;0;
4091;GIARDINO ANDREAS HOFER;0;
4092;GIARDINO JAN PALACH;0;
3020;VIA SANTI COSMA E DAMIANO;0;
3020;VIA SANTI COSMA E DAMIANO;0;
2900;VIA R. DA SANSEVERINO;1;
2900;VIA R. DA SANSEVERINO;1;
2900;VIA R. DA SANSEVERINO;1;
8501;STRADA DELLA CA COMUNA;0;
8501;STRADA DELLA CA COMUNA;0;
7305;VIA ALLA CASCATA;0;
7305;VIA ALLA CASCATA;0;
7305;VIA ALLA CASCATA;0;
7305;VIA ALLA CASCATA;0;
7305;VIA ALLA CASCATA;0;
7305;VIA ALLA CASCATA;0;
5745;VIA MATTIA CARNERI;0;
7305;VIA ALLA CASCATA;0;
7686;PONTE ALTO;0;
7515;VIA ALLE VOLPARE;0;
4094;GIARDINO ETTORE SOTTSASS;0;
4093;GIARDINO CARLO FIRMIAN;0;
2445;LARGO L. PIGARELLI;1;
8412;STRADA DEL DOS DI LAMAR;0;
8412;STRADA DEL DOS DI LAMAR;0;
5040;VIA BASSA;0;
5125;VIA DELLE CROSARE;0;
430;VIA BRESCIA;1;
2850;LUNGADIGE SAN NICOLO';0;SS 12 svincoli
1345;VIA A. MAESTRI;0;
430;VIA BRESCIA;1;
430;VIA BRESCIA;1;
430;VIA BRESCIA;1;
8006;STRADA DELLE CASERME;0;
8057;STRADA DELLE VIOTE;0;SP 85 del Monte Bondone
1350;VIA G. GIUSTI;1;
1350;VIA G. GIUSTI;1;
8057;STRADA DELLE VIOTE;0;
8057;STRADA DELLE VIOTE;0;
8057;STRADA DELLE VIOTE;0;
1350;VIA G. GIUSTI;1;
1350;VIA G. GIUSTI;1;
1120;VIA FERSINA;1;
1120;VIA FERSINA;1;
4096;PONT DE FER;0;
1345;VIA A. MAESTRI;0;
2260;VIA G. PASCOLI;1;
7815;VIA NAZIONALE;0;
7815;VIA NAZIONALE;0;
5125;VIA DELLE CROSARE;0;
6485;VIA DI MADERNO;0;
6485;VIA DI MADERNO;0;
1120;VIA FERSINA;1;
1120;VIA FERSINA;0;
1120;VIA FERSINA;0;
1120;VIA FERSINA;0;
5341;VIA E. BITTANTI;0;
3842;VIA A. LIBERA;0;
3838;PIAZZA DONNE LAVORATRICI;0;
3838;PIAZZA DONNE LAVORATRICI;0;
3838;PIAZZA DONNE LAVORATRICI;0;
3838;PIAZZA DONNE LAVORATRICI;0;
4095;GIARDINO DELLA CERVARA;0;
570;PIAZZA GEN. A. CANTORE;0;
570;PIAZZA GEN. A. CANTORE;0;
0;;1;Autostrada A22
0;;1;Autostrada A22
3818;VIA DI STELLA DI MAN;0;
3839;CORSO LAVORO E SCIENZA;0;
3220;VIA T. TARAMELLI;0;
3220;VIA T. TARAMELLI;0;
8730;VIA BERLINA;0;
8730;VIA BERLINA;0;
8803;VIA STELLA;0;
1390;VIA A. GRAMSCI;1;
1390;VIA A. GRAMSCI;1;
5781;VIA DELLE PALAZZINE;0;
5781;VIA DELLE PALAZZINE;0;
5670;VIA MONACO;0;
3817;VIA DI MADONNA BIANCA;0;
3818;VIA DI STELLA DI MAN;0;
1125;VIA G. BARTALI;0;
900;VIA A. DEGASPERI;0;
3807;TANGENZIALE OVEST;1;SS 12 svincoli
0;;1;
8136;STRADA PER TEZ;0;
8136;STRADA PER TEZ;0;
8730;VIA BERLINA;0;
8730;VIA BERLINA;0;
9001;ROT.VOLONTARI/E PROT.CIV.;1;
9001;ROT.VOLONTARI/E PROT.CIV.;1;
9001;ROT.VOLONTARI/E PROT.CIV.;1;
9001;ROT.VOLONTARI/E PROT.CIV.;1;
1400;VIA DON GIUSEPPE GRAZIOLI;1;
1400;VIA DON GIUSEPPE GRAZIOLI;1;
1400;VIA DON GIUSEPPE GRAZIOLI;1;
1400;VIA DON GIUSEPPE GRAZIOLI;1;
1400;VIA DON GIUSEPPE GRAZIOLI;0;
1920;VIA DEI MOLINI;1;
1920;VIA DEI MOLINI;1;
1400;VIA DON GIUSEPPE GRAZIOLI;0;
1400;VIA DON GIUSEPPE GRAZIOLI;1;
3824;VIA DI SAN VINCENZO;0;
3824;VIA DI SAN VINCENZO;0;
3824;VIA DI SAN VINCENZO;0;
3824;VIA DI SAN VINCENZO;0;
3824;VIA DI SAN VINCENZO;0;
1080;VIA C. ESTERLE;0;
1080;VIA C. ESTERLE;1;
5490;VIA SAN SEBASTIAN;0;
5490;VIA SAN SEBASTIAN;1;
5490;VIA SAN SEBASTIAN;0;
2960;VIA SANTA MARGHERITA;1;
2960;VIA SANTA MARGHERITA;0;
1220;VIA T. GAR;1;
1220;VIA T. GAR;0;
2960;VIA SANTA MARGHERITA;0;
5340;VIA SOPRASASSO;0;
5340;VIA SOPRASASSO;0;
5340;VIA SOPRASASSO;0;
5340;VIA SOPRASASSO;0;
5340;VIA SOPRASASSO;0;
5340;VIA SOPRASASSO;0;
5340;VIA SOPRASASSO;0;
5340;VIA SOPRASASSO;0;
5340;VIA SOPRASASSO;0;
5340;VIA SOPRASASSO;0;
5340;VIA SOPRASASSO;0;
5340;VIA SOPRASASSO;0;
5340;VIA SOPRASASSO;0;
5340;VIA SOPRASASSO;0;
5340;VIA SOPRASASSO;0;
0;;1;
5330;VIA DELLE SCUOLE;0;
5330;VIA DELLE SCUOLE;0;
5170;VIA GIARETTE;0;
5170;VIA GIARETTE;0;
7860;VIA F. MENESTRINA;0;
7860;VIA F. MENESTRINA;0;
7240;VIA DELLA VILLA;0;
3817;VIA DI MADONNA BIANCA;0;
1125;VIA G. BARTALI;0;
3839;CORSO LAVORO E SCIENZA;0;
1350;VIA G. GIUSTI;1;
3838;PIAZZA DONNE LAVORATRICI;0;
6180;VIA ALLE GEMELLE;0;
6340;VIA SABBIONARE;0;
6340;VIA SABBIONARE;1;
6100;VIA DEI CASTORI;0;
840;VIA DEL COMMERCIO;0;
1570;VIA E. MACCANI;0;
400;VIA DEL BRENNERO;1;
5595;VIA DI MELTA;0;
5460;VIA INNSBRUCK;1;
5460;VIA INNSBRUCK;1;
8485;VIA DELL'ACQUEDOTTO;0;
8491;STRADA ALLE GORGHE;0;
8031;PIAZZALE DELLA PESA;0;
0;;1;
0;;1;
0;;1;
7890;VIA LIDORNO;0;
0;;0;
0;;0;
2900;VIA R. DA SANSEVERINO;1;
2900;VIA R. DA SANSEVERINO;0;
6481;VIA DEI CONSOLATI;0;
600;VIA DEI CAPPUCCINI;0;
2900;VIA R. DA SANSEVERINO;1;
8804;RACCORDO AL CASELLO SUD;1;
5690;VIA VIENNA;0;
5535;VIA LUBIANA;0;
4097;GIARDINO R. CARROZZINI;0;
7500;VIA DELLA SELVA;0;
7500;VIA DELLA SELVA;0;
7500;VIA DELLA SELVA;0;
3818;VIA DI STELLA DI MAN;0;
7262;VIA DEL BOMPORT;0;
4098;GIARDINO CARLO BERTOTTI;0;
1090;VIA E. FERMI;0;
3841;VIALE A. OLIVETTI;0;
3848;VIA DON UMBERTO PESSINA;0;
5310;VIA SAN GIOV. NEPOMUCENO;0;
2460;VIA DELLA PONTARA;1;
480;CORSO M. BUONARROTI;0;
1520;LUNGADIGE G. LEOPARDI;0;
1401;PIAZZALE ALCIDE DEGASPERI;0;
7795;VIA G. CATONI;1;
7795;VIA G. CATONI;1;
900;VIA A. DEGASPERI;0;
3842;VIA A. LIBERA;0;
3841;VIALE A. OLIVETTI;0;
3841;VIALE A. OLIVETTI;0;
7335;VIA BORINO;0;
1220;VIA T. GAR;0;
2960;VIA SANTA MARGHERITA;1;
2960;VIA SANTA MARGHERITA;1;
1520;LUNGADIGE G. LEOPARDI;0;
1400;VIA DON GIUSEPPE GRAZIOLI;1;
3511;PIAZZALE C. RUSCONI;0;
3839;CORSO LAVORO E SCIENZA;0;
3842;VIA A. LIBERA;0;
170;VIA A. APOLLONIO;1;
8027;PIAZZA OVENO;0;
8027;PIAZZA OVENO;0;
8023;VIA DI MURA;0;
7262;VIA DEL BOMPORT;0;
6456;VIA DEL MONT DE SOTO;0;
5102;VIA ALTO ADIGE;1;SS gestita da altri enti
5030;VIA DELL'ASILO;0;
600;VIA DEI CAPPUCCINI;0;
2460;VIA DELLA PONTARA;0;
1090;VIA E. FERMI;0;
6300;VIA ALLA PELEGRINA;0;
6360;VIA SAN VITO;0;
5300;LOCALITA' RONCAFORT;0;
8800;VIA DEL PONTE;0;SP 90 Destra Adige
8617;STRADA ALLA FUNIVIA;0;
700;PIAZZA DI CENTA;0;
700;PIAZZA DI CENTA;0;
3640;VIA DELLA PREDARA;0;
7370;VIA EREMO;0;
7340;LOCALITA' PASSO CIMIRLO;0;
7340;LOCALITA' PASSO CIMIRLO;0;
700;PIAZZA DI CENTA;1;
700;PIAZZA DI CENTA;1;
7755;VIA DEL CASTEL;0;
7755;VIA DEL CASTEL;0;
480;CORSO M. BUONARROTI;0;
5341;VIA E. BITTANTI;0;
5535;VIA LUBIANA;0;
5535;VIA LUBIANA;0;
5535;VIA LUBIANA;0;
3503;VIA MESIANO;0;
3503;VIA MESIANO;0;
400;VIA DEL BRENNERO;0;
3827;VIA DEI MARINAI D'ITALIA;0;
3360;VIALE TRIESTE;0;
3360;VIALE TRIESTE;0;
840;VIA DEL COMMERCIO;0;
840;VIA DEL COMMERCIO;1;
840;VIA DEL COMMERCIO;1;
5093;VIA DON RENZO CASSONI;0;
5090;VIA DELLA CANOVA;0;
5090;VIA DELLA CANOVA;0;
5090;VIA DELLA CANOVA;0;
5090;VIA DELLA CANOVA;0;
5090;VIA DELLA CANOVA;0;
5090;VIA DELLA CANOVA;0;
5090;VIA DELLA CANOVA;0;
5090;VIA DELLA CANOVA;0;
5170;VIA GIARETTE;0;
4099;GIARDINO DONNE RESISTENZA;0;
7480;VIA PINARA;0;
7480;VIA PINARA;0;
7704;STRADA AI PALAZZI;0;
3250;VIALE DEI TIGLI;0;
5010;VIA AEROPORTO;0;
3836;VIA ZITA LORENZI;0;
4100;GIARDINO DEGLI ALPINI;0;
